id,pd,score
U0372,0.5063340312677251,382
U0073,0.5669307853600033,364
U0253,0.5427333082355783,371
U0350,0.5302435903908409,375
U0065,0.5421538231644624,371
