id,pd,score
U0372,0.05802047781569965,584
U0073,0.05802047781569965,584
U0253,0.11538461538461536,530
U0350,0.05802047781569965,584
U0065,1.0,-612
