{
  "train": {
    "auc": 0.7275480842041495,
    "brier": 0.5220232044336122,
    "logloss": 2.1313405765411133,
    "f1@0.5": 0.4233983286908078,
    "ks": 0.36680296834772075
  },
  "val": {
    "auc": 0.8066666666666666,
    "brier": 0.41604373785923293,
    "logloss": 1.356109867834442,
    "f1@0.5": 0.5714285714285714,
    "ks": 0.5333333333333334
  },
  "test": {
    "auc": 0.6366666666666667,
    "brier": 0.5442265463855613,
    "logloss": 2.278197321972371,
    "f1@0.5": 0.39473684210526316,
    "ks": 0.25
  },
  "n_train": 350,
  "n_val": 75,
  "n_test": 75,
  "default_rate_train": 0.7971428571428572,
  "default_rate_val": 0.8,
  "default_rate_test": 0.8,
  "best_iteration": 13,
  "timestamp": "2025-09-04T14:56:20.666329Z",
  "feature_count": 62,
  "target": "default_90d",
  "id_col": "user_id",
  "dropped_illegal": [
    "user_id",
    "pd_true",
    "default_90d"
  ],
  "target_base_pd": 0.08,
  "val_prevalence_raw": 0.8,
  "calibration_weights": {
    "w_pos": 1.0,
    "w_neg": 46.00000000000001
  },
  "note_calibration": "isotonic with sample_weight to match target_base_pd on validation"
}