{
  "train": {
    "auc": 0.9318239184209198,
    "brier": 0.22291925370268822,
    "logloss": 0.6387655624234494,
    "f1@0.5": 0.8792079207920792,
    "ks": 0.7511232268160937,
    "cm@0.5": [
      [
        67,
        4
      ],
      [
        57,
        222
      ]
    ]
  },
  "val": {
    "auc": 0.7922222222222222,
    "brier": 0.2267339621438328,
    "logloss": 0.6463955681185222,
    "f1@0.5": 0.8571428571428571,
    "ks": 0.5499999999999999,
    "cm@0.5": [
      [
        11,
        4
      ],
      [
        12,
        48
      ]
    ]
  },
  "test": {
    "auc": 0.5983333333333333,
    "brier": 0.23524331115456154,
    "logloss": 0.6635137698717761,
    "f1@0.5": 0.7678571428571429,
    "ks": 0.2666666666666667,
    "cm@0.5": [
      [
        6,
        9
      ],
      [
        17,
        43
      ]
    ]
  },
  "n_train": 350,
  "n_val": 75,
  "n_test": 75,
  "default_rate_train": 0.7971428571428572,
  "default_rate_val": 0.8,
  "default_rate_test": 0.8,
  "best_iteration": 7,
  "timestamp": "2025-08-29T19:12:02.974073Z",
  "feature_count": 63,
  "target": "default_90d",
  "id_col": "user_id"
}