user_id,default_90d,pd_true,age,monthly_income_vnd,emp_contract,emp_formal,emp_gig,emp_self,emp_student,region_CT,region_DN,region_HCM,region_HN,region_HP,region_NT,gender_F,gender_M,sms_count,sms_in_ratio,sms_fin_ratio,sms_kw_ratio,contacts_count,contacts_risky_ratio,rel_coworker_ratio,rel_family_ratio,rel_friend_ratio,rel_service_ratio,rel_unknown_ratio,social_rows,social_active_days,social_posts_sum,social_likes_sum,social_friends_avg,social_violations_avg,social_engagement,ecom_orders,ecom_spend_sum,ecom_basket_avg,ecom_cod_ratio,ecom_return_ratio,ecom_cat_beauty_ratio,ecom_cat_electronics_ratio,ecom_cat_fashion_ratio,ecom_cat_gaming_ratio,ecom_cat_grocery_ratio,ecom_cat_home_ratio,ecom_cat_others_ratio,web_visits,web_banking_ratio,web_education_ratio,web_entertainment_ratio,web_gambling_ratio,web_news_ratio,web_shopping_ratio,web_short_loan_ratio,web_social_ratio,email_count,email_overdue_ratio,email_type_job_ratio,email_type_promo_ratio,email_type_statement_ratio,email_type_transaction_ratio,email_type_unknown_ratio,email_type_utility_ratio
U0001,1,0.8585824494092369,58,5945186,0,0,0,1,0,0,1,0,0,0,0,1,0,2970,0.6,0.2892255892255892,0.06868686868686869,217,0.07834101382488479,0.28110599078341014,0.1382488479262673,0.4147465437788018,0.10138248847926268,0.06451612903225806,15,14,8,345,358.0,2.0,38.333333333333336,13,12330655,948511.9230769231,0.6153846153846154,0.46153846153846156,0.07692307692307693,0.3076923076923077,0.0,0.23076923076923078,0.07692307692307693,0.15384615384615385,0.15384615384615385,197,0.05583756345177665,0.07106598984771574,0.2233502538071066,0.06091370558375635,0.116751269035533,0.2233502538071066,0.09644670050761421,0.15228426395939088,97,0.09278350515463918,0.05154639175257732,0.3402061855670103,0.18556701030927836,0.29896907216494845,0.020618556701030927,0.10309278350515463
U0002,1,0.7050159135400828,22,18088887,0,1,0,0,0,1,0,0,0,0,0,1,0,2520,0.6003968253968254,0.19325396825396826,0.02738095238095238,216,0.05092592592592592,0.25462962962962965,0.12037037037037036,0.47685185185185186,0.10648148148148148,0.041666666666666664,16,15,12,526,239.0,0.0,40.46153846153846,16,6751405,421962.8125,0.625,0.125,0.1875,0.0625,0.25,0.125,0.25,0.0625,0.0625,40,0.175,0.075,0.175,0.025,0.2,0.1,0.075,0.175,86,0.03488372093023256,0.10465116279069768,0.37209302325581395,0.12790697674418605,0.2558139534883721,0.011627906976744186,0.12790697674418605
U0003,0,0.8281106980627614,22,10285377,0,0,1,0,0,0,0,0,0,1,0,0,1,1980,0.5969696969696969,0.2883838383838384,0.06363636363636363,73,0.0684931506849315,0.3424657534246575,0.0684931506849315,0.4383561643835616,0.0958904109589041,0.0547945205479452,15,14,11,338,411.0,0.0,28.166666666666668,16,14410315,900644.6875,0.625,0.25,0.125,0.1875,0.1875,0.1875,0.0625,0.1875,0.0625,58,0.10344827586206896,0.034482758620689655,0.13793103448275862,0.08620689655172414,0.05172413793103448,0.25862068965517243,0.13793103448275862,0.1896551724137931,77,0.1038961038961039,0.06493506493506493,0.38961038961038963,0.23376623376623376,0.2727272727272727,0.0,0.03896103896103896
U0004,1,0.922004254234586,47,9311649,0,0,1,0,0,1,0,0,0,0,0,0,1,2430,0.6024691358024692,0.3234567901234568,0.09670781893004116,151,0.08609271523178808,0.31125827814569534,0.1390728476821192,0.4105960264900662,0.09271523178807947,0.046357615894039736,18,17,11,398,388.0,1.0,33.166666666666664,12,11378844,948237.0,0.75,0.5,0.16666666666666666,0.25,0.3333333333333333,0.0,0.0,0.16666666666666666,0.08333333333333333,219,0.0639269406392694,0.0547945205479452,0.1598173515981735,0.0776255707762557,0.1643835616438356,0.2054794520547945,0.0958904109589041,0.1780821917808219,56,0.08928571428571429,0.0,0.44642857142857145,0.23214285714285715,0.19642857142857142,0.017857142857142856,0.10714285714285714
U0005,0,0.6778265297671294,23,18874553,0,1,0,0,0,0,0,0,1,0,0,1,0,2250,0.5937777777777777,0.19555555555555557,0.02711111111111111,254,0.051181102362204724,0.2952755905511811,0.1220472440944882,0.4330708661417323,0.08661417322834646,0.06299212598425197,21,19,14,494,261.0,0.0,32.93333333333333,17,11209239,659367.0,0.4117647058823529,0.29411764705882354,0.11764705882352941,0.058823529411764705,0.058823529411764705,0.11764705882352941,0.23529411764705882,0.17647058823529413,0.23529411764705882,228,0.06578947368421052,0.11403508771929824,0.17543859649122806,0.06578947368421052,0.11403508771929824,0.2543859649122807,0.043859649122807015,0.16666666666666666,68,0.04411764705882353,0.07352941176470588,0.36764705882352944,0.17647058823529413,0.3088235294117647,0.0,0.07352941176470588
U0006,0,0.7257975751757836,48,20328491,0,1,0,0,0,0,0,1,0,0,0,0,1,2880,0.5993055555555555,0.17256944444444444,0.022222222222222223,219,0.0502283105022831,0.2694063926940639,0.1232876712328767,0.4611872146118721,0.1050228310502283,0.0410958904109589,18,16,11,457,250.0,0.0,38.083333333333336,15,8136970,542464.6666666666,0.4,0.06666666666666667,0.13333333333333333,0.06666666666666667,0.13333333333333333,0.13333333333333333,0.13333333333333333,0.13333333333333333,0.26666666666666666,443,0.0835214446952596,0.09706546275395034,0.18284424379232506,0.040632054176072234,0.14221218961625282,0.2234762979683973,0.04740406320541761,0.18284424379232506,78,0.1282051282051282,0.11538461538461539,0.3076923076923077,0.1794871794871795,0.23076923076923078,0.02564102564102564,0.14102564102564102
U0007,1,0.820201602364589,28,12358467,1,0,0,0,0,0,0,1,0,0,0,1,0,2430,0.6008230452674898,0.27283950617283953,0.05843621399176955,271,0.07011070110701106,0.24354243542435425,0.15498154981549817,0.43911439114391143,0.08487084870848709,0.07749077490774908,17,16,13,346,330.0,3.0,24.714285714285715,18,16789112,932728.4444444445,0.4444444444444444,0.16666666666666666,0.16666666666666666,0.16666666666666666,0.1111111111111111,0.1111111111111111,0.1111111111111111,0.2222222222222222,0.1111111111111111,85,0.08235294117647059,0.08235294117647059,0.12941176470588237,0.058823529411764705,0.15294117647058825,0.21176470588235294,0.12941176470588237,0.15294117647058825,100,0.09,0.07,0.45,0.23,0.15,0.01,0.09
U0008,1,0.8451055272406098,56,8155373,0,0,1,0,0,0,0,1,0,0,0,0,1,2880,0.5954861111111112,0.29791666666666666,0.07395833333333333,276,0.08333333333333333,0.2644927536231884,0.11231884057971014,0.4601449275362319,0.11231884057971014,0.050724637681159424,13,12,12,271,415.0,2.0,20.846153846153847,18,13711132,761729.5555555555,0.5555555555555556,0.16666666666666666,0.16666666666666666,0.16666666666666666,0.0,0.16666666666666666,0.2222222222222222,0.16666666666666666,0.1111111111111111,171,0.06432748538011696,0.07017543859649122,0.1695906432748538,0.1111111111111111,0.08771929824561403,0.18128654970760233,0.14035087719298245,0.17543859649122806,79,0.05063291139240506,0.13924050632911392,0.3670886075949367,0.13924050632911392,0.17721518987341772,0.05063291139240506,0.12658227848101267
U0009,1,0.8001704727365695,51,19524907,0,0,0,1,0,0,0,0,0,1,0,1,0,2790,0.5931899641577061,0.22974910394265233,0.03906810035842294,257,0.0622568093385214,0.2529182879377432,0.11673151750972763,0.45525291828793774,0.12062256809338522,0.054474708171206226,18,17,18,470,381.0,0.0,24.736842105263158,30,23373041,779101.3666666667,0.5333333333333333,0.23333333333333334,0.2,0.13333333333333333,0.06666666666666667,0.13333333333333333,0.16666666666666666,0.1,0.2,208,0.052884615384615384,0.0673076923076923,0.15384615384615385,0.07211538461538461,0.09615384615384616,0.30288461538461536,0.052884615384615384,0.20192307692307693,78,0.07692307692307693,0.07692307692307693,0.38461538461538464,0.20512820512820512,0.2692307692307692,0.0,0.0641025641025641
U0010,1,0.8382279453064738,25,5280444,0,0,0,0,1,1,0,0,0,0,0,1,0,2700,0.5948148148148148,0.31666666666666665,0.08074074074074074,229,0.08296943231441048,0.2576419213973799,0.13973799126637554,0.4410480349344978,0.10480349344978165,0.056768558951965066,15,13,11,291,532.0,4.0,24.25,9,4131195,459021.6666666667,0.4444444444444444,0.0,0.1111111111111111,0.1111111111111111,0.1111111111111111,0.2222222222222222,0.3333333333333333,0.0,0.1111111111111111,352,0.07386363636363637,0.07670454545454546,0.14772727272727273,0.09943181818181818,0.11647727272727272,0.21022727272727273,0.08522727272727272,0.1903409090909091,67,0.1791044776119403,0.1044776119402985,0.29850746268656714,0.19402985074626866,0.2835820895522388,0.014925373134328358,0.1044776119402985
U0011,0,0.8218666449769462,46,7379296,0,1,0,0,0,0,0,0,0,1,0,1,0,1980,0.6090909090909091,0.2636363636363636,0.06262626262626263,165,0.08484848484848485,0.2545454545454545,0.1393939393939394,0.46060606060606063,0.10909090909090909,0.03636363636363636,15,15,15,314,353.0,1.0,19.625,16,12219905,763744.0625,0.5625,0.1875,0.1875,0.125,0.0,0.25,0.125,0.1875,0.125,257,0.08171206225680934,0.0933852140077821,0.1867704280155642,0.06614785992217899,0.1245136186770428,0.20622568093385213,0.08171206225680934,0.15953307392996108,84,0.10714285714285714,0.10714285714285714,0.3333333333333333,0.21428571428571427,0.21428571428571427,0.011904761904761904,0.11904761904761904
U0012,0,0.865983393818009,31,10307043,0,0,1,0,0,0,1,0,0,0,0,1,0,1350,0.6029629629629629,0.27111111111111114,0.06518518518518518,237,0.06751054852320675,0.29535864978902954,0.10548523206751055,0.45147679324894513,0.10548523206751055,0.04219409282700422,15,15,17,347,458.0,1.0,19.27777777777778,9,7716472,857385.7777777778,0.5555555555555556,0.2222222222222222,0.1111111111111111,0.2222222222222222,0.1111111111111111,0.0,0.1111111111111111,0.4444444444444444,0.0,197,0.07106598984771574,0.09137055837563451,0.16751269035532995,0.09644670050761421,0.13705583756345177,0.22842639593908629,0.07614213197969544,0.1319796954314721,104,0.08653846153846154,0.07692307692307693,0.3173076923076923,0.22115384615384615,0.2403846153846154,0.009615384615384616,0.1346153846153846
U0013,1,0.8812511519168188,20,12301891,0,0,1,0,0,0,0,0,0,1,0,0,1,3330,0.5975975975975976,0.2972972972972973,0.06696696696696697,259,0.09266409266409266,0.3281853281853282,0.15057915057915058,0.37065637065637064,0.09652509652509653,0.05405405405405406,19,16,11,356,351.0,1.0,29.666666666666668,22,14392559,654207.2272727273,0.8181818181818182,0.13636363636363635,0.18181818181818182,0.09090909090909091,0.09090909090909091,0.2727272727272727,0.13636363636363635,0.0,0.22727272727272727,387,0.08527131782945736,0.11627906976744186,0.14728682170542637,0.07235142118863049,0.13953488372093023,0.165374677002584,0.11886304909560723,0.15503875968992248,99,0.09090909090909091,0.06060606060606061,0.32323232323232326,0.24242424242424243,0.24242424242424243,0.030303030303030304,0.10101010101010101
U0014,1,0.6667190994096294,24,24533025,0,0,0,1,0,0,0,0,0,0,1,1,0,1620,0.5987654320987654,0.20185185185185187,0.03641975308641975,262,0.04961832061068702,0.29770992366412213,0.09923664122137404,0.4312977099236641,0.11068702290076336,0.061068702290076333,18,15,12,299,502.0,2.0,23.0,13,10639906,818454.3076923077,0.46153846153846156,0.23076923076923078,0.07692307692307693,0.23076923076923078,0.23076923076923078,0.07692307692307693,0.38461538461538464,0.0,0.0,321,0.09345794392523364,0.09657320872274143,0.1588785046728972,0.0529595015576324,0.13707165109034267,0.2336448598130841,0.07165109034267912,0.1557632398753894,65,0.046153846153846156,0.03076923076923077,0.46153846153846156,0.09230769230769231,0.23076923076923078,0.03076923076923077,0.15384615384615385
U0015,0,0.596001565458454,39,14322303,0,1,0,0,0,0,0,1,0,0,0,1,0,1800,0.5722222222222222,0.19055555555555556,0.03611111111111111,265,0.06792452830188679,0.29056603773584905,0.11320754716981132,0.47924528301886793,0.06037735849056604,0.05660377358490566,16,15,9,397,428.0,2.0,39.7,23,17171121,746570.4782608695,0.43478260869565216,0.13043478260869565,0.2608695652173913,0.08695652173913043,0.17391304347826086,0.13043478260869565,0.08695652173913043,0.21739130434782608,0.043478260869565216,259,0.10810810810810811,0.0888030888030888,0.138996138996139,0.05019305019305019,0.12355212355212356,0.2471042471042471,0.05791505791505792,0.18532818532818532,95,0.12631578947368421,0.031578947368421054,0.3157894736842105,0.2631578947368421,0.25263157894736843,0.031578947368421054,0.10526315789473684
U0016,1,0.7803480859919494,21,22001942,0,1,0,0,0,1,0,0,0,0,0,0,1,2160,0.5912037037037037,0.18333333333333332,0.027777777777777776,264,0.041666666666666664,0.25,0.0946969696969697,0.5,0.08333333333333333,0.07196969696969698,21,19,16,567,257.0,1.0,33.35294117647059,20,19268902,963445.1,0.4,0.3,0.2,0.1,0.1,0.3,0.0,0.2,0.1,103,0.13592233009708737,0.07766990291262135,0.11650485436893204,0.04854368932038835,0.13592233009708737,0.24271844660194175,0.038834951456310676,0.20388349514563106,99,0.04040404040404041,0.10101010101010101,0.3939393939393939,0.21212121212121213,0.16161616161616163,0.020202020202020204,0.1111111111111111
U0017,0,0.6041120467384903,30,21415991,0,1,0,0,0,0,0,0,0,0,1,0,1,1620,0.608641975308642,0.14444444444444443,0.014814814814814815,238,0.029411764705882353,0.3277310924369748,0.06722689075630252,0.4789915966386555,0.07142857142857142,0.0546218487394958,17,16,14,474,580.0,1.0,31.6,18,14462132,803451.7777777778,0.2777777777777778,0.16666666666666666,0.2777777777777778,0.1111111111111111,0.1111111111111111,0.1111111111111111,0.16666666666666666,0.16666666666666666,0.05555555555555555,120,0.06666666666666667,0.08333333333333333,0.20833333333333334,0.0,0.08333333333333333,0.35,0.03333333333333333,0.175,86,0.05813953488372093,0.06976744186046512,0.38372093023255816,0.29069767441860467,0.12790697674418605,0.03488372093023256,0.09302325581395349
U0018,0,0.6743906786160742,55,22634382,0,1,0,0,0,0,0,0,0,0,1,0,1,2070,0.6019323671497585,0.2570048309178744,0.04106280193236715,186,0.053763440860215055,0.25806451612903225,0.1774193548387097,0.4032258064516129,0.10752688172043011,0.053763440860215055,17,16,13,339,385.0,2.0,24.214285714285715,23,9876711,429422.2173913043,0.4782608695652174,0.043478260869565216,0.2608695652173913,0.043478260869565216,0.13043478260869565,0.13043478260869565,0.17391304347826086,0.08695652173913043,0.17391304347826086,381,0.05774278215223097,0.09973753280839895,0.13910761154855644,0.06299212598425197,0.12598425196850394,0.26246719160104987,0.09186351706036745,0.16010498687664043,96,0.052083333333333336,0.09375,0.3125,0.19791666666666666,0.20833333333333334,0.041666666666666664,0.14583333333333334
U0019,0,0.8154730199596306,41,17691593,0,1,0,0,0,0,0,0,0,0,1,0,1,2340,0.5991452991452991,0.27136752136752135,0.06538461538461539,226,0.07079646017699115,0.26548672566371684,0.168141592920354,0.42920353982300885,0.09292035398230089,0.04424778761061947,16,16,15,295,310.0,3.0,18.4375,19,15532553,817502.7894736842,0.5789473684210527,0.10526315789473684,0.10526315789473684,0.15789473684210525,0.21052631578947367,0.10526315789473684,0.15789473684210525,0.15789473684210525,0.10526315789473684,297,0.05723905723905724,0.1111111111111111,0.16161616161616163,0.07407407407407407,0.11784511784511785,0.22895622895622897,0.08080808080808081,0.16835016835016836,78,0.0641025641025641,0.11538461538461539,0.4358974358974359,0.14102564102564102,0.24358974358974358,0.01282051282051282,0.05128205128205128
U0020,1,0.954946974762442,24,4650247,0,0,1,0,0,0,1,0,0,0,0,1,0,1980,0.597979797979798,0.32676767676767676,0.08484848484848485,174,0.08620689655172414,0.23563218390804597,0.1206896551724138,0.5114942528735632,0.07471264367816093,0.05747126436781609,15,13,15,237,193.0,1.0,14.8125,12,9587566,798963.8333333334,0.6666666666666666,0.4166666666666667,0.08333333333333333,0.25,0.08333333333333333,0.08333333333333333,0.25,0.25,0.0,237,0.0759493670886076,0.04219409282700422,0.1729957805907173,0.10970464135021098,0.0970464135021097,0.20253164556962025,0.13924050632911392,0.16033755274261605,102,0.06862745098039216,0.058823529411764705,0.39215686274509803,0.20588235294117646,0.24509803921568626,0.029411764705882353,0.06862745098039216
U0021,1,0.8201771929250684,48,11612411,1,0,0,0,0,0,1,0,0,0,0,0,1,3150,0.5784126984126984,0.23492063492063492,0.040634920634920635,226,0.048672566371681415,0.22566371681415928,0.12389380530973451,0.504424778761062,0.10176991150442478,0.04424778761061947,17,14,11,369,665.0,0.0,30.75,11,4748563,431687.54545454547,0.36363636363636365,0.09090909090909091,0.0,0.09090909090909091,0.18181818181818182,0.18181818181818182,0.2727272727272727,0.09090909090909091,0.18181818181818182,277,0.06498194945848375,0.10830324909747292,0.16967509025270758,0.05054151624548736,0.12274368231046931,0.26353790613718414,0.061371841155234655,0.1588447653429603,78,0.08974358974358974,0.10256410256410256,0.2564102564102564,0.24358974358974358,0.23076923076923078,0.038461538461538464,0.1282051282051282
U0022,1,0.9095774340268138,43,6923500,0,0,1,0,0,0,0,0,0,0,1,1,0,1080,0.6138888888888889,0.3472222222222222,0.11944444444444445,192,0.07291666666666667,0.23958333333333334,0.140625,0.4479166666666667,0.125,0.046875,21,20,16,401,423.0,1.0,23.58823529411765,18,6764164,375786.8888888889,0.6111111111111112,0.1111111111111111,0.16666666666666666,0.0,0.2222222222222222,0.0,0.3333333333333333,0.05555555555555555,0.2222222222222222,228,0.06140350877192982,0.07894736842105263,0.16666666666666666,0.07894736842105263,0.13157894736842105,0.21052631578947367,0.10087719298245613,0.17105263157894737,86,0.11627906976744186,0.09302325581395349,0.37209302325581395,0.20930232558139536,0.2441860465116279,0.0,0.08139534883720931
U0023,0,0.8205574587037862,45,13266938,0,1,0,0,0,0,0,0,0,1,0,0,1,3960,0.6060606060606061,0.23333333333333334,0.04393939393939394,270,0.05925925925925926,0.2740740740740741,0.1111111111111111,0.4703703703703704,0.09259259259259259,0.05185185185185185,19,17,20,516,417.0,0.0,24.571428571428573,19,10379234,546275.4736842106,0.5789473684210527,0.15789473684210525,0.15789473684210525,0.05263157894736842,0.15789473684210525,0.15789473684210525,0.21052631578947367,0.15789473684210525,0.10526315789473684,356,0.08146067415730338,0.10393258426966293,0.13202247191011235,0.05898876404494382,0.13202247191011235,0.21067415730337077,0.0898876404494382,0.19101123595505617,91,0.07692307692307693,0.08791208791208792,0.3076923076923077,0.2087912087912088,0.2967032967032967,0.02197802197802198,0.07692307692307693
U0024,1,0.5198789301222292,25,21865568,0,1,0,0,0,1,0,0,0,0,0,0,1,3870,0.5870801033591732,0.14651162790697675,0.017829457364341085,263,0.049429657794676805,0.2965779467680608,0.1482889733840304,0.41064638783269963,0.10266159695817491,0.04182509505703422,21,20,20,523,365.0,2.0,24.904761904761905,18,15225483,845860.1666666666,0.3333333333333333,0.16666666666666666,0.1111111111111111,0.2222222222222222,0.16666666666666666,0.2222222222222222,0.1111111111111111,0.1111111111111111,0.05555555555555555,326,0.08588957055214724,0.0705521472392638,0.15644171779141106,0.046012269938650305,0.147239263803681,0.254601226993865,0.06134969325153374,0.17791411042944785,68,0.014705882352941176,0.04411764705882353,0.4411764705882353,0.14705882352941177,0.23529411764705882,0.029411764705882353,0.10294117647058823
U0025,1,0.8873135764413209,59,9899430,0,1,0,0,0,0,0,0,1,0,0,1,0,2700,0.5807407407407408,0.2707407407407407,0.07592592592592592,152,0.07236842105263158,0.26973684210526316,0.1118421052631579,0.4868421052631579,0.09210526315789473,0.039473684210526314,19,17,15,402,474.0,2.0,25.125,17,15076397,886846.8823529412,0.6470588235294118,0.23529411764705882,0.058823529411764705,0.17647058823529413,0.11764705882352941,0.23529411764705882,0.11764705882352941,0.11764705882352941,0.17647058823529413,297,0.09090909090909091,0.09764309764309764,0.15824915824915825,0.08080808080808081,0.11784511784511785,0.19865319865319866,0.07407407407407407,0.18181818181818182,79,0.0379746835443038,0.13924050632911392,0.43037974683544306,0.16455696202531644,0.13924050632911392,0.012658227848101266,0.11392405063291139
U0026,1,0.928890755695089,42,10551567,0,0,1,0,0,0,0,0,0,1,0,0,1,2340,0.6064102564102564,0.2918803418803419,0.07051282051282051,211,0.08530805687203792,0.24644549763033174,0.12796208530805686,0.4786729857819905,0.08530805687203792,0.061611374407582936,15,13,11,221,423.0,1.0,18.416666666666668,12,9422894,785241.1666666666,0.75,0.08333333333333333,0.0,0.16666666666666666,0.25,0.08333333333333333,0.16666666666666666,0.16666666666666666,0.16666666666666666,102,0.08823529411764706,0.0784313725490196,0.17647058823529413,0.08823529411764706,0.1568627450980392,0.20588235294117646,0.0392156862745098,0.16666666666666666,63,0.1746031746031746,0.09523809523809523,0.36507936507936506,0.20634920634920634,0.2698412698412698,0.0,0.06349206349206349
U0027,0,0.6674102440082572,48,23067645,0,1,0,0,0,0,0,0,1,0,0,0,1,2790,0.5931899641577061,0.16917562724014337,0.02043010752688172,153,0.06535947712418301,0.3464052287581699,0.10457516339869281,0.43790849673202614,0.0784313725490196,0.032679738562091505,17,17,18,378,433.0,1.0,19.894736842105264,24,29801873,1241744.7083333333,0.3333333333333333,0.16666666666666666,0.16666666666666666,0.25,0.08333333333333333,0.041666666666666664,0.125,0.20833333333333334,0.125,251,0.09163346613545817,0.10358565737051793,0.21115537848605578,0.027888446215139442,0.11952191235059761,0.24302788844621515,0.05179282868525897,0.15139442231075698,95,0.08421052631578947,0.09473684210526316,0.35789473684210527,0.23157894736842105,0.22105263157894736,0.021052631578947368,0.07368421052631578
U0028,0,0.862559800349644,58,16319810,0,1,0,0,0,0,0,0,0,0,1,1,0,1890,0.5957671957671957,0.2312169312169312,0.042328042328042326,181,0.06629834254143646,0.30386740331491713,0.09944751381215469,0.4419889502762431,0.08839779005524862,0.06629834254143646,20,18,17,421,553.0,2.0,23.38888888888889,18,22111461,1228414.5,0.3888888888888889,0.2777777777777778,0.05555555555555555,0.2222222222222222,0.1111111111111111,0.2777777777777778,0.05555555555555555,0.16666666666666666,0.1111111111111111,179,0.1005586592178771,0.08379888268156424,0.1787709497206704,0.0670391061452514,0.1452513966480447,0.16759776536312848,0.08379888268156424,0.17318435754189945,102,0.08823529411764706,0.08823529411764706,0.3431372549019608,0.22549019607843138,0.2549019607843137,0.0196078431372549,0.06862745098039216
U0029,1,0.8544483473246579,35,12924332,0,0,0,1,0,1,0,0,0,0,0,0,1,3420,0.6125730994152047,0.30526315789473685,0.08508771929824561,292,0.07191780821917808,0.2910958904109589,0.11986301369863013,0.4452054794520548,0.0958904109589041,0.04794520547945205,15,14,20,294,354.0,1.0,14.0,15,9206842,613789.4666666667,0.6666666666666666,0.3333333333333333,0.13333333333333333,0.06666666666666667,0.13333333333333333,0.2,0.13333333333333333,0.26666666666666666,0.06666666666666667,231,0.06493506493506493,0.06926406926406926,0.17316017316017315,0.10822510822510822,0.12987012987012986,0.22943722943722944,0.06926406926406926,0.15584415584415584,76,0.02631578947368421,0.10526315789473684,0.40789473684210525,0.19736842105263158,0.15789473684210525,0.039473684210526314,0.09210526315789473
U0030,1,0.9575152906517356,31,4000000,0,0,0,0,1,0,0,0,1,0,0,0,1,2430,0.6065843621399177,0.32181069958847736,0.08888888888888889,281,0.0711743772241993,0.2669039145907473,0.09252669039145907,0.498220640569395,0.10320284697508897,0.03914590747330961,15,14,10,210,399.0,2.0,19.09090909090909,13,4826734,371287.23076923075,0.5384615384615384,0.15384615384615385,0.23076923076923078,0.0,0.15384615384615385,0.15384615384615385,0.0,0.23076923076923078,0.23076923076923078,138,0.06521739130434782,0.06521739130434782,0.10869565217391304,0.057971014492753624,0.11594202898550725,0.2608695652173913,0.13043478260869565,0.1956521739130435,83,0.1566265060240964,0.0963855421686747,0.42168674698795183,0.1686746987951807,0.20481927710843373,0.024096385542168676,0.08433734939759036
U0031,1,0.8769080429763112,48,11071046,0,0,1,0,0,0,0,0,0,0,1,1,0,2970,0.5973063973063973,0.2882154882154882,0.06936026936026936,263,0.07224334600760456,0.26996197718631176,0.13688212927756654,0.42585551330798477,0.08365019011406843,0.08365019011406843,21,19,17,430,324.0,1.0,23.88888888888889,22,16093752,731534.1818181818,0.6818181818181818,0.22727272727272727,0.09090909090909091,0.13636363636363635,0.09090909090909091,0.2727272727272727,0.13636363636363635,0.09090909090909091,0.18181818181818182,430,0.06511627906976744,0.06976744186046512,0.1325581395348837,0.09069767441860466,0.14883720930232558,0.2255813953488372,0.08139534883720931,0.18604651162790697,67,0.1044776119402985,0.07462686567164178,0.31343283582089554,0.3283582089552239,0.1791044776119403,0.014925373134328358,0.08955223880597014
U0032,1,0.6688408527029605,40,24713222,0,1,0,0,0,0,0,0,1,0,0,0,1,3510,0.6,0.15042735042735042,0.015384615384615385,154,0.045454545454545456,0.35714285714285715,0.12337662337662338,0.3961038961038961,0.09740259740259741,0.025974025974025976,22,18,20,577,508.0,1.0,27.476190476190474,10,6738759,673875.9,0.5,0.1,0.0,0.1,0.1,0.0,0.4,0.2,0.2,257,0.10505836575875487,0.0933852140077821,0.17509727626459143,0.04669260700389105,0.1517509727626459,0.22178988326848248,0.042801556420233464,0.16342412451361868,97,0.041237113402061855,0.07216494845360824,0.3711340206185567,0.14432989690721648,0.21649484536082475,0.041237113402061855,0.15463917525773196
U0033,1,0.9321613521358488,32,5846936,0,0,0,0,1,0,0,1,0,0,0,0,1,3240,0.6030864197530864,0.2975308641975309,0.08024691358024691,395,0.06582278481012659,0.31645569620253167,0.13924050632911392,0.3848101265822785,0.10379746835443038,0.05569620253164557,14,14,12,316,394.0,1.0,24.307692307692307,3,1478011,492670.3333333333,0.6666666666666666,0.0,0.3333333333333333,0.0,0.0,0.0,0.3333333333333333,0.3333333333333333,0.0,347,0.05763688760806916,0.069164265129683,0.1729106628242075,0.10662824207492795,0.11815561959654179,0.2017291066282421,0.12968299711815562,0.1440922190201729,61,0.14754098360655737,0.04918032786885246,0.3442622950819672,0.19672131147540983,0.29508196721311475,0.0,0.11475409836065574
U0034,0,0.549566119382621,38,25649271,0,1,0,0,0,1,0,0,0,0,0,1,0,2340,0.5893162393162393,0.12692307692307692,0.011538461538461539,186,0.03763440860215054,0.27419354838709675,0.10752688172043011,0.41935483870967744,0.13440860215053763,0.06451612903225806,21,20,15,524,174.0,0.0,32.75,12,9505669,792139.0833333334,0.25,0.0,0.0,0.25,0.4166666666666667,0.08333333333333333,0.08333333333333333,0.16666666666666666,0.0,74,0.05405405405405406,0.14864864864864866,0.14864864864864866,0.013513513513513514,0.17567567567567569,0.20270270270270271,0.05405405405405406,0.20270270270270271,59,0.05084745762711865,0.05084745762711865,0.4576271186440678,0.2033898305084746,0.1864406779661017,0.03389830508474576,0.06779661016949153
U0035,1,0.8162638749298384,42,6992128,0,0,0,0,1,0,0,0,0,1,0,1,0,3780,0.6007936507936508,0.31084656084656087,0.07962962962962963,195,0.08205128205128205,0.28205128205128205,0.11282051282051282,0.4512820512820513,0.09743589743589744,0.05641025641025641,15,11,20,265,469.0,2.0,12.619047619047619,18,12259639,681091.0555555555,0.5555555555555556,0.16666666666666666,0.2777777777777778,0.16666666666666666,0.1111111111111111,0.1111111111111111,0.05555555555555555,0.1111111111111111,0.16666666666666666,449,0.062360801781737196,0.08908685968819599,0.14253897550111358,0.08240534521158129,0.1091314031180401,0.20935412026726058,0.1358574610244989,0.16926503340757237,56,0.10714285714285714,0.07142857142857142,0.375,0.17857142857142858,0.23214285714285715,0.017857142857142856,0.125
U0036,1,0.8562364449961442,59,16115847,0,1,0,0,0,0,1,0,0,0,0,1,0,2970,0.5781144781144781,0.21481481481481482,0.03973063973063973,157,0.06369426751592357,0.3248407643312102,0.1337579617834395,0.3885350318471338,0.08917197452229299,0.06369426751592357,20,18,12,437,496.0,1.0,33.61538461538461,12,5200974,433414.5,0.6666666666666666,0.25,0.25,0.0,0.08333333333333333,0.25,0.08333333333333333,0.08333333333333333,0.25,124,0.06451612903225806,0.07258064516129033,0.20161290322580644,0.10483870967741936,0.1532258064516129,0.18548387096774194,0.06451612903225806,0.1532258064516129,34,0.08823529411764706,0.029411764705882353,0.2647058823529412,0.3235294117647059,0.23529411764705882,0.0,0.14705882352941177
U0037,0,0.7688920739247386,58,17923935,0,1,0,0,0,0,1,0,0,0,0,0,1,2160,0.6018518518518519,0.18611111111111112,0.020370370370370372,209,0.06220095693779904,0.2822966507177033,0.11483253588516747,0.44019138755980863,0.10526315789473684,0.05741626794258373,21,18,20,579,382.0,1.0,27.571428571428573,25,18993347,759733.88,0.52,0.12,0.24,0.16,0.12,0.28,0.08,0.04,0.08,260,0.07307692307692308,0.11923076923076924,0.11538461538461539,0.038461538461538464,0.1576923076923077,0.19615384615384615,0.09230769230769231,0.2076923076923077,73,0.0547945205479452,0.0958904109589041,0.3561643835616438,0.2054794520547945,0.2602739726027397,0.0,0.0821917808219178
U0038,0,0.6039557642490582,32,16488380,0,0,0,1,0,1,0,0,0,0,0,1,0,2250,0.5955555555555555,0.1902222222222222,0.027555555555555555,249,0.04417670682730924,0.30120481927710846,0.12048192771084337,0.43373493975903615,0.10843373493975904,0.03614457831325301,19,18,14,405,380.0,0.0,27.0,20,18042359,902117.95,0.4,0.1,0.1,0.15,0.1,0.1,0.1,0.15,0.3,303,0.09900990099009901,0.066006600660066,0.1716171617161716,0.039603960396039604,0.14521452145214522,0.264026402640264,0.052805280528052806,0.1617161716171617,47,0.0851063829787234,0.06382978723404255,0.40425531914893614,0.2127659574468085,0.19148936170212766,0.02127659574468085,0.10638297872340426
U0039,1,0.7231724797493975,33,20103320,1,0,0,0,0,0,0,0,0,1,0,0,1,2430,0.6123456790123457,0.19300411522633745,0.030864197530864196,362,0.06353591160220995,0.2430939226519337,0.09668508287292818,0.4861878453038674,0.1270718232044199,0.04696132596685083,18,15,13,358,432.0,0.0,25.571428571428573,19,13341682,702193.7894736842,0.5263157894736842,0.05263157894736842,0.10526315789473684,0.21052631578947367,0.3157894736842105,0.10526315789473684,0.0,0.10526315789473684,0.15789473684210525,274,0.06934306569343066,0.09854014598540146,0.16423357664233576,0.051094890510948905,0.13503649635036497,0.21897810218978103,0.051094890510948905,0.2116788321167883,95,0.05263157894736842,0.08421052631578947,0.3263157894736842,0.16842105263157894,0.23157894736842105,0.031578947368421054,0.15789473684210525
U0040,1,0.6772656281710212,45,14807059,0,1,0,0,0,0,0,0,1,0,0,1,0,3240,0.6,0.18734567901234567,0.027777777777777776,195,0.05128205128205128,0.26666666666666666,0.11794871794871795,0.47692307692307695,0.08205128205128205,0.05641025641025641,21,19,19,500,384.0,0.0,25.0,12,6401463,533455.25,0.5,0.16666666666666666,0.3333333333333333,0.08333333333333333,0.16666666666666666,0.0,0.16666666666666666,0.08333333333333333,0.16666666666666666,216,0.09722222222222222,0.1111111111111111,0.18981481481481483,0.041666666666666664,0.14351851851851852,0.2037037037037037,0.06018518518518518,0.1527777777777778,82,0.08536585365853659,0.04878048780487805,0.2804878048780488,0.23170731707317074,0.32926829268292684,0.024390243902439025,0.08536585365853659
U0041,1,0.8753643557626244,54,15631944,0,0,0,1,0,0,1,0,0,0,0,0,1,2700,0.6066666666666667,0.24037037037037037,0.046296296296296294,232,0.06896551724137931,0.21982758620689655,0.15517241379310345,0.47413793103448276,0.10775862068965517,0.04310344827586207,17,16,15,486,318.0,0.0,30.375,21,20566991,979380.5238095238,0.47619047619047616,0.09523809523809523,0.09523809523809523,0.2857142857142857,0.09523809523809523,0.047619047619047616,0.2857142857142857,0.19047619047619047,0.0,326,0.07975460122699386,0.07975460122699386,0.15337423312883436,0.08895705521472393,0.16257668711656442,0.22392638036809817,0.0705521472392638,0.1411042944785276,111,0.036036036036036036,0.11711711711711711,0.42342342342342343,0.15315315315315314,0.24324324324324326,0.009009009009009009,0.05405405405405406
U0042,1,0.7975885596282374,51,15536857,0,1,0,0,0,0,0,0,0,1,0,0,1,2700,0.5903703703703703,0.19111111111111112,0.027037037037037037,229,0.05240174672489083,0.24017467248908297,0.11353711790393013,0.47161572052401746,0.1222707423580786,0.05240174672489083,20,17,14,561,119.0,1.0,37.4,22,14539599,660890.8636363636,0.4090909090909091,0.13636363636363635,0.045454545454545456,0.09090909090909091,0.09090909090909091,0.18181818181818182,0.09090909090909091,0.2727272727272727,0.22727272727272727,355,0.07042253521126761,0.08450704225352113,0.14929577464788732,0.05352112676056338,0.14929577464788732,0.2507042253521127,0.07887323943661972,0.16338028169014085,87,0.06896551724137931,0.11494252873563218,0.3333333333333333,0.19540229885057472,0.19540229885057472,0.04597701149425287,0.11494252873563218
U0043,0,0.6716955760097719,57,17251426,1,0,0,0,0,0,0,0,0,1,0,0,1,2610,0.60727969348659,0.19846743295019156,0.028735632183908046,265,0.033962264150943396,0.30566037735849055,0.09056603773584905,0.4528301886792453,0.11320754716981132,0.03773584905660377,19,18,13,481,353.0,0.0,34.357142857142854,21,17215233,819773.0,0.5714285714285714,0.047619047619047616,0.14285714285714285,0.14285714285714285,0.14285714285714285,0.14285714285714285,0.0,0.09523809523809523,0.3333333333333333,253,0.07905138339920949,0.12648221343873517,0.17391304347826086,0.04743083003952569,0.12648221343873517,0.22529644268774704,0.08695652173913043,0.13438735177865613,71,0.08450704225352113,0.04225352112676056,0.36619718309859156,0.2535211267605634,0.22535211267605634,0.014084507042253521,0.09859154929577464
U0044,1,0.8477931756909793,23,16574307,0,0,0,1,0,0,0,0,1,0,0,1,0,2790,0.5863799283154122,0.278494623655914,0.06200716845878136,276,0.06884057971014493,0.26811594202898553,0.14492753623188406,0.4492753623188406,0.08333333333333333,0.05434782608695652,16,15,15,329,464.0,0.0,20.5625,19,10465427,550811.947368421,0.6842105263157895,0.05263157894736842,0.10526315789473684,0.15789473684210525,0.2631578947368421,0.05263157894736842,0.21052631578947367,0.10526315789473684,0.10526315789473684,263,0.060836501901140684,0.07984790874524715,0.17110266159695817,0.11406844106463879,0.11787072243346007,0.24334600760456274,0.07984790874524715,0.13307984790874525,101,0.1485148514851485,0.0594059405940594,0.38613861386138615,0.12871287128712872,0.297029702970297,0.009900990099009901,0.1188118811881188
U0045,0,0.8247333752878204,24,21748115,0,0,0,1,0,0,0,1,0,0,0,1,0,1080,0.5990740740740741,0.21388888888888888,0.04722222222222222,316,0.060126582278481014,0.30063291139240506,0.11392405063291139,0.45569620253164556,0.0759493670886076,0.05379746835443038,21,17,20,519,270.0,3.0,24.714285714285715,18,10498908,583272.6666666666,0.3888888888888889,0.1111111111111111,0.2777777777777778,0.2222222222222222,0.2222222222222222,0.05555555555555555,0.05555555555555555,0.1111111111111111,0.05555555555555555,219,0.0730593607305936,0.0730593607305936,0.2054794520547945,0.0502283105022831,0.2009132420091324,0.2100456621004566,0.0639269406392694,0.1232876712328767,111,0.08108108108108109,0.04504504504504504,0.35135135135135137,0.1981981981981982,0.24324324324324326,0.018018018018018018,0.14414414414414414
U0046,1,0.901140131619573,53,9191779,0,0,1,0,0,0,0,0,1,0,0,1,0,1800,0.6044444444444445,0.2911111111111111,0.0661111111111111,275,0.07636363636363637,0.29818181818181816,0.13454545454545455,0.4218181818181818,0.10909090909090909,0.03636363636363636,19,17,11,489,465.0,3.0,40.75,13,10884550,837273.0769230769,0.8461538461538461,0.15384615384615385,0.07692307692307693,0.38461538461538464,0.07692307692307693,0.07692307692307693,0.15384615384615385,0.0,0.23076923076923078,177,0.06779661016949153,0.10734463276836158,0.15254237288135594,0.05649717514124294,0.0847457627118644,0.2768361581920904,0.1016949152542373,0.15254237288135594,63,0.19047619047619047,0.07936507936507936,0.3492063492063492,0.15873015873015872,0.30158730158730157,0.015873015873015872,0.09523809523809523
U0047,1,0.9003342985006357,36,4000000,0,0,0,0,1,0,0,0,1,0,0,0,1,2250,0.6026666666666667,0.32711111111111113,0.092,203,0.07389162561576355,0.2660098522167488,0.12315270935960591,0.46798029556650245,0.08374384236453201,0.059113300492610835,14,14,12,260,300.0,2.0,20.0,17,13860381,815316.5294117647,0.6470588235294118,0.23529411764705882,0.11764705882352941,0.11764705882352941,0.17647058823529413,0.17647058823529413,0.11764705882352941,0.23529411764705882,0.058823529411764705,195,0.041025641025641026,0.07692307692307693,0.13846153846153847,0.09743589743589744,0.15897435897435896,0.2358974358974359,0.09230769230769231,0.15897435897435896,68,0.10294117647058823,0.10294117647058823,0.35294117647058826,0.19117647058823528,0.17647058823529413,0.0,0.17647058823529413
U0048,1,0.926829409677582,30,10240481,1,0,0,0,0,0,1,0,0,0,0,0,1,2340,0.6008547008547008,0.3145299145299145,0.07991452991452991,271,0.08856088560885608,0.25461254612546125,0.13284132841328414,0.46863468634686345,0.09225092250922509,0.05166051660516605,18,16,16,288,440.0,0.0,16.941176470588236,21,8550861,407183.85714285716,0.5714285714285714,0.09523809523809523,0.047619047619047616,0.14285714285714285,0.047619047619047616,0.23809523809523808,0.23809523809523808,0.09523809523809523,0.19047619047619047,335,0.08059701492537313,0.07761194029850746,0.14626865671641792,0.07164179104477612,0.13134328358208955,0.2656716417910448,0.07462686567164178,0.15223880597014924,41,0.14634146341463414,0.0975609756097561,0.3170731707317073,0.14634146341463414,0.36585365853658536,0.0,0.07317073170731707
U0049,1,0.750632081197977,47,24731706,0,1,0,0,0,0,0,0,0,1,0,1,0,4050,0.6074074074074074,0.14469135802469135,0.01728395061728395,154,0.03896103896103896,0.21428571428571427,0.1038961038961039,0.45454545454545453,0.14935064935064934,0.07792207792207792,22,20,21,649,323.0,0.0,29.5,13,6648455,511419.6153846154,0.46153846153846156,0.15384615384615385,0.23076923076923078,0.0,0.3076923076923077,0.07692307692307693,0.23076923076923078,0.0,0.15384615384615385,137,0.058394160583941604,0.08759124087591241,0.10948905109489052,0.021897810218978103,0.16058394160583941,0.30656934306569344,0.029197080291970802,0.22627737226277372,67,0.029850746268656716,0.08955223880597014,0.29850746268656714,0.2537313432835821,0.208955223880597,0.014925373134328358,0.13432835820895522
U0050,1,0.9097822750336656,41,11518545,1,0,0,0,0,0,1,0,0,0,0,0,1,2700,0.6159259259259259,0.2388888888888889,0.04666666666666667,135,0.05925925925925926,0.2222222222222222,0.07407407407407407,0.5333333333333333,0.11851851851851852,0.05185185185185185,19,16,17,552,480.0,0.0,30.666666666666668,12,7239032,603252.6666666666,0.75,0.0,0.08333333333333333,0.08333333333333333,0.0,0.16666666666666666,0.08333333333333333,0.25,0.3333333333333333,328,0.07926829268292683,0.07926829268292683,0.16158536585365854,0.051829268292682924,0.14634146341463414,0.22560975609756098,0.0701219512195122,0.18597560975609756,51,0.11764705882352941,0.11764705882352941,0.23529411764705882,0.27450980392156865,0.2549019607843137,0.058823529411764705,0.058823529411764705
U0051,0,0.7547004237458248,33,19236642,0,0,1,0,0,0,0,0,1,0,0,1,0,2340,0.5927350427350427,0.1717948717948718,0.024786324786324785,257,0.058365758754863814,0.26848249027237353,0.11673151750972763,0.46303501945525294,0.10116731517509728,0.05058365758754864,20,17,12,504,313.0,0.0,38.76923076923077,10,11079208,1107920.8,0.7,0.2,0.1,0.3,0.1,0.3,0.1,0.0,0.1,127,0.07874015748031496,0.06299212598425197,0.2125984251968504,0.015748031496062992,0.14173228346456693,0.25984251968503935,0.06299212598425197,0.16535433070866143,95,0.10526315789473684,0.06315789473684211,0.3157894736842105,0.18947368421052632,0.3157894736842105,0.010526315789473684,0.10526315789473684
U0052,1,0.618221677511674,34,19039686,0,1,0,0,0,0,0,0,0,1,0,1,0,1980,0.598989898989899,0.14696969696969697,0.016666666666666666,196,0.04591836734693878,0.29591836734693877,0.11224489795918367,0.4387755102040816,0.10204081632653061,0.05102040816326531,21,21,17,520,180.0,0.0,28.88888888888889,18,13238711,735483.9444444445,0.5,0.05555555555555555,0.16666666666666666,0.05555555555555555,0.16666666666666666,0.3888888888888889,0.2222222222222222,0.0,0.0,219,0.0821917808219178,0.091324200913242,0.1415525114155251,0.0639269406392694,0.1187214611872146,0.3150684931506849,0.0273972602739726,0.1598173515981735,63,0.06349206349206349,0.047619047619047616,0.3492063492063492,0.1746031746031746,0.31746031746031744,0.047619047619047616,0.06349206349206349
U0053,1,0.8497428693100688,37,6888262,0,0,1,0,0,0,0,0,0,0,1,0,1,3780,0.5917989417989418,0.25925925925925924,0.05925925925925926,218,0.06422018348623854,0.2798165137614679,0.12844036697247707,0.43119266055045874,0.11009174311926606,0.05045871559633028,19,16,13,463,261.0,0.0,33.07142857142857,11,5570430,506402.7272727273,0.45454545454545453,0.18181818181818182,0.0,0.0,0.18181818181818182,0.09090909090909091,0.09090909090909091,0.18181818181818182,0.45454545454545453,349,0.07736389684813753,0.07736389684813753,0.16905444126074498,0.06303724928366762,0.14613180515759314,0.2034383954154728,0.11461318051575932,0.1489971346704871,68,0.14705882352941177,0.058823529411764705,0.23529411764705882,0.23529411764705882,0.3235294117647059,0.029411764705882353,0.11764705882352941
U0054,1,0.6843958178270244,25,16242608,0,0,0,1,0,0,0,0,0,1,0,0,1,3330,0.6072072072072072,0.21621621621621623,0.03393393393393394,280,0.05,0.29642857142857143,0.12142857142857143,0.45,0.09285714285714286,0.039285714285714285,19,19,21,403,497.0,0.0,18.318181818181817,11,10081141,916467.3636363636,0.36363636363636365,0.0,0.0,0.18181818181818182,0.36363636363636365,0.09090909090909091,0.09090909090909091,0.18181818181818182,0.09090909090909091,325,0.07692307692307693,0.07692307692307693,0.16307692307692306,0.055384615384615386,0.14153846153846153,0.22153846153846155,0.11384615384615385,0.15076923076923077,66,0.045454545454545456,0.07575757575757576,0.30303030303030304,0.12121212121212122,0.3484848484848485,0.0,0.15151515151515152
U0055,1,0.7285205234172711,55,21189937,0,1,0,0,0,0,0,0,1,0,0,1,0,2430,0.6016460905349794,0.2123456790123457,0.03251028806584362,139,0.050359712230215826,0.26618705035971224,0.1366906474820144,0.41007194244604317,0.1079136690647482,0.07913669064748201,15,14,11,396,497.0,1.0,33.0,16,11411063,713191.4375,0.5,0.1875,0.0625,0.125,0.25,0.125,0.3125,0.0,0.125,219,0.0821917808219178,0.0593607305936073,0.1552511415525114,0.0547945205479452,0.1506849315068493,0.2557077625570776,0.0639269406392694,0.1780821917808219,117,0.03418803418803419,0.06837606837606838,0.3504273504273504,0.23076923076923078,0.27350427350427353,0.008547008547008548,0.06837606837606838
U0056,0,0.8721525461436832,45,4000000,0,0,0,0,1,0,0,0,0,1,0,0,1,4140,0.6038647342995169,0.3214975845410628,0.08671497584541063,165,0.07878787878787878,0.296969696969697,0.09696969696969697,0.48484848484848486,0.10303030303030303,0.01818181818181818,16,14,15,365,479.0,1.0,22.8125,18,12221763,678986.8333333334,0.5555555555555556,0.05555555555555555,0.2777777777777778,0.1111111111111111,0.1111111111111111,0.1111111111111111,0.05555555555555555,0.16666666666666666,0.16666666666666666,128,0.078125,0.046875,0.125,0.09375,0.1875,0.203125,0.125,0.140625,43,0.046511627906976744,0.06976744186046512,0.27906976744186046,0.23255813953488372,0.27906976744186046,0.046511627906976744,0.09302325581395349
U0057,1,0.8027872251730065,56,21527720,0,1,0,0,0,1,0,0,0,0,0,1,0,2070,0.5971014492753624,0.23768115942028986,0.04541062801932367,215,0.07441860465116279,0.26046511627906976,0.16744186046511628,0.4232558139534884,0.13488372093023257,0.013953488372093023,21,20,12,467,481.0,0.0,35.92307692307692,15,11117566,741171.0666666667,0.5333333333333333,0.2,0.0,0.13333333333333333,0.2,0.13333333333333333,0.2,0.2,0.13333333333333333,278,0.05755395683453238,0.07194244604316546,0.19784172661870503,0.07194244604316546,0.13309352517985612,0.23741007194244604,0.039568345323741004,0.1906474820143885,53,0.11320754716981132,0.11320754716981132,0.2830188679245283,0.18867924528301888,0.2641509433962264,0.0,0.1509433962264151
U0058,0,0.6300727159398374,59,27559513,0,1,0,0,0,0,0,0,0,1,0,1,0,1980,0.5934343434343434,0.15353535353535352,0.01717171717171717,332,0.03614457831325301,0.2891566265060241,0.08132530120481928,0.4759036144578313,0.10240963855421686,0.05120481927710843,20,18,16,398,492.0,1.0,23.41176470588235,27,25870378,958162.1481481482,0.4444444444444444,0.037037037037037035,0.14814814814814814,0.14814814814814814,0.1111111111111111,0.14814814814814814,0.1111111111111111,0.18518518518518517,0.14814814814814814,66,0.06060606060606061,0.045454545454545456,0.13636363636363635,0.045454545454545456,0.16666666666666666,0.22727272727272727,0.07575757575757576,0.24242424242424243,120,0.041666666666666664,0.075,0.45,0.19166666666666668,0.20833333333333334,0.016666666666666666,0.058333333333333334
U0059,1,0.8510181252643639,30,18346359,0,1,0,0,0,0,1,0,0,0,0,0,1,2790,0.5921146953405018,0.2,0.026881720430107527,270,0.05555555555555555,0.28888888888888886,0.1111111111111111,0.43333333333333335,0.1,0.06666666666666667,23,21,18,547,553.0,1.0,28.789473684210527,14,9812834,700916.7142857143,0.6428571428571429,0.14285714285714285,0.07142857142857142,0.14285714285714285,0.14285714285714285,0.21428571428571427,0.07142857142857142,0.14285714285714285,0.21428571428571427,163,0.07975460122699386,0.07975460122699386,0.17177914110429449,0.0736196319018405,0.09815950920245399,0.2331288343558282,0.09202453987730061,0.17177914110429449,114,0.043859649122807015,0.09649122807017543,0.3508771929824561,0.20175438596491227,0.2807017543859649,0.008771929824561403,0.06140350877192982
U0060,1,0.9197143162110032,40,4000000,0,0,0,0,1,0,1,0,0,0,0,0,1,1620,0.6012345679012345,0.33271604938271604,0.09444444444444444,61,0.08196721311475409,0.32786885245901637,0.08196721311475409,0.4262295081967213,0.08196721311475409,0.08196721311475409,14,14,10,293,463.0,2.0,26.636363636363637,5,5058777,1011755.4,0.6,0.0,0.2,0.4,0.2,0.2,0.0,0.0,0.0,271,0.05166051660516605,0.07380073800738007,0.14391143911439114,0.09225092250922509,0.14391143911439114,0.24354243542435425,0.12177121771217712,0.12915129151291513,83,0.07228915662650602,0.03614457831325301,0.3373493975903614,0.27710843373493976,0.2289156626506024,0.012048192771084338,0.10843373493975904
U0061,1,0.6718519526642804,51,10980782,0,0,1,0,0,0,0,1,0,0,0,0,1,900,0.6111111111111112,0.21333333333333335,0.042222222222222223,191,0.05759162303664921,0.24607329842931938,0.13612565445026178,0.46596858638743455,0.06806282722513089,0.08376963350785341,18,16,19,381,432.0,2.0,19.05,12,13020254,1085021.1666666667,0.4166666666666667,0.16666666666666666,0.16666666666666666,0.4166666666666667,0.08333333333333333,0.16666666666666666,0.08333333333333333,0.08333333333333333,0.0,459,0.06318082788671024,0.09803921568627451,0.1830065359477124,0.06100217864923747,0.1503267973856209,0.21568627450980393,0.06971677559912855,0.15904139433551198,63,0.1111111111111111,0.09523809523809523,0.31746031746031744,0.1111111111111111,0.2857142857142857,0.0,0.19047619047619047
U0062,1,0.7835468841932222,58,18575016,1,0,0,0,0,0,1,0,0,0,0,0,1,2430,0.5897119341563786,0.28600823045267487,0.06666666666666667,100,0.09,0.3,0.1,0.43,0.13,0.04,17,16,21,345,444.0,1.0,15.681818181818182,32,22265594,695799.8125,0.6875,0.09375,0.15625,0.1875,0.0625,0.1875,0.1875,0.125,0.09375,184,0.059782608695652176,0.125,0.14130434782608695,0.09782608695652174,0.125,0.21739130434782608,0.08152173913043478,0.15217391304347827,85,0.07058823529411765,0.08235294117647059,0.4117647058823529,0.16470588235294117,0.27058823529411763,0.011764705882352941,0.058823529411764705
U0063,1,0.9137671345931602,48,5044685,0,0,0,0,1,0,0,0,0,1,0,1,0,3510,0.6002849002849003,0.32022792022792024,0.08774928774928775,272,0.07352941176470588,0.24632352941176472,0.16176470588235295,0.4485294117647059,0.07352941176470588,0.06985294117647059,16,16,12,367,539.0,1.0,28.23076923076923,10,7352759,735275.9,0.7,0.2,0.1,0.1,0.3,0.2,0.1,0.2,0.0,431,0.06264501160092807,0.06960556844547564,0.14849187935034802,0.08120649651972157,0.12993039443155452,0.23897911832946636,0.12993039443155452,0.13921113689095127,135,0.0962962962962963,0.05185185185185185,0.32592592592592595,0.2,0.2740740740740741,0.02962962962962963,0.11851851851851852
U0064,1,0.5674343684107992,57,27028793,0,1,0,0,0,1,0,0,0,0,0,0,1,2520,0.5932539682539683,0.12857142857142856,0.014682539682539682,239,0.04602510460251046,0.3305439330543933,0.11715481171548117,0.4100418410041841,0.0794979079497908,0.06276150627615062,22,19,20,603,298.0,0.0,28.714285714285715,19,15179515,798921.8421052631,0.3684210526315789,0.10526315789473684,0.15789473684210525,0.21052631578947367,0.21052631578947367,0.10526315789473684,0.0,0.10526315789473684,0.21052631578947367,262,0.05343511450381679,0.12213740458015267,0.21374045801526717,0.022900763358778626,0.14122137404580154,0.25190839694656486,0.04580152671755725,0.14885496183206107,49,0.02040816326530612,0.10204081632653061,0.30612244897959184,0.22448979591836735,0.22448979591836735,0.0,0.14285714285714285
U0065,1,0.93855366342508,46,6824844,0,0,1,0,0,1,0,0,0,0,0,0,1,3690,0.5970189701897018,0.32086720867208673,0.0981029810298103,147,0.09523809523809523,0.21768707482993196,0.11564625850340136,0.48299319727891155,0.14965986394557823,0.034013605442176874,14,12,7,258,261.0,1.0,32.25,8,4828232,603529.0,0.75,0.375,0.125,0.125,0.0,0.25,0.125,0.0,0.375,203,0.034482758620689655,0.08374384236453201,0.1330049261083744,0.04926108374384237,0.1724137931034483,0.21674876847290642,0.1330049261083744,0.17733990147783252,77,0.11688311688311688,0.06493506493506493,0.3116883116883117,0.2597402597402597,0.2597402597402597,0.03896103896103896,0.06493506493506493
U0066,1,0.8296096317180665,45,9391461,0,0,1,0,0,0,0,0,1,0,0,1,0,3870,0.6069767441860465,0.30697674418604654,0.0834625322997416,235,0.0851063829787234,0.2851063829787234,0.07234042553191489,0.44680851063829785,0.13191489361702127,0.06382978723404255,18,16,17,386,360.0,2.0,21.444444444444443,14,5742396,410171.14285714284,0.7142857142857143,0.21428571428571427,0.14285714285714285,0.0,0.21428571428571427,0.21428571428571427,0.07142857142857142,0.21428571428571427,0.14285714285714285,192,0.06770833333333333,0.09375,0.13541666666666666,0.13541666666666666,0.11979166666666667,0.21875,0.09375,0.13541666666666666,82,0.13414634146341464,0.12195121951219512,0.4024390243902439,0.17073170731707318,0.2073170731707317,0.0,0.0975609756097561
U0067,1,0.8498238579273967,47,8792647,0,0,1,0,0,0,0,0,0,0,1,0,1,2790,0.6100358422939068,0.3157706093189964,0.08924731182795699,269,0.08921933085501858,0.3048327137546468,0.14869888475836432,0.39776951672862454,0.10408921933085502,0.04460966542750929,13,12,10,239,514.0,0.0,21.727272727272727,14,9263255,661661.0714285715,0.5714285714285714,0.21428571428571427,0.14285714285714285,0.14285714285714285,0.14285714285714285,0.2857142857142857,0.07142857142857142,0.0,0.21428571428571427,40,0.075,0.125,0.15,0.05,0.025,0.35,0.125,0.1,84,0.15476190476190477,0.13095238095238096,0.30952380952380953,0.2857142857142857,0.17857142857142858,0.011904761904761904,0.08333333333333333
U0068,0,0.7275484608050974,40,20464863,0,1,0,0,0,0,0,1,0,0,0,0,1,2070,0.6231884057971014,0.1642512077294686,0.028502415458937197,265,0.05660377358490566,0.3169811320754717,0.1169811320754717,0.42641509433962266,0.08679245283018867,0.052830188679245285,22,17,16,418,498.0,1.0,24.58823529411765,14,7543549,538824.9285714285,0.6428571428571429,0.21428571428571427,0.14285714285714285,0.0,0.14285714285714285,0.0,0.42857142857142855,0.21428571428571427,0.07142857142857142,237,0.0970464135021097,0.10548523206751055,0.14767932489451477,0.06329113924050633,0.14767932489451477,0.22362869198312235,0.07172995780590717,0.14345991561181434,91,0.054945054945054944,0.07692307692307693,0.32967032967032966,0.17582417582417584,0.2857142857142857,0.054945054945054944,0.07692307692307693
U0069,1,0.8319999214684703,26,12957059,1,0,0,0,0,0,1,0,0,0,0,1,0,2430,0.5843621399176955,0.20864197530864198,0.03950617283950617,258,0.04263565891472868,0.31007751937984496,0.11627906976744186,0.43410852713178294,0.10077519379844961,0.03875968992248062,18,14,14,319,277.0,1.0,21.266666666666666,13,9274033,713387.1538461539,0.5384615384615384,0.07692307692307693,0.15384615384615385,0.15384615384615385,0.07692307692307693,0.3076923076923077,0.15384615384615385,0.15384615384615385,0.0,370,0.08648648648648649,0.0945945945945946,0.2,0.062162162162162166,0.11891891891891893,0.24054054054054055,0.06486486486486487,0.13243243243243244,91,0.04395604395604396,0.06593406593406594,0.34065934065934067,0.21978021978021978,0.21978021978021978,0.04395604395604396,0.10989010989010989
U0070,1,0.884352278777148,43,13931231,0,1,0,0,0,0,1,0,0,0,0,0,1,2610,0.6042145593869732,0.23908045977011494,0.05210727969348659,253,0.05928853754940711,0.25296442687747034,0.11857707509881422,0.4624505928853755,0.09881422924901186,0.06719367588932806,18,17,19,551,577.0,1.0,27.55,10,9043979,904397.9,0.6,0.2,0.0,0.2,0.1,0.2,0.0,0.3,0.2,205,0.08292682926829269,0.12682926829268293,0.16585365853658537,0.05853658536585366,0.14146341463414633,0.21951219512195122,0.06341463414634146,0.14146341463414633,93,0.08602150537634409,0.043010752688172046,0.3548387096774194,0.25806451612903225,0.21505376344086022,0.021505376344086023,0.10752688172043011
U0071,1,0.8900423342327417,49,5503608,1,0,0,0,0,0,1,0,0,0,0,0,1,630,0.573015873015873,0.31587301587301586,0.09523809523809523,211,0.10426540284360189,0.25118483412322273,0.15639810426540285,0.44549763033175355,0.10426540284360189,0.04265402843601896,16,14,16,300,534.0,2.0,17.647058823529413,14,8606838,614774.1428571428,0.7857142857142857,0.14285714285714285,0.2857142857142857,0.14285714285714285,0.07142857142857142,0.07142857142857142,0.0,0.14285714285714285,0.2857142857142857,115,0.06956521739130435,0.06086956521739131,0.22608695652173913,0.06956521739130435,0.10434782608695652,0.1826086956521739,0.16521739130434782,0.12173913043478261,93,0.15053763440860216,0.053763440860215055,0.2903225806451613,0.20430107526881722,0.3225806451612903,0.03225806451612903,0.0967741935483871
U0072,1,0.7980813823726617,21,13928306,1,0,0,0,0,0,0,0,1,0,0,1,0,2340,0.6008547008547008,0.2282051282051282,0.04487179487179487,242,0.07024793388429752,0.24380165289256198,0.12396694214876033,0.4793388429752066,0.1115702479338843,0.04132231404958678,19,17,17,407,466.0,0.0,22.61111111111111,21,15597243,742725.8571428572,0.47619047619047616,0.0,0.19047619047619047,0.14285714285714285,0.23809523809523808,0.14285714285714285,0.047619047619047616,0.09523809523809523,0.14285714285714285,291,0.06872852233676977,0.09965635738831616,0.18213058419243985,0.061855670103092786,0.16494845360824742,0.21305841924398625,0.08247422680412371,0.12714776632302405,82,0.07317073170731707,0.12195121951219512,0.35365853658536583,0.15853658536585366,0.2682926829268293,0.012195121951219513,0.08536585365853659
U0073,1,0.8395506345199735,38,19086220,1,0,0,0,0,0,0,1,0,0,0,1,0,3150,0.6063492063492063,0.23555555555555555,0.0380952380952381,113,0.07079646017699115,0.25663716814159293,0.11504424778761062,0.5132743362831859,0.07964601769911504,0.035398230088495575,18,17,15,429,284.0,0.0,26.8125,13,5683618,437201.3846153846,0.6153846153846154,0.15384615384615385,0.23076923076923078,0.15384615384615385,0.15384615384615385,0.0,0.23076923076923078,0.0,0.23076923076923078,371,0.0646900269541779,0.0889487870619946,0.1509433962264151,0.04851752021563342,0.12668463611859837,0.31266846361185985,0.06199460916442048,0.14555256064690028,84,0.10714285714285714,0.07142857142857142,0.3333333333333333,0.25,0.2261904761904762,0.023809523809523808,0.09523809523809523
U0074,1,0.9217295881298226,27,4000000,0,0,0,0,1,0,0,0,0,0,1,1,0,2250,0.6044444444444445,0.30666666666666664,0.08666666666666667,305,0.06885245901639345,0.26557377049180325,0.14098360655737704,0.419672131147541,0.11475409836065574,0.05901639344262295,18,18,17,339,429.0,2.0,18.833333333333332,17,10955334,644431.4117647059,0.5294117647058824,0.11764705882352941,0.23529411764705882,0.23529411764705882,0.058823529411764705,0.11764705882352941,0.058823529411764705,0.23529411764705882,0.058823529411764705,254,0.06299212598425197,0.06692913385826772,0.15748031496062992,0.11023622047244094,0.11811023622047244,0.23622047244094488,0.1062992125984252,0.14173228346456693,63,0.20634920634920634,0.06349206349206349,0.31746031746031744,0.20634920634920634,0.31746031746031744,0.0,0.09523809523809523
U0075,1,0.9203499050396804,52,6523875,0,0,0,0,1,0,0,0,0,1,0,0,1,3870,0.5974160206718346,0.33540051679586563,0.1041343669250646,194,0.07731958762886598,0.28350515463917525,0.10309278350515463,0.4587628865979381,0.08762886597938144,0.06701030927835051,18,15,10,358,155.0,1.0,32.54545454545455,24,17567675,731986.4583333334,0.625,0.2916666666666667,0.125,0.16666666666666666,0.08333333333333333,0.041666666666666664,0.25,0.20833333333333334,0.125,281,0.06405693950177936,0.07473309608540925,0.15658362989323843,0.08540925266903915,0.11743772241992882,0.2526690391459075,0.10676156583629894,0.1423487544483986,91,0.12087912087912088,0.10989010989010989,0.34065934065934067,0.2087912087912088,0.21978021978021978,0.02197802197802198,0.0989010989010989
U0076,1,0.570850190108297,42,22740841,0,1,0,0,0,0,0,0,0,1,0,0,1,1710,0.6064327485380117,0.17017543859649123,0.02280701754385965,221,0.027149321266968326,0.3212669683257919,0.09049773755656108,0.46153846153846156,0.09049773755656108,0.03619909502262444,19,18,17,396,627.0,1.0,22.0,12,8031136,669261.3333333334,0.4166666666666667,0.08333333333333333,0.08333333333333333,0.08333333333333333,0.3333333333333333,0.08333333333333333,0.08333333333333333,0.16666666666666666,0.16666666666666666,255,0.06274509803921569,0.10196078431372549,0.20392156862745098,0.043137254901960784,0.13725490196078433,0.20392156862745098,0.07058823529411765,0.17647058823529413,73,0.0273972602739726,0.0684931506849315,0.3013698630136986,0.2602739726027397,0.3013698630136986,0.0,0.0684931506849315
U0077,1,0.861530223391537,51,7159326,1,0,0,0,0,0,0,1,0,0,0,0,1,2430,0.5979423868312758,0.3045267489711934,0.07160493827160494,239,0.08786610878661087,0.2301255230125523,0.1589958158995816,0.4309623430962343,0.1297071129707113,0.0502092050209205,18,16,15,329,387.0,0.0,20.5625,22,15308900,695859.0909090909,0.5909090909090909,0.13636363636363635,0.13636363636363635,0.09090909090909091,0.18181818181818182,0.045454545454545456,0.2727272727272727,0.18181818181818182,0.09090909090909091,76,0.06578947368421052,0.06578947368421052,0.18421052631578946,0.06578947368421052,0.11842105263157894,0.21052631578947367,0.13157894736842105,0.15789473684210525,107,0.06542056074766354,0.07476635514018691,0.3364485981308411,0.18691588785046728,0.2336448598130841,0.009345794392523364,0.1588785046728972
U0078,1,0.8540745101687762,53,16016722,0,0,1,0,0,0,0,0,0,0,1,0,1,2340,0.6017094017094017,0.2636752136752137,0.05897435897435897,263,0.060836501901140684,0.26996197718631176,0.10266159695817491,0.4828897338403042,0.10266159695817491,0.04182509505703422,15,13,11,280,511.0,1.0,23.333333333333332,22,15450952,702316.0,0.5454545454545454,0.09090909090909091,0.18181818181818182,0.09090909090909091,0.09090909090909091,0.09090909090909091,0.09090909090909091,0.2727272727272727,0.18181818181818182,337,0.0830860534124629,0.10979228486646884,0.12166172106824925,0.06528189910979229,0.13056379821958458,0.2166172106824926,0.10385756676557864,0.16913946587537093,42,0.09523809523809523,0.09523809523809523,0.38095238095238093,0.2857142857142857,0.21428571428571427,0.0,0.023809523809523808
U0079,0,0.596195917039682,40,21930891,0,0,0,1,0,0,0,0,0,0,1,0,1,3240,0.6058641975308642,0.19166666666666668,0.03333333333333333,282,0.06382978723404255,0.25886524822695034,0.1453900709219858,0.44680851063829785,0.08865248226950355,0.06028368794326241,20,16,18,589,514.0,1.0,31.0,22,12569918,571359.9090909091,0.45454545454545453,0.18181818181818182,0.09090909090909091,0.09090909090909091,0.18181818181818182,0.09090909090909091,0.13636363636363635,0.22727272727272727,0.18181818181818182,396,0.08333333333333333,0.09848484848484848,0.1717171717171717,0.06565656565656566,0.1388888888888889,0.22727272727272727,0.05555555555555555,0.1590909090909091,96,0.020833333333333332,0.13541666666666666,0.375,0.10416666666666667,0.1875,0.020833333333333332,0.17708333333333334
U0080,0,0.8452254190375499,20,15553929,0,1,0,0,0,0,1,0,0,0,0,0,1,3240,0.6018518518518519,0.2737654320987654,0.05925925925925926,306,0.0718954248366013,0.3333333333333333,0.12418300653594772,0.39869281045751637,0.10130718954248366,0.042483660130718956,20,20,18,482,444.0,1.0,25.36842105263158,30,25289057,842968.5666666667,0.7,0.2,0.1,0.2,0.13333333333333333,0.2,0.2,0.06666666666666667,0.1,253,0.06719367588932806,0.09090909090909091,0.17391304347826086,0.06324110671936758,0.07509881422924901,0.24110671936758893,0.1067193675889328,0.18181818181818182,45,0.06666666666666667,0.13333333333333333,0.4,0.17777777777777778,0.2222222222222222,0.022222222222222223,0.044444444444444446
U0081,1,0.8604842108557986,53,10893281,0,0,1,0,0,0,0,0,0,0,1,0,1,1440,0.5958333333333333,0.2861111111111111,0.07361111111111111,187,0.06417112299465241,0.25668449197860965,0.1443850267379679,0.44919786096256686,0.11764705882352941,0.03208556149732621,16,15,9,285,537.0,1.0,28.5,12,4901142,408428.5,0.5,0.25,0.08333333333333333,0.0,0.16666666666666666,0.25,0.08333333333333333,0.08333333333333333,0.3333333333333333,353,0.07365439093484419,0.07365439093484419,0.16147308781869688,0.08498583569405099,0.1529745042492918,0.21813031161473087,0.0764872521246459,0.15864022662889518,85,0.11764705882352941,0.12941176470588237,0.4,0.12941176470588237,0.25882352941176473,0.011764705882352941,0.07058823529411765
U0082,1,0.9285569179659984,53,4591442,0,0,0,0,1,0,0,0,0,1,0,0,1,1800,0.6188888888888889,0.35444444444444445,0.11777777777777777,204,0.08333333333333333,0.24509803921568626,0.13725490196078433,0.5196078431372549,0.06372549019607843,0.03431372549019608,12,12,11,180,219.0,3.0,15.0,12,7956662,663055.1666666666,0.75,0.16666666666666666,0.0,0.16666666666666666,0.3333333333333333,0.16666666666666666,0.0,0.3333333333333333,0.0,306,0.07516339869281045,0.0915032679738562,0.14705882352941177,0.0915032679738562,0.11764705882352941,0.23202614379084968,0.12745098039215685,0.11764705882352941,93,0.16129032258064516,0.07526881720430108,0.3548387096774194,0.20430107526881722,0.27956989247311825,0.0,0.08602150537634409
U0083,1,0.9213416079505722,56,10652524,0,0,1,0,0,0,0,0,0,0,1,1,0,3060,0.6133986928104576,0.3212418300653595,0.08431372549019608,271,0.08118081180811808,0.33210332103321033,0.12915129151291513,0.4059040590405904,0.08118081180811808,0.05166051660516605,14,14,17,247,160.0,1.0,13.722222222222221,18,10373953,576330.7222222222,0.7777777777777778,0.2222222222222222,0.05555555555555555,0.05555555555555555,0.1111111111111111,0.2222222222222222,0.2222222222222222,0.16666666666666666,0.16666666666666666,328,0.08536585365853659,0.08841463414634146,0.13109756097560976,0.07926829268292683,0.12195121951219512,0.22865853658536586,0.11280487804878049,0.1524390243902439,64,0.078125,0.140625,0.359375,0.1875,0.140625,0.046875,0.125
U0084,1,0.8366993072850744,56,9150054,0,0,1,0,0,0,0,1,0,0,0,1,0,3600,0.5980555555555556,0.3025,0.07833333333333334,128,0.0859375,0.28125,0.1328125,0.4609375,0.09375,0.03125,14,13,6,297,570.0,2.0,42.42857142857143,22,9186582,417571.9090909091,0.5,0.18181818181818182,0.22727272727272727,0.09090909090909091,0.0,0.13636363636363635,0.2727272727272727,0.0,0.2727272727272727,311,0.09003215434083602,0.08681672025723473,0.12861736334405144,0.1189710610932476,0.1189710610932476,0.18971061093247588,0.09967845659163987,0.16720257234726688,110,0.06363636363636363,0.11818181818181818,0.33636363636363636,0.24545454545454545,0.19090909090909092,0.01818181818181818,0.09090909090909091
U0085,1,0.8535991580233392,36,18212611,1,0,0,0,0,0,0,0,0,0,1,0,1,2700,0.5918518518518519,0.20407407407407407,0.034074074074074076,286,0.06293706293706294,0.3006993006993007,0.11188811188811189,0.4125874125874126,0.0944055944055944,0.08041958041958042,20,18,16,467,523.0,1.0,27.470588235294116,26,23223471,893210.4230769231,0.6153846153846154,0.07692307692307693,0.0,0.15384615384615385,0.11538461538461539,0.19230769230769232,0.19230769230769232,0.19230769230769232,0.15384615384615385,286,0.045454545454545456,0.10139860139860139,0.17832167832167833,0.05944055944055944,0.13636363636363635,0.23426573426573427,0.07692307692307693,0.16783216783216784,43,0.06976744186046512,0.06976744186046512,0.4418604651162791,0.16279069767441862,0.13953488372093023,0.0,0.18604651162790697
U0086,1,0.9068875618147996,36,10238974,0,0,1,0,0,0,1,0,0,0,0,1,0,2340,0.6008547008547008,0.26794871794871794,0.0594017094017094,195,0.07692307692307693,0.30256410256410254,0.11794871794871795,0.4256410256410256,0.08717948717948718,0.06666666666666667,16,16,12,342,332.0,0.0,26.307692307692307,9,3923342,435926.8888888889,0.5555555555555556,0.2222222222222222,0.2222222222222222,0.0,0.1111111111111111,0.1111111111111111,0.1111111111111111,0.2222222222222222,0.2222222222222222,296,0.08445945945945946,0.09121621621621621,0.21283783783783783,0.057432432432432436,0.0945945945945946,0.2533783783783784,0.05405405405405406,0.15202702702702703,64,0.125,0.0625,0.4375,0.203125,0.1875,0.015625,0.09375
U0087,1,0.9293416055318392,23,5951609,0,0,1,0,0,0,0,0,0,1,0,0,1,2790,0.5992831541218638,0.3154121863799283,0.08315412186379928,211,0.08056872037914692,0.27488151658767773,0.11374407582938388,0.4312796208530806,0.13270142180094788,0.04739336492890995,15,13,15,257,375.0,2.0,16.0625,3,2301781,767260.3333333334,1.0,0.6666666666666666,0.0,0.0,0.3333333333333333,0.0,0.0,0.6666666666666666,0.0,392,0.08418367346938775,0.07397959183673469,0.12755102040816327,0.08673469387755102,0.11989795918367346,0.23979591836734693,0.11224489795918367,0.1556122448979592,44,0.045454545454545456,0.13636363636363635,0.4090909090909091,0.20454545454545456,0.13636363636363635,0.022727272727272728,0.09090909090909091
U0088,1,0.7492874167515207,48,27195592,0,1,0,0,0,0,0,0,0,0,1,1,0,2610,0.6007662835249042,0.14559386973180077,0.016091954022988506,272,0.04044117647058824,0.21691176470588236,0.14338235294117646,0.47794117647058826,0.10294117647058823,0.058823529411764705,20,17,15,584,319.0,1.0,36.5,12,7657356,638113.0,0.3333333333333333,0.08333333333333333,0.0,0.16666666666666666,0.25,0.3333333333333333,0.08333333333333333,0.0,0.16666666666666666,387,0.059431524547803614,0.10077519379844961,0.16020671834625322,0.04392764857881137,0.13178294573643412,0.2661498708010336,0.046511627906976744,0.19121447028423771,44,0.06818181818181818,0.11363636363636363,0.3181818181818182,0.1590909090909091,0.38636363636363635,0.0,0.022727272727272728
U0089,1,0.711465574165389,33,20668824,0,1,0,0,0,1,0,0,0,0,0,1,0,2880,0.6034722222222222,0.17222222222222222,0.021875,213,0.051643192488262914,0.28169014084507044,0.13615023474178403,0.49295774647887325,0.06572769953051644,0.023474178403755867,18,17,18,476,244.0,1.0,25.05263157894737,24,11816107,492337.7916666667,0.4166666666666667,0.08333333333333333,0.16666666666666666,0.08333333333333333,0.08333333333333333,0.125,0.16666666666666666,0.16666666666666666,0.20833333333333334,192,0.06770833333333333,0.08333333333333333,0.16145833333333334,0.052083333333333336,0.14583333333333334,0.203125,0.06770833333333333,0.21875,81,0.04938271604938271,0.08641975308641975,0.38271604938271603,0.16049382716049382,0.2716049382716049,0.012345679012345678,0.08641975308641975
U0090,1,0.8276460532076584,25,13618111,0,0,0,1,0,0,0,0,0,0,1,0,1,2160,0.6125,0.26481481481481484,0.06666666666666667,194,0.09278350515463918,0.2268041237113402,0.14432989690721648,0.4381443298969072,0.12371134020618557,0.06701030927835051,15,15,19,431,495.0,1.0,21.55,19,9596884,505099.15789473685,0.5263157894736842,0.10526315789473684,0.10526315789473684,0.10526315789473684,0.21052631578947367,0.15789473684210525,0.21052631578947367,0.05263157894736842,0.15789473684210525,220,0.06363636363636363,0.10909090909090909,0.14545454545454545,0.06363636363636363,0.14545454545454545,0.19090909090909092,0.10454545454545454,0.17727272727272728,115,0.09565217391304348,0.06086956521739131,0.4,0.19130434782608696,0.24347826086956523,0.02608695652173913,0.0782608695652174
U0091,1,0.7472025439172659,29,19874254,0,1,0,0,0,0,0,0,1,0,0,0,1,1710,0.6087719298245614,0.2134502923976608,0.0456140350877193,223,0.05829596412556054,0.3273542600896861,0.09865470852017937,0.4349775784753363,0.08968609865470852,0.04932735426008968,19,16,16,435,561.0,2.0,25.58823529411765,10,9673723,967372.3,0.2,0.1,0.1,0.2,0.1,0.3,0.0,0.3,0.0,247,0.06882591093117409,0.10931174089068826,0.17813765182186234,0.06072874493927125,0.1417004048582996,0.22672064777327935,0.08502024291497975,0.12955465587044535,107,0.07476635514018691,0.08411214953271028,0.40186915887850466,0.16822429906542055,0.2616822429906542,0.018691588785046728,0.06542056074766354
U0092,1,0.9010203917045448,54,12493789,1,0,0,0,0,0,0,1,0,0,0,1,0,3870,0.6018087855297157,0.28294573643410853,0.06950904392764858,228,0.07894736842105263,0.2807017543859649,0.13157894736842105,0.43859649122807015,0.09649122807017543,0.05263157894736842,18,16,20,429,527.0,0.0,20.428571428571427,16,7832301,489518.8125,0.8125,0.0625,0.0625,0.125,0.25,0.1875,0.1875,0.1875,0.0,431,0.09280742459396751,0.0765661252900232,0.1554524361948956,0.08584686774941995,0.1554524361948956,0.18561484918793503,0.09048723897911833,0.15777262180974477,98,0.061224489795918366,0.19387755102040816,0.2653061224489796,0.17346938775510204,0.24489795918367346,0.030612244897959183,0.09183673469387756
U0093,0,0.7515547507827269,53,16625773,0,0,0,1,0,0,1,0,0,0,0,0,1,3150,0.5898412698412698,0.23682539682539683,0.045714285714285714,114,0.06140350877192982,0.3157894736842105,0.07894736842105263,0.4824561403508772,0.09649122807017543,0.02631578947368421,15,13,14,345,313.0,1.0,23.0,9,5411614,601290.4444444445,0.5555555555555556,0.1111111111111111,0.1111111111111111,0.2222222222222222,0.1111111111111111,0.1111111111111111,0.2222222222222222,0.0,0.2222222222222222,337,0.06824925816023739,0.08011869436201781,0.17804154302670624,0.05341246290801187,0.12462908011869436,0.2403560830860534,0.10682492581602374,0.14836795252225518,106,0.11320754716981132,0.07547169811320754,0.4056603773584906,0.10377358490566038,0.2641509433962264,0.018867924528301886,0.1320754716981132
U0094,1,0.7976343107744241,34,18182369,0,1,0,0,0,0,0,0,0,1,0,1,0,3240,0.5944444444444444,0.24228395061728394,0.042901234567901236,249,0.05622489959839357,0.26104417670682734,0.1606425702811245,0.4578313253012048,0.0963855421686747,0.024096385542168676,19,17,13,457,325.0,3.0,32.642857142857146,12,7037433,586452.75,0.6666666666666666,0.16666666666666666,0.16666666666666666,0.16666666666666666,0.08333333333333333,0.25,0.16666666666666666,0.16666666666666666,0.0,302,0.08609271523178808,0.08609271523178808,0.152317880794702,0.06291390728476821,0.1423841059602649,0.2152317880794702,0.0728476821192053,0.18211920529801323,55,0.05454545454545454,0.09090909090909091,0.32727272727272727,0.21818181818181817,0.2909090909090909,0.03636363636363636,0.03636363636363636
U0095,1,0.7565536696996505,52,16029096,1,0,0,0,0,1,0,0,0,0,0,1,0,3870,0.5953488372093023,0.2599483204134367,0.05529715762273902,215,0.04186046511627907,0.2744186046511628,0.10232558139534884,0.4930232558139535,0.09302325581395349,0.037209302325581395,17,15,12,252,332.0,0.0,19.384615384615383,14,9434601,673900.0714285715,0.42857142857142855,0.07142857142857142,0.07142857142857142,0.07142857142857142,0.21428571428571427,0.14285714285714285,0.14285714285714285,0.2857142857142857,0.07142857142857142,168,0.07142857142857142,0.09523809523809523,0.19047619047619047,0.07142857142857142,0.14285714285714285,0.26785714285714285,0.047619047619047616,0.1130952380952381,51,0.0784313725490196,0.09803921568627451,0.39215686274509803,0.13725490196078433,0.1568627450980392,0.0392156862745098,0.17647058823529413
U0096,1,0.5787769463935881,50,18918512,0,1,0,0,0,0,1,0,0,0,0,0,1,2070,0.6072463768115942,0.14589371980676327,0.014009661835748793,307,0.04560260586319218,0.28013029315960913,0.11400651465798045,0.4560260586319218,0.11074918566775244,0.03908794788273615,23,21,19,671,367.0,1.0,33.55,25,18348006,733920.24,0.4,0.08,0.16,0.12,0.04,0.04,0.12,0.28,0.24,168,0.10119047619047619,0.07738095238095238,0.18452380952380953,0.06547619047619048,0.11904761904761904,0.17261904761904762,0.05952380952380952,0.22023809523809523,125,0.056,0.056,0.368,0.176,0.288,0.008,0.104
U0097,1,0.8824383722690768,43,5202215,0,0,0,0,1,0,0,0,0,0,1,0,1,2160,0.6074074074074074,0.325,0.09490740740740741,223,0.09865470852017937,0.32286995515695066,0.08520179372197309,0.42152466367713004,0.12556053811659193,0.04484304932735426,17,14,11,322,111.0,2.0,26.833333333333332,17,10540188,620011.0588235294,0.7647058823529411,0.23529411764705882,0.058823529411764705,0.17647058823529413,0.17647058823529413,0.058823529411764705,0.17647058823529413,0.17647058823529413,0.17647058823529413,219,0.0821917808219178,0.0410958904109589,0.182648401826484,0.091324200913242,0.1324200913242009,0.2191780821917808,0.1004566210045662,0.1506849315068493,55,0.16363636363636364,0.12727272727272726,0.38181818181818183,0.14545454545454545,0.2909090909090909,0.0,0.05454545454545454
U0098,0,0.7620990304736036,23,18531879,0,1,0,0,0,1,0,0,0,0,0,0,1,3420,0.6029239766081871,0.22339181286549709,0.04064327485380117,256,0.0625,0.2578125,0.12890625,0.46875,0.09375,0.05078125,18,16,20,424,398.0,0.0,20.19047619047619,9,2984950,331661.1111111111,0.8888888888888888,0.1111111111111111,0.1111111111111111,0.0,0.0,0.2222222222222222,0.3333333333333333,0.1111111111111111,0.2222222222222222,301,0.04983388704318937,0.08637873754152824,0.18272425249169436,0.0664451827242525,0.14285714285714285,0.2026578073089701,0.08970099667774087,0.17940199335548174,34,0.058823529411764705,0.058823529411764705,0.35294117647058826,0.23529411764705882,0.2647058823529412,0.029411764705882353,0.058823529411764705
U0099,1,0.934307166578484,48,8331827,0,0,0,0,1,0,1,0,0,0,0,0,1,1170,0.5863247863247864,0.3247863247863248,0.09487179487179487,147,0.08843537414965986,0.30612244897959184,0.061224489795918366,0.48299319727891155,0.09523809523809523,0.05442176870748299,16,14,9,269,500.0,1.0,26.9,12,9323139,776928.25,0.5,0.16666666666666666,0.0,0.16666666666666666,0.16666666666666666,0.25,0.0,0.25,0.16666666666666666,397,0.08564231738035265,0.0982367758186398,0.15365239294710328,0.08060453400503778,0.10579345088161209,0.2141057934508816,0.10327455919395466,0.15869017632241814,89,0.0898876404494382,0.12359550561797752,0.4157303370786517,0.1348314606741573,0.20224719101123595,0.0449438202247191,0.07865168539325842
U0100,1,0.8613426910485964,33,13490456,0,0,1,0,0,0,1,0,0,0,0,1,0,3600,0.5922222222222222,0.2733333333333333,0.06833333333333333,189,0.06878306878306878,0.23809523809523808,0.1111111111111111,0.48148148148148145,0.12698412698412698,0.042328042328042326,20,18,15,464,382.0,1.0,29.0,13,9369127,720702.0769230769,0.6153846153846154,0.46153846153846156,0.07692307692307693,0.07692307692307693,0.07692307692307693,0.23076923076923078,0.07692307692307693,0.38461538461538464,0.07692307692307693,259,0.0888030888030888,0.07722007722007722,0.13513513513513514,0.06177606177606178,0.13513513513513514,0.22393822393822393,0.09652509652509653,0.18146718146718147,98,0.07142857142857142,0.030612244897959183,0.3979591836734694,0.1836734693877551,0.2857142857142857,0.01020408163265306,0.09183673469387756
U0101,1,0.7944053394094694,43,13884300,1,0,0,0,0,1,0,0,0,0,0,1,0,3690,0.5975609756097561,0.26287262872628725,0.06314363143631437,188,0.06914893617021277,0.2925531914893617,0.10638297872340426,0.44680851063829785,0.10106382978723404,0.05319148936170213,17,16,13,390,509.0,2.0,27.857142857142858,11,6625200,602290.9090909091,0.6363636363636364,0.09090909090909091,0.09090909090909091,0.18181818181818182,0.0,0.2727272727272727,0.18181818181818182,0.09090909090909091,0.18181818181818182,171,0.07017543859649122,0.03508771929824561,0.2046783625730994,0.07602339181286549,0.11695906432748537,0.24561403508771928,0.08771929824561403,0.16374269005847952,60,0.08333333333333333,0.08333333333333333,0.4666666666666667,0.13333333333333333,0.2,0.016666666666666666,0.1
U0102,1,0.8471540983805035,26,5900467,0,0,0,0,1,1,0,0,0,0,0,0,1,2520,0.598015873015873,0.27976190476190477,0.07222222222222222,295,0.06779661016949153,0.30847457627118646,0.12542372881355932,0.43389830508474575,0.09491525423728814,0.03728813559322034,17,13,17,402,371.0,1.0,22.333333333333332,15,10276027,685068.4666666667,0.5333333333333333,0.06666666666666667,0.0,0.2,0.06666666666666667,0.2,0.13333333333333333,0.2,0.2,392,0.09948979591836735,0.07908163265306123,0.16071428571428573,0.05102040816326531,0.14285714285714285,0.20408163265306123,0.09183673469387756,0.17091836734693877,97,0.13402061855670103,0.05154639175257732,0.35051546391752575,0.25773195876288657,0.21649484536082475,0.0,0.12371134020618557
U0103,1,0.7321853360808669,57,16258804,1,0,0,0,0,0,0,0,0,0,1,1,0,2700,0.5792592592592593,0.23407407407407407,0.04814814814814815,177,0.05084745762711865,0.288135593220339,0.062146892655367235,0.4915254237288136,0.11299435028248588,0.04519774011299435,19,19,13,372,472.0,1.0,26.571428571428573,14,11418976,815641.1428571428,0.7142857142857143,0.07142857142857142,0.21428571428571427,0.2857142857142857,0.07142857142857142,0.14285714285714285,0.0,0.07142857142857142,0.21428571428571427,325,0.07692307692307693,0.08615384615384615,0.14461538461538462,0.08307692307692308,0.1723076923076923,0.18769230769230769,0.09538461538461539,0.15384615384615385,64,0.078125,0.09375,0.359375,0.203125,0.28125,0.015625,0.046875
U0104,0,0.6579593096031274,50,19031988,0,1,0,0,0,0,0,0,0,1,0,1,0,2610,0.5988505747126437,0.18659003831417625,0.02567049808429119,183,0.06557377049180328,0.2185792349726776,0.10382513661202186,0.5191256830601093,0.08743169398907104,0.07103825136612021,21,20,19,562,309.0,1.0,28.1,23,15635615,679809.3478260869,0.4782608695652174,0.13043478260869565,0.17391304347826086,0.17391304347826086,0.13043478260869565,0.08695652173913043,0.13043478260869565,0.043478260869565216,0.2608695652173913,222,0.06306306306306306,0.07657657657657657,0.15315315315315314,0.05855855855855856,0.17117117117117117,0.22972972972972974,0.06306306306306306,0.18468468468468469,95,0.05263157894736842,0.1368421052631579,0.2631578947368421,0.18947368421052632,0.22105263157894736,0.031578947368421054,0.15789473684210525
U0105,1,0.9071851277215912,41,8586675,0,0,1,0,0,0,0,0,1,0,0,1,0,2880,0.6246527777777777,0.2534722222222222,0.060069444444444446,235,0.06808510638297872,0.2723404255319149,0.11063829787234042,0.451063829787234,0.09361702127659574,0.07234042553191489,14,13,7,305,402.0,3.0,38.125,15,6858470,457231.3333333333,0.4,0.06666666666666667,0.13333333333333333,0.0,0.4,0.0,0.2,0.2,0.06666666666666667,278,0.05755395683453238,0.09352517985611511,0.16906474820143885,0.09352517985611511,0.11870503597122302,0.24100719424460432,0.07553956834532374,0.1510791366906475,103,0.0970873786407767,0.08737864077669903,0.3592233009708738,0.14563106796116504,0.24271844660194175,0.02912621359223301,0.13592233009708737
U0106,0,0.7184101323144447,59,18238521,0,1,0,0,0,0,1,0,0,0,0,0,1,3600,0.5975,0.2225,0.041944444444444444,180,0.044444444444444446,0.2777777777777778,0.13333333333333333,0.4222222222222222,0.10555555555555556,0.06111111111111111,19,18,15,473,404.0,0.0,29.5625,17,11236245,660955.5882352941,0.47058823529411764,0.11764705882352941,0.058823529411764705,0.17647058823529413,0.11764705882352941,0.23529411764705882,0.11764705882352941,0.058823529411764705,0.23529411764705882,170,0.047058823529411764,0.058823529411764705,0.18235294117647058,0.07647058823529412,0.10588235294117647,0.2411764705882353,0.12352941176470589,0.16470588235294117,84,0.08333333333333333,0.07142857142857142,0.35714285714285715,0.16666666666666666,0.2976190476190476,0.023809523809523808,0.08333333333333333
U0107,0,0.6969124058285028,30,19269113,1,0,0,0,0,0,0,0,0,0,1,1,0,3690,0.6032520325203252,0.21436314363143633,0.036585365853658534,146,0.04794520547945205,0.2671232876712329,0.0958904109589041,0.4863013698630137,0.10273972602739725,0.04794520547945205,22,19,24,394,508.0,1.0,15.76,17,7023915,413171.4705882353,0.5294117647058824,0.29411764705882354,0.17647058823529413,0.17647058823529413,0.11764705882352941,0.11764705882352941,0.17647058823529413,0.11764705882352941,0.11764705882352941,208,0.07211538461538461,0.12980769230769232,0.17307692307692307,0.08653846153846154,0.1201923076923077,0.16826923076923078,0.057692307692307696,0.19230769230769232,44,0.06818181818181818,0.09090909090909091,0.3409090909090909,0.13636363636363635,0.29545454545454547,0.022727272727272728,0.11363636363636363
U0108,1,0.7795066024687419,31,11882807,1,0,0,0,0,0,1,0,0,0,0,0,1,2970,0.5976430976430976,0.2505050505050505,0.05084175084175084,177,0.06779661016949153,0.288135593220339,0.14124293785310735,0.423728813559322,0.07344632768361582,0.07344632768361582,21,18,29,432,347.0,0.0,14.4,10,10880160,1088016.0,0.2,0.1,0.0,0.3,0.1,0.2,0.2,0.0,0.2,347,0.06340057636887608,0.06628242074927954,0.19020172910662825,0.07204610951008646,0.13256484149855907,0.2276657060518732,0.09221902017291066,0.15561959654178675,85,0.11764705882352941,0.09411764705882353,0.3411764705882353,0.2,0.25882352941176473,0.011764705882352941,0.09411764705882353
U0109,1,0.8077575020162083,22,16350748,0,1,0,0,0,0,1,0,0,0,0,1,0,1350,0.6022222222222222,0.22962962962962963,0.044444444444444446,173,0.06936416184971098,0.2658959537572254,0.11560693641618497,0.4913294797687861,0.10404624277456648,0.023121387283236993,22,19,19,509,604.0,1.0,25.45,20,15120974,756048.7,0.5,0.15,0.05,0.1,0.15,0.15,0.15,0.2,0.2,323,0.08359133126934984,0.09597523219814241,0.1609907120743034,0.07120743034055728,0.16718266253869968,0.17956656346749225,0.09907120743034056,0.14241486068111456,92,0.07608695652173914,0.10869565217391304,0.34782608695652173,0.2608695652173913,0.20652173913043478,0.021739130434782608,0.05434782608695652
U0110,1,0.9036517718975392,47,9561658,0,0,0,0,1,1,0,0,0,0,0,1,0,2700,0.6237037037037036,0.2811111111111111,0.0674074074074074,71,0.08450704225352113,0.30985915492957744,0.09859154929577464,0.4647887323943662,0.07042253521126761,0.056338028169014086,18,16,17,456,432.0,0.0,25.333333333333332,17,11634820,684401.1764705882,0.7647058823529411,0.23529411764705882,0.058823529411764705,0.23529411764705882,0.0,0.17647058823529413,0.17647058823529413,0.058823529411764705,0.29411764705882354,128,0.078125,0.1015625,0.140625,0.078125,0.1171875,0.234375,0.0546875,0.1953125,33,0.12121212121212122,0.06060606060606061,0.45454545454545453,0.3333333333333333,0.06060606060606061,0.030303030303030304,0.06060606060606061
U0111,1,0.9166737375183052,37,5417020,0,0,0,0,1,0,0,1,0,0,0,1,0,1980,0.6136363636363636,0.32323232323232326,0.08232323232323233,181,0.08287292817679558,0.2596685082872928,0.11602209944751381,0.4696132596685083,0.09392265193370165,0.06077348066298342,14,13,14,294,441.0,0.0,19.6,8,6514060,814257.5,0.25,0.625,0.25,0.125,0.0,0.125,0.25,0.125,0.125,112,0.0625,0.08035714285714286,0.15178571428571427,0.07142857142857142,0.13392857142857142,0.21428571428571427,0.08928571428571429,0.19642857142857142,33,0.030303030303030304,0.09090909090909091,0.36363636363636365,0.21212121212121213,0.2727272727272727,0.0,0.06060606060606061
U0112,1,0.871260301108563,58,13141028,0,0,1,0,0,0,0,0,0,0,1,0,1,3240,0.5938271604938271,0.25308641975308643,0.05648148148148148,228,0.07894736842105263,0.3026315789473684,0.14473684210526316,0.39035087719298245,0.13157894736842105,0.03070175438596491,18,16,12,438,478.0,2.0,33.69230769230769,18,11018895,612160.8333333334,0.5,0.2777777777777778,0.05555555555555555,0.0,0.1111111111111111,0.3333333333333333,0.16666666666666666,0.1111111111111111,0.2222222222222222,165,0.07272727272727272,0.10303030303030303,0.12727272727272726,0.10909090909090909,0.1696969696969697,0.2,0.09696969696969697,0.12121212121212122,99,0.06060606060606061,0.050505050505050504,0.35353535353535354,0.1919191919191919,0.26262626262626265,0.030303030303030304,0.1111111111111111
U0113,1,0.7345243519337793,55,17398321,0,1,0,0,0,0,1,0,0,0,0,0,1,3060,0.5964052287581699,0.2196078431372549,0.042483660130718956,180,0.06111111111111111,0.22777777777777777,0.15,0.45,0.12222222222222222,0.05,21,20,24,561,369.0,0.0,22.44,26,14587835,561070.5769230769,0.5384615384615384,0.0,0.0,0.07692307692307693,0.23076923076923078,0.15384615384615385,0.3076923076923077,0.11538461538461539,0.11538461538461539,329,0.0911854103343465,0.08814589665653495,0.1580547112462006,0.08206686930091185,0.1641337386018237,0.19148936170212766,0.07598784194528875,0.14893617021276595,90,0.05555555555555555,0.06666666666666667,0.4222222222222222,0.1111111111111111,0.25555555555555554,0.022222222222222223,0.12222222222222222
U0114,1,0.7880300894115136,27,17909677,0,0,0,1,0,0,0,1,0,0,0,0,1,2700,0.6177777777777778,0.24592592592592594,0.04777777777777778,289,0.05536332179930796,0.30103806228373703,0.11418685121107267,0.4429065743944637,0.10034602076124567,0.04152249134948097,18,15,15,488,507.0,0.0,30.5,17,12837884,755169.6470588235,0.6470588235294118,0.11764705882352941,0.11764705882352941,0.058823529411764705,0.058823529411764705,0.23529411764705882,0.17647058823529413,0.17647058823529413,0.17647058823529413,138,0.10869565217391304,0.043478260869565216,0.14492753623188406,0.07971014492753623,0.11594202898550725,0.2826086956521739,0.07246376811594203,0.15217391304347827,59,0.0847457627118644,0.06779661016949153,0.288135593220339,0.23728813559322035,0.3389830508474576,0.01694915254237288,0.05084745762711865
U0115,1,0.7878298999543919,25,13851111,1,0,0,0,0,1,0,0,0,0,0,1,0,2520,0.6123015873015873,0.24761904761904763,0.050793650793650794,276,0.07246376811594203,0.2826086956521739,0.14130434782608695,0.4384057971014493,0.09782608695652174,0.03985507246376811,18,15,9,482,162.0,1.0,48.2,13,13619534,1047656.4615384615,0.6153846153846154,0.15384615384615385,0.07692307692307693,0.15384615384615385,0.15384615384615385,0.23076923076923078,0.07692307692307693,0.3076923076923077,0.0,206,0.07766990291262135,0.06310679611650485,0.1262135922330097,0.05825242718446602,0.15048543689320387,0.22815533980582525,0.10194174757281553,0.1941747572815534,107,0.11214953271028037,0.09345794392523364,0.411214953271028,0.1588785046728972,0.2336448598130841,0.009345794392523364,0.09345794392523364
U0116,1,0.5953987976224856,33,25886675,0,1,0,0,0,0,0,0,0,1,0,1,0,2970,0.6138047138047138,0.12760942760942762,0.007407407407407408,168,0.023809523809523808,0.22023809523809523,0.13690476190476192,0.4583333333333333,0.11904761904761904,0.06547619047619048,22,19,18,642,322.0,0.0,33.78947368421053,25,19912267,796490.68,0.32,0.2,0.2,0.2,0.12,0.04,0.2,0.16,0.08,166,0.0783132530120482,0.04216867469879518,0.20481927710843373,0.04216867469879518,0.1566265060240964,0.2891566265060241,0.030120481927710843,0.1566265060240964,67,0.08955223880597014,0.11940298507462686,0.34328358208955223,0.22388059701492538,0.19402985074626866,0.0,0.11940298507462686
U0117,0,0.7916394120030117,39,15069263,0,1,0,0,0,0,0,0,0,1,0,0,1,2070,0.5806763285024155,0.20917874396135266,0.033816425120772944,262,0.04961832061068702,0.2748091603053435,0.12213740458015267,0.46564885496183206,0.08015267175572519,0.05725190839694656,17,17,16,409,290.0,1.0,24.058823529411764,10,8902333,890233.3,0.3,0.1,0.2,0.2,0.2,0.1,0.0,0.1,0.2,152,0.07236842105263158,0.046052631578947366,0.18421052631578946,0.07236842105263158,0.23026315789473684,0.1513157894736842,0.05263157894736842,0.19078947368421054,60,0.03333333333333333,0.0,0.45,0.23333333333333334,0.15,0.03333333333333333,0.13333333333333333
U0118,1,0.9038814678631376,53,4966206,0,0,0,0,1,0,0,0,1,0,0,0,1,3330,0.6111111111111112,0.34384384384384387,0.0960960960960961,180,0.06111111111111111,0.29444444444444445,0.13333333333333333,0.42777777777777776,0.11666666666666667,0.027777777777777776,15,15,15,297,463.0,2.0,18.5625,9,5018483,557609.2222222222,0.7777777777777778,0.1111111111111111,0.2222222222222222,0.2222222222222222,0.1111111111111111,0.2222222222222222,0.0,0.0,0.2222222222222222,322,0.08074534161490683,0.06521739130434782,0.15217391304347827,0.11801242236024845,0.13975155279503104,0.2111801242236025,0.09627329192546584,0.13664596273291926,48,0.10416666666666667,0.10416666666666667,0.3958333333333333,0.20833333333333334,0.25,0.020833333333333332,0.020833333333333332
U0119,1,0.8317474364451339,23,10907906,0,0,1,0,0,0,0,0,0,0,1,0,1,3690,0.5856368563685637,0.2815718157181572,0.05880758807588076,230,0.0782608695652174,0.30869565217391304,0.12173913043478261,0.41304347826086957,0.09565217391304348,0.06086956521739131,18,15,19,400,447.0,1.0,20.0,5,3218503,643700.6,0.8,0.0,0.0,0.0,0.4,0.0,0.4,0.2,0.0,357,0.05322128851540616,0.09243697478991597,0.14565826330532214,0.1092436974789916,0.13165266106442577,0.22128851540616246,0.1092436974789916,0.13725490196078433,57,0.12280701754385964,0.05263157894736842,0.3157894736842105,0.3333333333333333,0.19298245614035087,0.017543859649122806,0.08771929824561403
U0120,0,0.8594317827760206,28,10858587,1,0,0,0,0,0,0,1,0,0,0,0,1,3420,0.6023391812865497,0.28421052631578947,0.0695906432748538,179,0.0670391061452514,0.2905027932960894,0.12849162011173185,0.43575418994413406,0.1005586592178771,0.0446927374301676,16,14,15,295,317.0,1.0,18.4375,16,14194261,887141.3125,0.75,0.0625,0.1875,0.125,0.25,0.375,0.0,0.0,0.0625,337,0.05934718100890208,0.06528189910979229,0.16023738872403562,0.09198813056379822,0.12166172106824925,0.26409495548961426,0.0771513353115727,0.16023738872403562,68,0.058823529411764705,0.04411764705882353,0.4117647058823529,0.14705882352941177,0.23529411764705882,0.014705882352941176,0.14705882352941177
U0121,0,0.4888581661899115,20,22437041,0,1,0,0,0,0,0,1,0,0,0,1,0,2070,0.5951690821256038,0.1357487922705314,0.012077294685990338,198,0.045454545454545456,0.23737373737373738,0.13636363636363635,0.43434343434343436,0.14646464646464646,0.045454545454545456,22,20,16,690,209.0,1.0,40.588235294117645,22,17870259,812284.5,0.2727272727272727,0.09090909090909091,0.13636363636363635,0.13636363636363635,0.13636363636363635,0.13636363636363635,0.09090909090909091,0.22727272727272727,0.13636363636363635,263,0.057034220532319393,0.08365019011406843,0.19011406844106463,0.030418250950570342,0.13688212927756654,0.2965779467680608,0.034220532319391636,0.17110266159695817,10,0.0,0.0,0.5,0.1,0.3,0.0,0.1
U0122,1,0.8539854555958744,51,11199537,1,0,0,0,0,0,0,0,0,0,1,0,1,2880,0.6097222222222223,0.24305555555555555,0.05347222222222222,266,0.07894736842105263,0.21804511278195488,0.11278195488721804,0.48872180451127817,0.12781954887218044,0.05263157894736842,17,17,9,435,270.0,0.0,43.5,13,15285559,1175812.2307692308,0.46153846153846156,0.07692307692307693,0.15384615384615385,0.23076923076923078,0.15384615384615385,0.07692307692307693,0.07692307692307693,0.15384615384615385,0.15384615384615385,186,0.053763440860215055,0.0913978494623656,0.10215053763440861,0.06989247311827956,0.11827956989247312,0.3010752688172043,0.06989247311827956,0.1935483870967742,84,0.07142857142857142,0.047619047619047616,0.2857142857142857,0.25,0.30952380952380953,0.023809523809523808,0.08333333333333333
U0123,1,0.5116509447498728,21,27643095,0,0,0,1,0,0,0,0,0,1,0,1,0,3150,0.6050793650793651,0.17809523809523808,0.025714285714285714,300,0.056666666666666664,0.3333333333333333,0.13666666666666666,0.36333333333333334,0.10666666666666667,0.06,20,17,21,502,461.0,0.0,22.818181818181817,15,7850015,523334.3333333333,0.4666666666666667,0.0,0.3333333333333333,0.06666666666666667,0.06666666666666667,0.13333333333333333,0.06666666666666667,0.13333333333333333,0.2,100,0.12,0.08,0.1,0.04,0.12,0.31,0.06,0.17,69,0.057971014492753624,0.08695652173913043,0.34782608695652173,0.2318840579710145,0.2898550724637681,0.014492753623188406,0.028985507246376812
U0124,1,0.796582202852511,25,12749885,0,0,1,0,0,0,1,0,0,0,0,1,0,1620,0.5944444444444444,0.2975308641975309,0.08333333333333333,199,0.08040201005025126,0.2914572864321608,0.1306532663316583,0.41708542713567837,0.10552763819095477,0.05527638190954774,18,17,12,379,285.0,0.0,29.153846153846153,11,12464108,1133100.7272727273,0.36363636363636365,0.0,0.09090909090909091,0.36363636363636365,0.09090909090909091,0.0,0.0,0.18181818181818182,0.2727272727272727,196,0.061224489795918366,0.07142857142857142,0.18877551020408162,0.09183673469387756,0.10204081632653061,0.1836734693877551,0.08673469387755102,0.21428571428571427,36,0.16666666666666666,0.19444444444444445,0.2222222222222222,0.3333333333333333,0.19444444444444445,0.027777777777777776,0.027777777777777776
U0125,1,0.7997085103413615,32,11228173,0,1,0,0,0,0,0,0,0,0,1,1,0,2430,0.6123456790123457,0.29835390946502055,0.08436213991769548,211,0.06635071090047394,0.3127962085308057,0.11848341232227488,0.4265402843601896,0.10900473933649289,0.03317535545023697,15,15,18,299,470.0,0.0,15.736842105263158,8,4459010,557376.25,0.375,0.125,0.125,0.0,0.25,0.25,0.125,0.125,0.125,127,0.06299212598425197,0.10236220472440945,0.14960629921259844,0.07874015748031496,0.14960629921259844,0.23622047244094488,0.07874015748031496,0.14173228346456693,77,0.07792207792207792,0.07792207792207792,0.37662337662337664,0.1038961038961039,0.2727272727272727,0.03896103896103896,0.12987012987012986
U0126,1,0.85716149578078,55,10987947,0,0,1,0,0,0,0,1,0,0,0,1,0,2610,0.5980842911877394,0.2509578544061303,0.050191570881226055,164,0.07317073170731707,0.3475609756097561,0.08536585365853659,0.4634146341463415,0.06097560975609756,0.042682926829268296,17,15,23,391,336.0,2.0,16.291666666666668,14,9088922,649208.7142857143,0.5714285714285714,0.2857142857142857,0.2857142857142857,0.21428571428571427,0.07142857142857142,0.21428571428571427,0.07142857142857142,0.0,0.14285714285714285,322,0.07142857142857142,0.06832298136645963,0.15217391304347827,0.06521739130434782,0.14596273291925466,0.20496894409937888,0.10869565217391304,0.18322981366459629,55,0.07272727272727272,0.09090909090909091,0.34545454545454546,0.18181818181818182,0.2,0.05454545454545454,0.12727272727272726
U0127,1,0.8522690131022519,55,14254754,1,0,0,0,0,0,0,0,0,0,1,1,0,1350,0.6074074074074074,0.25407407407407406,0.04814814814814815,261,0.06513409961685823,0.24904214559386972,0.13409961685823754,0.4559386973180077,0.1111111111111111,0.04980842911877394,23,21,24,404,558.0,0.0,16.16,31,27063561,873018.0967741936,0.5483870967741935,0.1935483870967742,0.0967741935483871,0.3548387096774194,0.06451612903225806,0.22580645161290322,0.06451612903225806,0.16129032258064516,0.03225806451612903,181,0.07734806629834254,0.10497237569060773,0.1712707182320442,0.06629834254143646,0.11602209944751381,0.2154696132596685,0.09944751381215469,0.14917127071823205,92,0.09782608695652174,0.06521739130434782,0.358695652173913,0.2608695652173913,0.2717391304347826,0.010869565217391304,0.03260869565217391
U0128,1,0.8645926590114255,34,13024547,0,1,0,0,0,0,0,1,0,0,0,1,0,1980,0.601010101010101,0.27424242424242423,0.06666666666666667,256,0.06640625,0.29296875,0.1171875,0.44140625,0.08984375,0.05859375,16,15,9,375,435.0,0.0,37.5,15,11606893,773792.8666666667,0.6,0.06666666666666667,0.06666666666666667,0.2,0.4666666666666667,0.0,0.0,0.13333333333333333,0.13333333333333333,179,0.061452513966480445,0.061452513966480445,0.17318435754189945,0.061452513966480445,0.18435754189944134,0.16759776536312848,0.11731843575418995,0.17318435754189945,110,0.06363636363636363,0.06363636363636363,0.35454545454545455,0.16363636363636364,0.2818181818181818,0.03636363636363636,0.1
U0129,1,0.875178161701088,37,11508398,0,0,1,0,0,0,0,1,0,0,0,0,1,2790,0.6075268817204301,0.2118279569892473,0.035842293906810034,317,0.05993690851735016,0.2586750788643533,0.12618296529968454,0.4668769716088328,0.08832807570977919,0.05993690851735016,18,16,16,354,344.0,0.0,20.823529411764707,14,6980951,498639.35714285716,0.5,0.35714285714285715,0.21428571428571427,0.14285714285714285,0.35714285714285715,0.0,0.14285714285714285,0.0,0.14285714285714285,213,0.10328638497652583,0.09389671361502347,0.10328638497652583,0.051643192488262914,0.18779342723004694,0.22065727699530516,0.06103286384976526,0.1784037558685446,110,0.02727272727272727,0.1,0.33636363636363636,0.2545454545454545,0.20909090909090908,0.01818181818181818,0.08181818181818182
U0130,0,0.8880568405098168,34,9735154,0,0,1,0,0,0,1,0,0,0,0,0,1,1890,0.5920634920634921,0.32592592592592595,0.09682539682539683,222,0.09009009009009009,0.2882882882882883,0.0945945945945946,0.49099099099099097,0.0990990990990991,0.02702702702702703,16,14,21,333,554.0,2.0,15.136363636363637,16,8992060,562003.75,0.625,0.125,0.25,0.125,0.0,0.0625,0.125,0.125,0.3125,383,0.06005221932114883,0.08877284595300261,0.1801566579634465,0.0731070496083551,0.1462140992167102,0.17754569190600522,0.14882506527415143,0.12532637075718014,109,0.11009174311926606,0.13761467889908258,0.3211009174311927,0.1834862385321101,0.22935779816513763,0.01834862385321101,0.11009174311926606
U0131,1,0.6860931529388727,30,19210741,0,1,0,0,0,0,0,0,0,0,1,0,1,1890,0.5878306878306878,0.18465608465608466,0.021693121693121695,212,0.04245283018867924,0.28773584905660377,0.14622641509433962,0.4481132075471698,0.09905660377358491,0.018867924528301886,18,16,15,440,332.0,0.0,27.5,15,10093056,672870.4,0.4,0.2,0.26666666666666666,0.06666666666666667,0.13333333333333333,0.06666666666666667,0.2,0.2,0.06666666666666667,40,0.1,0.1,0.125,0.125,0.0,0.325,0.075,0.15,88,0.056818181818181816,0.011363636363636364,0.42045454545454547,0.1590909090909091,0.2159090909090909,0.022727272727272728,0.17045454545454544
U0132,1,0.8646366777033992,23,14821714,1,0,0,0,0,0,0,0,1,0,0,0,1,2610,0.5934865900383142,0.2639846743295019,0.06321839080459771,266,0.07894736842105263,0.2819548872180451,0.13533834586466165,0.4548872180451128,0.09022556390977443,0.03759398496240601,19,16,13,449,87.0,1.0,32.07142857142857,19,11270212,593169.052631579,0.631578947368421,0.15789473684210525,0.21052631578947367,0.10526315789473684,0.10526315789473684,0.15789473684210525,0.21052631578947367,0.15789473684210525,0.05263157894736842,321,0.07476635514018691,0.09345794392523364,0.17757009345794392,0.09657320872274143,0.08722741433021806,0.24299065420560748,0.08722741433021806,0.14018691588785046,71,0.1267605633802817,0.056338028169014086,0.39436619718309857,0.11267605633802817,0.29577464788732394,0.028169014084507043,0.11267605633802817
U0133,0,0.5740889920462734,41,20779992,0,1,0,0,0,1,0,0,0,0,0,1,0,2700,0.5948148148148148,0.18407407407407408,0.022222222222222223,362,0.055248618784530384,0.2955801104972376,0.13812154696132597,0.3756906077348066,0.12430939226519337,0.06629834254143646,22,21,14,586,271.0,0.0,39.06666666666667,14,13817741,986981.5,0.42857142857142855,0.14285714285714285,0.07142857142857142,0.21428571428571427,0.21428571428571427,0.0,0.0,0.35714285714285715,0.14285714285714285,432,0.09722222222222222,0.0763888888888889,0.1527777777777778,0.07175925925925926,0.14814814814814814,0.2175925925925926,0.0787037037037037,0.1574074074074074,99,0.06060606060606061,0.08080808080808081,0.35353535353535354,0.1717171717171717,0.2222222222222222,0.050505050505050504,0.12121212121212122
U0134,1,0.8304414806578924,32,13747422,0,0,1,0,0,0,0,1,0,0,0,0,1,3240,0.6151234567901235,0.27685185185185185,0.0691358024691358,195,0.06666666666666667,0.27692307692307694,0.11794871794871795,0.47692307692307695,0.09743589743589744,0.03076923076923077,16,15,17,358,643.0,0.0,19.88888888888889,12,10985785,915482.0833333334,0.4166666666666667,0.16666666666666666,0.16666666666666666,0.16666666666666666,0.08333333333333333,0.08333333333333333,0.16666666666666666,0.25,0.08333333333333333,349,0.08022922636103152,0.07736389684813753,0.1833810888252149,0.09169054441260745,0.14040114613180515,0.20630372492836677,0.0830945558739255,0.13753581661891118,80,0.125,0.0625,0.25,0.2625,0.275,0.0125,0.1375
U0135,1,0.5661875645356039,47,21461268,0,1,0,0,0,0,0,0,0,1,0,0,1,1980,0.6126262626262626,0.16464646464646465,0.023232323232323233,194,0.05154639175257732,0.2422680412371134,0.17525773195876287,0.422680412371134,0.11855670103092783,0.041237113402061855,18,17,18,399,673.0,0.0,21.0,22,13174698,598849.9090909091,0.4090909090909091,0.045454545454545456,0.13636363636363635,0.045454545454545456,0.13636363636363635,0.13636363636363635,0.13636363636363635,0.22727272727272727,0.18181818181818182,231,0.11255411255411256,0.0735930735930736,0.16883116883116883,0.03896103896103896,0.09956709956709957,0.2077922077922078,0.05194805194805195,0.24675324675324675,53,0.018867924528301886,0.05660377358490566,0.4339622641509434,0.20754716981132076,0.20754716981132076,0.018867924528301886,0.07547169811320754
U0136,1,0.8789076525286582,51,7642032,0,0,1,0,0,1,0,0,0,0,0,0,1,2880,0.6045138888888889,0.3246527777777778,0.08506944444444445,161,0.09937888198757763,0.2360248447204969,0.12422360248447205,0.43478260869565216,0.13043478260869565,0.07453416149068323,13,13,9,216,445.0,1.0,21.6,6,1314167,219027.83333333334,0.6666666666666666,0.16666666666666666,0.0,0.0,0.0,0.0,0.3333333333333333,0.3333333333333333,0.3333333333333333,293,0.06143344709897611,0.09215017064846416,0.15699658703071673,0.09897610921501707,0.11945392491467577,0.20819112627986347,0.09897610921501707,0.16382252559726962,85,0.15294117647058825,0.047058823529411764,0.32941176470588235,0.21176470588235294,0.3058823529411765,0.023529411764705882,0.08235294117647059
U0137,1,0.9315056799258736,25,6056405,0,0,0,0,1,0,0,0,0,0,1,0,1,3330,0.5960960960960962,0.3228228228228228,0.08978978978978978,205,0.09268292682926829,0.2682926829268293,0.1024390243902439,0.4926829268292683,0.08780487804878048,0.04878048780487805,18,16,11,364,217.0,0.0,30.333333333333332,22,12043495,547431.5909090909,0.5909090909090909,0.22727272727272727,0.2727272727272727,0.18181818181818182,0.045454545454545456,0.09090909090909091,0.13636363636363635,0.09090909090909091,0.18181818181818182,237,0.09282700421940929,0.08860759493670886,0.16455696202531644,0.0970464135021097,0.10126582278481013,0.21518987341772153,0.12658227848101267,0.11392405063291139,116,0.14655172413793102,0.06896551724137931,0.35344827586206895,0.1810344827586207,0.27586206896551724,0.0,0.1206896551724138
U0138,1,0.9325651125019748,25,6240451,0,0,0,0,1,1,0,0,0,0,0,0,1,2250,0.6022222222222222,0.3551111111111111,0.11288888888888889,205,0.08292682926829269,0.28292682926829266,0.15121951219512195,0.43902439024390244,0.08780487804878048,0.03902439024390244,15,15,6,286,303.0,1.0,40.857142857142854,15,11819921,787994.7333333333,0.6,0.13333333333333333,0.26666666666666666,0.06666666666666667,0.06666666666666667,0.2,0.06666666666666667,0.2,0.13333333333333333,266,0.045112781954887216,0.08646616541353383,0.11654135338345864,0.10902255639097744,0.12781954887218044,0.23308270676691728,0.14285714285714285,0.13909774436090225,33,0.18181818181818182,0.06060606060606061,0.3939393939393939,0.21212121212121213,0.24242424242424243,0.0,0.09090909090909091
U0139,0,0.6194331339428374,50,15934976,0,1,0,0,0,0,0,0,0,0,1,1,0,2250,0.5862222222222222,0.12488888888888888,0.009333333333333334,164,0.054878048780487805,0.31097560975609756,0.10365853658536585,0.39634146341463417,0.09146341463414634,0.0975609756097561,21,17,11,599,419.0,0.0,49.916666666666664,9,2779720,308857.77777777775,0.6666666666666666,0.1111111111111111,0.3333333333333333,0.1111111111111111,0.1111111111111111,0.0,0.3333333333333333,0.0,0.1111111111111111,181,0.0718232044198895,0.11602209944751381,0.18232044198895028,0.011049723756906077,0.13812154696132597,0.2430939226519337,0.049723756906077346,0.1878453038674033,46,0.043478260869565216,0.06521739130434782,0.32608695652173914,0.2391304347826087,0.30434782608695654,0.021739130434782608,0.043478260869565216
U0140,1,0.8072313749135768,31,18257898,0,1,0,0,0,1,0,0,0,0,0,1,0,1350,0.58,0.22814814814814816,0.040740740740740744,173,0.057803468208092484,0.2947976878612717,0.09826589595375723,0.48554913294797686,0.07514450867052024,0.046242774566473986,21,18,13,445,262.0,5.0,31.785714285714285,5,6384911,1276982.2,0.6,0.0,0.2,0.4,0.0,0.0,0.2,0.0,0.2,90,0.06666666666666667,0.1111111111111111,0.16666666666666666,0.05555555555555555,0.14444444444444443,0.23333333333333334,0.06666666666666667,0.15555555555555556,66,0.09090909090909091,0.10606060606060606,0.3787878787878788,0.18181818181818182,0.22727272727272727,0.015151515151515152,0.09090909090909091
U0141,1,0.8302240099585614,38,15749599,0,1,0,0,0,0,1,0,0,0,0,0,1,3690,0.5994579945799458,0.24878048780487805,0.05447154471544716,150,0.06,0.29333333333333333,0.11333333333333333,0.42,0.12666666666666668,0.04666666666666667,16,14,11,316,456.0,0.0,26.333333333333332,12,7627801,635650.0833333334,0.5,0.25,0.25,0.08333333333333333,0.25,0.25,0.0,0.08333333333333333,0.08333333333333333,271,0.08118081180811808,0.07380073800738007,0.15498154981549817,0.06273062730627306,0.15129151291512916,0.22509225092250923,0.08118081180811808,0.16974169741697417,87,0.13793103448275862,0.09195402298850575,0.3218390804597701,0.22988505747126436,0.27586206896551724,0.0,0.08045977011494253
U0142,1,0.8937698897269366,40,4542537,0,0,0,0,1,0,0,0,0,0,1,0,1,3510,0.6,0.34273504273504274,0.10256410256410256,165,0.07272727272727272,0.28484848484848485,0.11515151515151516,0.43636363636363634,0.12121212121212122,0.04242424242424243,18,15,8,412,560.0,0.0,45.77777777777778,16,8636495,539780.9375,0.75,0.125,0.0,0.0,0.25,0.3125,0.1875,0.0625,0.1875,276,0.07246376811594203,0.07971014492753623,0.14492753623188406,0.11231884057971014,0.09782608695652174,0.2318840579710145,0.11231884057971014,0.14855072463768115,90,0.12222222222222222,0.18888888888888888,0.4111111111111111,0.13333333333333333,0.15555555555555556,0.0,0.1111111111111111
U0143,1,0.6475517388691022,58,24858108,0,1,0,0,0,1,0,0,0,0,0,1,0,1350,0.5874074074074074,0.14592592592592593,0.02074074074074074,159,0.0440251572327044,0.2893081761006289,0.1069182389937107,0.5157232704402516,0.050314465408805034,0.03773584905660377,17,15,16,395,245.0,1.0,23.235294117647058,13,9248513,711424.0769230769,0.3076923076923077,0.0,0.23076923076923078,0.15384615384615385,0.07692307692307693,0.15384615384615385,0.15384615384615385,0.23076923076923078,0.0,257,0.08560311284046693,0.07003891050583658,0.1556420233463035,0.058365758754863814,0.13229571984435798,0.2490272373540856,0.042801556420233464,0.20622568093385213,65,0.07692307692307693,0.09230769230769231,0.2923076923076923,0.2923076923076923,0.16923076923076924,0.0,0.15384615384615385
U0144,1,0.7307684877175774,21,19470629,1,0,0,0,0,0,0,0,0,0,1,1,0,1350,0.6103703703703703,0.23703703703703705,0.03851851851851852,304,0.05263157894736842,0.3059210526315789,0.12828947368421054,0.39473684210526316,0.12171052631578948,0.049342105263157895,16,15,10,351,651.0,0.0,31.90909090909091,29,15001173,517281.8275862069,0.6896551724137931,0.06896551724137931,0.2413793103448276,0.06896551724137931,0.10344827586206896,0.2413793103448276,0.06896551724137931,0.06896551724137931,0.20689655172413793,297,0.05723905723905724,0.07407407407407407,0.1414141414141414,0.08417508417508418,0.1414141414141414,0.2727272727272727,0.08080808080808081,0.14814814814814814,74,0.05405405405405406,0.06756756756756757,0.3783783783783784,0.20270270270270271,0.24324324324324326,0.02702702702702703,0.08108108108108109
U0145,1,0.8231748538968009,37,12565421,0,0,0,1,0,1,0,0,0,0,0,0,1,3420,0.5976608187134503,0.24473684210526317,0.046198830409356725,183,0.06557377049180328,0.26229508196721313,0.11475409836065574,0.4644808743169399,0.11475409836065574,0.04371584699453552,17,16,12,290,372.0,0.0,22.307692307692307,15,10125230,675015.3333333334,0.5333333333333333,0.2,0.06666666666666667,0.13333333333333333,0.0,0.26666666666666666,0.06666666666666667,0.06666666666666667,0.4,129,0.08527131782945736,0.06976744186046512,0.1937984496124031,0.031007751937984496,0.13178294573643412,0.2248062015503876,0.11627906976744186,0.14728682170542637,61,0.13114754098360656,0.08196721311475409,0.4098360655737705,0.18032786885245902,0.2459016393442623,0.01639344262295082,0.06557377049180328
U0146,1,0.9103520413350658,37,6414188,0,0,0,0,1,0,0,0,0,1,0,1,0,2880,0.5864583333333333,0.26006944444444446,0.06354166666666666,244,0.0778688524590164,0.2336065573770492,0.09836065573770492,0.5040983606557377,0.09836065573770492,0.06557377049180328,18,18,18,431,455.0,0.0,22.68421052631579,5,1989025,397805.0,0.6,0.2,0.0,0.0,0.4,0.0,0.2,0.2,0.2,355,0.061971830985915494,0.056338028169014086,0.14084507042253522,0.08169014084507042,0.15774647887323945,0.21971830985915494,0.10704225352112676,0.17464788732394365,76,0.07894736842105263,0.10526315789473684,0.32894736842105265,0.21052631578947367,0.27631578947368424,0.02631578947368421,0.05263157894736842
U0147,0,0.6221539976332604,29,20352800,0,1,0,0,0,1,0,0,0,0,0,1,0,2340,0.6132478632478633,0.1811965811965812,0.02264957264957265,180,0.06111111111111111,0.2722222222222222,0.09444444444444444,0.49444444444444446,0.1,0.03888888888888889,17,16,17,407,257.0,0.0,22.61111111111111,8,6035332,754416.5,0.25,0.125,0.25,0.125,0.0,0.0,0.125,0.375,0.125,402,0.07960199004975124,0.12437810945273632,0.16417910447761194,0.03980099502487562,0.14676616915422885,0.22388059701492538,0.05472636815920398,0.16666666666666666,77,0.07792207792207792,0.012987012987012988,0.4025974025974026,0.18181818181818182,0.2987012987012987,0.012987012987012988,0.09090909090909091
U0148,0,0.4579336313883434,43,26053549,0,1,0,0,0,1,0,0,0,0,0,0,1,2250,0.5768888888888889,0.13333333333333333,0.011555555555555555,273,0.03663003663003663,0.26373626373626374,0.09523809523809523,0.46153846153846156,0.10989010989010989,0.0695970695970696,23,21,19,713,581.0,1.0,35.65,16,15829469,989341.8125,0.3125,0.0,0.0,0.0625,0.125,0.1875,0.0625,0.375,0.1875,323,0.09907120743034056,0.08668730650154799,0.2260061919504644,0.02786377708978328,0.14241486068111456,0.21671826625386997,0.04024767801857585,0.1609907120743034,76,0.039473684210526314,0.06578947368421052,0.32894736842105265,0.19736842105263158,0.27631578947368424,0.02631578947368421,0.10526315789473684
U0149,1,0.7138822257779213,34,13765595,0,0,1,0,0,1,0,0,0,0,0,0,1,2610,0.6088122605363985,0.2467432950191571,0.05134099616858238,174,0.08045977011494253,0.3505747126436782,0.10344827586206896,0.40804597701149425,0.06321839080459771,0.07471264367816093,12,12,9,288,563.0,0.0,28.8,14,12111413,865100.9285714285,0.5,0.07142857142857142,0.07142857142857142,0.14285714285714285,0.21428571428571427,0.21428571428571427,0.07142857142857142,0.14285714285714285,0.14285714285714285,311,0.04180064308681672,0.10932475884244373,0.17041800643086816,0.06109324758842444,0.12218649517684887,0.2282958199356913,0.07395498392282958,0.19292604501607716,104,0.09615384615384616,0.125,0.33653846153846156,0.25,0.22115384615384615,0.009615384615384616,0.057692307692307696
U0150,1,0.8447338971031498,47,17154656,0,1,0,0,0,0,0,1,0,0,0,0,1,2610,0.6126436781609196,0.23218390804597702,0.0475095785440613,204,0.04411764705882353,0.2107843137254902,0.14215686274509803,0.5196078431372549,0.10294117647058823,0.024509803921568627,20,16,21,420,296.0,1.0,19.09090909090909,15,8429671,561978.0666666667,0.4666666666666667,0.2,0.26666666666666666,0.06666666666666667,0.13333333333333333,0.0,0.2,0.2,0.13333333333333333,256,0.09375,0.08984375,0.1328125,0.05859375,0.1484375,0.21875,0.09765625,0.16015625,116,0.09482758620689655,0.09482758620689655,0.3017241379310345,0.29310344827586204,0.1896551724137931,0.017241379310344827,0.10344827586206896
U0151,0,0.6318578036026257,46,24113874,0,1,0,0,0,0,0,0,0,1,0,1,0,1530,0.5947712418300654,0.14248366013071895,0.011764705882352941,275,0.04,0.24363636363636362,0.12727272727272726,0.48727272727272725,0.09818181818181818,0.04363636363636364,21,18,16,481,320.0,1.0,28.294117647058822,22,21670308,985014.0,0.3181818181818182,0.13636363636363635,0.13636363636363635,0.13636363636363635,0.045454545454545456,0.36363636363636365,0.18181818181818182,0.13636363636363635,0.0,339,0.07374631268436578,0.07964601769911504,0.15634218289085547,0.04424778761061947,0.168141592920354,0.20058997050147492,0.06784660766961652,0.20943952802359883,86,0.05813953488372093,0.09302325581395349,0.3023255813953488,0.16279069767441862,0.2441860465116279,0.05813953488372093,0.13953488372093023
U0152,1,0.5218408302692341,28,26224829,0,1,0,0,0,0,0,0,0,0,1,0,1,3870,0.610594315245478,0.18010335917312661,0.02144702842377261,342,0.049707602339181284,0.30409356725146197,0.13742690058479531,0.40058479532163743,0.1023391812865497,0.05555555555555555,22,21,20,471,398.0,1.0,22.428571428571427,11,9165130,833193.6363636364,0.5454545454545454,0.09090909090909091,0.09090909090909091,0.18181818181818182,0.0,0.36363636363636365,0.09090909090909091,0.09090909090909091,0.18181818181818182,182,0.04945054945054945,0.07692307692307693,0.14285714285714285,0.016483516483516484,0.12087912087912088,0.2967032967032967,0.0989010989010989,0.1978021978021978,87,0.022988505747126436,0.09195402298850575,0.3563218390804598,0.19540229885057472,0.26436781609195403,0.034482758620689655,0.05747126436781609
U0153,1,0.7971164643704362,58,13034724,0,1,0,0,0,0,0,0,1,0,0,0,1,3420,0.5997076023391813,0.23567251461988303,0.0435672514619883,168,0.08333333333333333,0.34523809523809523,0.11904761904761904,0.3869047619047619,0.07738095238095238,0.07142857142857142,20,17,13,485,502.0,1.0,34.642857142857146,9,9156431,1017381.2222222222,0.5555555555555556,0.1111111111111111,0.0,0.1111111111111111,0.4444444444444444,0.0,0.1111111111111111,0.2222222222222222,0.1111111111111111,267,0.052434456928838954,0.0749063670411985,0.18352059925093633,0.052434456928838954,0.14606741573033707,0.250936329588015,0.0898876404494382,0.149812734082397,37,0.02702702702702703,0.08108108108108109,0.4864864864864865,0.1891891891891892,0.16216216216216217,0.0,0.08108108108108109
U0154,1,0.6923328358869115,41,19289963,0,1,0,0,0,0,0,0,1,0,0,1,0,900,0.5944444444444444,0.1411111111111111,0.016666666666666666,228,0.043859649122807015,0.29385964912280704,0.10964912280701754,0.4517543859649123,0.10526315789473684,0.039473684210526314,21,17,16,558,231.0,1.0,32.8235294117647,19,23862507,1255921.4210526317,0.47368421052631576,0.10526315789473684,0.15789473684210525,0.21052631578947367,0.05263157894736842,0.10526315789473684,0.15789473684210525,0.21052631578947367,0.10526315789473684,332,0.08132530120481928,0.0783132530120482,0.20783132530120482,0.04216867469879518,0.15963855421686746,0.23795180722891565,0.0391566265060241,0.1536144578313253,104,0.0673076923076923,0.09615384615384616,0.28846153846153844,0.23076923076923078,0.25961538461538464,0.019230769230769232,0.10576923076923077
U0155,1,0.7185391134895093,22,18650680,0,1,0,0,0,0,0,0,0,1,0,0,1,3420,0.595906432748538,0.1780701754385965,0.024269005847953218,219,0.0593607305936073,0.2922374429223744,0.1461187214611872,0.3789954337899543,0.1004566210045662,0.0821917808219178,20,17,10,479,322.0,2.0,43.54545454545455,14,12804213,914586.6428571428,0.5,0.07142857142857142,0.07142857142857142,0.2857142857142857,0.07142857142857142,0.21428571428571427,0.21428571428571427,0.0,0.14285714285714285,142,0.06338028169014084,0.09154929577464789,0.1056338028169014,0.04225352112676056,0.19718309859154928,0.29577464788732394,0.04225352112676056,0.1619718309859155,79,0.0759493670886076,0.12658227848101267,0.35443037974683544,0.17721518987341772,0.189873417721519,0.02531645569620253,0.12658227848101267
U0156,1,0.8354870580476677,24,19599186,0,0,0,1,0,0,1,0,0,0,0,0,1,2520,0.5761904761904761,0.25476190476190474,0.05714285714285714,167,0.08383233532934131,0.2934131736526946,0.11976047904191617,0.46107784431137727,0.07784431137724551,0.04790419161676647,14,12,15,298,144.0,1.0,18.625,15,13421252,894750.1333333333,0.6,0.06666666666666667,0.13333333333333333,0.2,0.13333333333333333,0.13333333333333333,0.2,0.06666666666666667,0.13333333333333333,211,0.08530805687203792,0.07582938388625593,0.15165876777251186,0.09004739336492891,0.15165876777251186,0.17535545023696683,0.09004739336492891,0.18009478672985782,112,0.10714285714285714,0.08928571428571429,0.36607142857142855,0.1875,0.25892857142857145,0.026785714285714284,0.07142857142857142
U0157,1,0.7642109527059253,32,14945699,1,0,0,0,0,0,0,0,0,0,1,0,1,3600,0.5922222222222222,0.27,0.05638888888888889,114,0.06140350877192982,0.3508771929824561,0.11403508771929824,0.39473684210526316,0.10526315789473684,0.03508771929824561,11,10,10,210,367.0,0.0,19.09090909090909,6,1915675,319279.1666666667,0.5,0.0,0.16666666666666666,0.16666666666666666,0.3333333333333333,0.16666666666666666,0.16666666666666666,0.0,0.0,212,0.10377358490566038,0.1179245283018868,0.19811320754716982,0.07075471698113207,0.09905660377358491,0.20754716981132076,0.08018867924528301,0.12264150943396226,107,0.08411214953271028,0.028037383177570093,0.4485981308411215,0.14953271028037382,0.2523364485981308,0.028037383177570093,0.09345794392523364
U0158,0,0.6333960336975559,38,22842958,0,1,0,0,0,0,0,0,0,1,0,0,1,2790,0.5982078853046595,0.15913978494623657,0.013261648745519713,169,0.05325443786982249,0.2485207100591716,0.08875739644970414,0.4970414201183432,0.1301775147928994,0.03550295857988166,24,21,18,653,285.0,1.0,34.36842105263158,17,13908283,818134.2941176471,0.47058823529411764,0.058823529411764705,0.17647058823529413,0.17647058823529413,0.11764705882352941,0.23529411764705882,0.11764705882352941,0.17647058823529413,0.0,257,0.07392996108949416,0.08949416342412451,0.1867704280155642,0.054474708171206226,0.13229571984435798,0.26459143968871596,0.054474708171206226,0.14396887159533073,55,0.03636363636363636,0.07272727272727272,0.36363636363636365,0.2,0.23636363636363636,0.0,0.12727272727272726
U0159,1,0.5556092175186156,36,26307518,0,0,0,1,0,0,0,0,0,1,0,0,1,360,0.6277777777777778,0.19444444444444445,0.03888888888888889,253,0.05928853754940711,0.3241106719367589,0.11462450592885376,0.391304347826087,0.1225296442687747,0.04743083003952569,20,18,15,419,299.0,2.0,26.1875,22,13001232,590965.0909090909,0.5,0.13636363636363635,0.09090909090909091,0.045454545454545456,0.18181818181818182,0.22727272727272727,0.2727272727272727,0.13636363636363635,0.045454545454545456,102,0.06862745098039216,0.058823529411764705,0.21568627450980393,0.029411764705882353,0.11764705882352941,0.27450980392156865,0.049019607843137254,0.18627450980392157,125,0.064,0.048,0.352,0.232,0.224,0.024,0.12
U0160,1,0.8587505472934908,38,14727204,0,1,0,0,0,0,1,0,0,0,0,0,1,1620,0.6080246913580247,0.25246913580246916,0.043209876543209874,152,0.06578947368421052,0.3618421052631579,0.10526315789473684,0.40131578947368424,0.09868421052631579,0.03289473684210526,19,17,8,417,481.0,2.0,46.333333333333336,17,13166851,774520.6470588235,0.5882352941176471,0.11764705882352941,0.058823529411764705,0.29411764705882354,0.29411764705882354,0.0,0.058823529411764705,0.11764705882352941,0.17647058823529413,387,0.06459948320413436,0.10852713178294573,0.1731266149870801,0.06459948320413436,0.16795865633074936,0.20671834625322996,0.059431524547803614,0.15503875968992248,54,0.05555555555555555,0.05555555555555555,0.37037037037037035,0.16666666666666666,0.3333333333333333,0.037037037037037035,0.037037037037037035
U0161,0,0.6603098072988633,55,17669277,0,1,0,0,0,0,0,1,0,0,0,1,0,2340,0.6068376068376068,0.25982905982905985,0.05128205128205128,268,0.08582089552238806,0.2873134328358209,0.13805970149253732,0.4216417910447761,0.09701492537313433,0.055970149253731345,15,14,16,352,516.0,3.0,20.705882352941178,17,12960295,762370.2941176471,0.47058823529411764,0.23529411764705882,0.23529411764705882,0.17647058823529413,0.0,0.058823529411764705,0.058823529411764705,0.29411764705882354,0.17647058823529413,304,0.05263157894736842,0.10855263157894737,0.18092105263157895,0.08881578947368421,0.10526315789473684,0.1875,0.10197368421052631,0.17434210526315788,50,0.1,0.1,0.3,0.16,0.32,0.0,0.12
U0162,1,0.6127818026192959,46,21400376,0,1,0,0,0,0,0,0,0,0,1,0,1,2160,0.6222222222222222,0.16064814814814815,0.021296296296296296,239,0.05439330543933055,0.2384937238493724,0.13389121338912133,0.497907949790795,0.0794979079497908,0.0502092050209205,18,17,15,510,407.0,1.0,31.875,16,9280468,580029.25,0.5,0.0625,0.0625,0.25,0.0625,0.125,0.3125,0.0,0.1875,348,0.08045977011494253,0.08333333333333333,0.1724137931034483,0.04597701149425287,0.10919540229885058,0.23850574712643677,0.05747126436781609,0.21264367816091953,62,0.04838709677419355,0.06451612903225806,0.3709677419354839,0.22580645161290322,0.25806451612903225,0.0,0.08064516129032258
U0163,1,0.7209580210607228,36,15666351,0,1,0,0,0,0,0,0,0,1,0,0,1,3240,0.5864197530864198,0.2154320987654321,0.03888888888888889,220,0.05909090909090909,0.34545454545454546,0.11363636363636363,0.38181818181818183,0.11363636363636363,0.045454545454545456,17,17,19,305,495.0,0.0,15.25,23,19530379,849146.9130434783,0.6086956521739131,0.13043478260869565,0.17391304347826086,0.17391304347826086,0.08695652173913043,0.13043478260869565,0.21739130434782608,0.13043478260869565,0.08695652173913043,226,0.07079646017699115,0.11061946902654868,0.1592920353982301,0.04424778761061947,0.13716814159292035,0.28761061946902655,0.06637168141592921,0.12389380530973451,66,0.07575757575757576,0.030303030303030304,0.42424242424242425,0.21212121212121213,0.19696969696969696,0.015151515151515152,0.12121212121212122
U0164,1,0.7135330112319759,45,18399622,0,1,0,0,0,0,0,0,1,0,0,1,0,1890,0.5947089947089947,0.21746031746031746,0.03333333333333333,165,0.06666666666666667,0.296969696969697,0.12727272727272726,0.44242424242424244,0.06666666666666667,0.06666666666666667,16,16,17,372,353.0,2.0,20.666666666666668,17,14156252,832720.7058823529,0.47058823529411764,0.17647058823529413,0.29411764705882354,0.11764705882352941,0.058823529411764705,0.11764705882352941,0.11764705882352941,0.23529411764705882,0.058823529411764705,366,0.07103825136612021,0.08469945355191257,0.16939890710382513,0.0546448087431694,0.14754098360655737,0.2459016393442623,0.06557377049180328,0.16120218579234974,94,0.031914893617021274,0.06382978723404255,0.425531914893617,0.22340425531914893,0.19148936170212766,0.010638297872340425,0.0851063829787234
U0165,0,0.731883458951372,49,21545321,0,1,0,0,0,0,0,0,0,0,1,1,0,1620,0.604320987654321,0.16666666666666666,0.021604938271604937,209,0.04784688995215311,0.2822966507177033,0.1674641148325359,0.41148325358851673,0.10526315789473684,0.03349282296650718,21,21,21,483,683.0,2.0,21.954545454545453,18,10171201,565066.7222222222,0.3333333333333333,0.16666666666666666,0.2222222222222222,0.05555555555555555,0.1111111111111111,0.05555555555555555,0.16666666666666666,0.3333333333333333,0.05555555555555555,325,0.06461538461538462,0.07076923076923076,0.15384615384615385,0.036923076923076927,0.15076923076923077,0.2923076923076923,0.06153846153846154,0.16923076923076924,59,0.03389830508474576,0.1016949152542373,0.3728813559322034,0.1694915254237288,0.2711864406779661,0.03389830508474576,0.05084745762711865
U0166,1,0.8196963936101347,28,17235387,0,0,0,1,0,0,1,0,0,0,0,0,1,3150,0.6149206349206349,0.2492063492063492,0.05015873015873016,210,0.06666666666666667,0.2857142857142857,0.1,0.45714285714285713,0.09523809523809523,0.06190476190476191,19,18,19,372,480.0,0.0,18.6,22,30481480,1385521.8181818181,0.5,0.2727272727272727,0.18181818181818182,0.36363636363636365,0.045454545454545456,0.09090909090909091,0.045454545454545456,0.13636363636363635,0.13636363636363635,243,0.04938271604938271,0.07818930041152264,0.14814814814814814,0.07407407407407407,0.13991769547325103,0.25102880658436216,0.07818930041152264,0.18106995884773663,75,0.09333333333333334,0.08,0.4666666666666667,0.10666666666666667,0.2,0.013333333333333334,0.13333333333333333
U0167,0,0.5664852034505675,26,20169855,0,1,0,0,0,1,0,0,0,0,0,0,1,2790,0.6136200716845878,0.17168458781362006,0.01863799283154122,181,0.03867403314917127,0.2596685082872928,0.11602209944751381,0.4419889502762431,0.13812154696132597,0.04419889502762431,20,20,12,572,497.0,0.0,44.0,17,15808668,929921.6470588235,0.4117647058823529,0.058823529411764705,0.058823529411764705,0.23529411764705882,0.17647058823529413,0.29411764705882354,0.0,0.23529411764705882,0.0,248,0.10080645161290322,0.06048387096774194,0.15725806451612903,0.028225806451612902,0.1532258064516129,0.2701612903225806,0.04032258064516129,0.18951612903225806,59,0.03389830508474576,0.11864406779661017,0.4067796610169492,0.1016949152542373,0.1694915254237288,0.05084745762711865,0.15254237288135594
U0168,0,0.6517978270352188,38,19164809,0,0,0,1,0,1,0,0,0,0,0,0,1,3150,0.606031746031746,0.1853968253968254,0.028888888888888888,265,0.07169811320754717,0.30566037735849055,0.09433962264150944,0.45660377358490567,0.09056603773584905,0.052830188679245285,22,19,28,533,377.0,1.0,18.379310344827587,12,7967634,663969.5,0.3333333333333333,0.3333333333333333,0.16666666666666666,0.08333333333333333,0.25,0.08333333333333333,0.0,0.16666666666666666,0.25,132,0.06060606060606061,0.08333333333333333,0.16666666666666666,0.05303030303030303,0.13636363636363635,0.2727272727272727,0.045454545454545456,0.18181818181818182,91,0.03296703296703297,0.07692307692307693,0.37362637362637363,0.21978021978021978,0.26373626373626374,0.01098901098901099,0.054945054945054944
U0169,1,0.7109736599298211,43,16817835,0,1,0,0,0,1,0,0,0,0,0,0,1,3240,0.5907407407407408,0.17716049382716048,0.026851851851851852,265,0.05660377358490566,0.26037735849056604,0.1018867924528302,0.49433962264150944,0.07924528301886792,0.06415094339622641,18,16,8,526,351.0,1.0,58.44444444444444,15,5181358,345423.86666666664,0.4666666666666667,0.2,0.3333333333333333,0.06666666666666667,0.13333333333333333,0.0,0.13333333333333333,0.13333333333333333,0.2,328,0.08841463414634146,0.11585365853658537,0.15853658536585366,0.07317073170731707,0.11280487804878049,0.2225609756097561,0.07317073170731707,0.15548780487804878,42,0.023809523809523808,0.09523809523809523,0.2619047619047619,0.3333333333333333,0.23809523809523808,0.023809523809523808,0.047619047619047616
U0170,0,0.8466278371340478,40,12446199,0,0,0,1,0,0,0,1,0,0,0,0,1,3240,0.6058641975308642,0.24753086419753087,0.05462962962962963,230,0.06521739130434782,0.2826086956521739,0.10869565217391304,0.3826086956521739,0.1782608695652174,0.04782608695652174,14,13,11,346,472.0,2.0,28.833333333333332,20,14215057,710752.85,0.65,0.2,0.3,0.15,0.15,0.15,0.05,0.15,0.05,162,0.09259259259259259,0.08641975308641975,0.19135802469135801,0.08024691358024691,0.11728395061728394,0.2222222222222222,0.06790123456790123,0.1419753086419753,104,0.09615384615384616,0.04807692307692308,0.33653846153846156,0.22115384615384615,0.3076923076923077,0.009615384615384616,0.07692307692307693
U0171,1,0.8502213087117214,29,15416143,0,1,0,0,0,0,0,1,0,0,0,0,1,2250,0.6075555555555555,0.26844444444444443,0.06177777777777778,257,0.07782101167315175,0.2840466926070039,0.1245136186770428,0.4357976653696498,0.08949416342412451,0.06614785992217899,20,20,22,475,425.0,1.0,20.652173913043477,15,9808605,653907.0,0.8,0.13333333333333333,0.2,0.06666666666666667,0.06666666666666667,0.06666666666666667,0.06666666666666667,0.4,0.13333333333333333,270,0.05185185185185185,0.07777777777777778,0.15185185185185185,0.07777777777777778,0.11851851851851852,0.26666666666666666,0.06666666666666667,0.18888888888888888,10,0.0,0.0,0.5,0.3,0.1,0.0,0.1
U0172,1,0.8062464732967513,34,16832755,0,1,0,0,0,0,0,0,0,0,1,1,0,3060,0.5967320261437908,0.3179738562091503,0.07777777777777778,116,0.09482758620689655,0.28448275862068967,0.0603448275862069,0.5,0.1206896551724138,0.034482758620689655,17,17,17,393,488.0,1.0,21.833333333333332,18,6109232,339401.77777777775,0.5555555555555556,0.1111111111111111,0.05555555555555555,0.05555555555555555,0.2222222222222222,0.16666666666666666,0.05555555555555555,0.1111111111111111,0.3333333333333333,358,0.0670391061452514,0.08659217877094973,0.14804469273743018,0.07262569832402235,0.13687150837988826,0.2011173184357542,0.12849162011173185,0.15921787709497207,101,0.0891089108910891,0.13861386138613863,0.3564356435643564,0.09900990099009901,0.2871287128712871,0.019801980198019802,0.09900990099009901
U0173,1,0.709561185794554,42,18453082,0,1,0,0,0,0,1,0,0,0,0,0,1,3240,0.5895061728395061,0.21790123456790123,0.05,287,0.07317073170731707,0.2613240418118467,0.12195121951219512,0.42857142857142855,0.14982578397212543,0.03832752613240418,15,14,14,331,467.0,1.0,22.066666666666666,24,19546012,814417.1666666666,0.25,0.08333333333333333,0.125,0.16666666666666666,0.08333333333333333,0.25,0.041666666666666664,0.20833333333333334,0.125,180,0.1,0.07777777777777778,0.1,0.07222222222222222,0.16666666666666666,0.26666666666666666,0.06666666666666667,0.15,76,0.15789473684210525,0.11842105263157894,0.32894736842105265,0.19736842105263158,0.27631578947368424,0.013157894736842105,0.06578947368421052
U0174,1,0.7180021747890585,34,14326123,0,0,0,1,0,0,0,0,1,0,0,1,0,4410,0.5922902494331066,0.22925170068027212,0.04217687074829932,191,0.07329842931937172,0.2356020942408377,0.09424083769633508,0.4607329842931937,0.16753926701570682,0.041884816753926704,15,15,13,333,570.0,2.0,23.785714285714285,7,5222335,746047.8571428572,0.42857142857142855,0.14285714285714285,0.14285714285714285,0.14285714285714285,0.0,0.14285714285714285,0.0,0.2857142857142857,0.2857142857142857,135,0.06666666666666667,0.08148148148148149,0.22962962962962963,0.07407407407407407,0.14074074074074075,0.2,0.08148148148148149,0.1259259259259259,93,0.053763440860215055,0.06451612903225806,0.40860215053763443,0.1827956989247312,0.21505376344086022,0.010752688172043012,0.11827956989247312
U0175,1,0.9117967932932224,51,8824441,0,0,0,0,1,0,0,0,0,1,0,1,0,2070,0.6,0.30579710144927535,0.0821256038647343,232,0.06896551724137931,0.3017241379310345,0.13793103448275862,0.38362068965517243,0.09913793103448276,0.07758620689655173,18,17,18,351,246.0,2.0,18.473684210526315,15,11826735,788449.0,0.7333333333333333,0.3333333333333333,0.06666666666666667,0.2,0.13333333333333333,0.13333333333333333,0.13333333333333333,0.2,0.13333333333333333,204,0.05392156862745098,0.09313725490196079,0.12745098039215685,0.09803921568627451,0.13725490196078433,0.20098039215686275,0.12745098039215685,0.16176470588235295,113,0.12389380530973451,0.07079646017699115,0.3008849557522124,0.19469026548672566,0.25663716814159293,0.02654867256637168,0.1504424778761062
U0176,1,0.7893896925879814,23,16971922,0,0,0,1,0,0,1,0,0,0,0,1,0,2430,0.6012345679012345,0.22016460905349794,0.043209876543209874,100,0.05,0.26,0.11,0.52,0.07,0.04,19,18,13,484,217.0,1.0,34.57142857142857,12,12322034,1026836.1666666666,0.3333333333333333,0.25,0.0,0.3333333333333333,0.25,0.08333333333333333,0.0,0.08333333333333333,0.25,433,0.07852193995381063,0.09006928406466513,0.18013856812933027,0.050808314087759814,0.13856812933025403,0.22863741339491916,0.08314087759815242,0.15011547344110854,97,0.07216494845360824,0.05154639175257732,0.28865979381443296,0.24742268041237114,0.30927835051546393,0.010309278350515464,0.09278350515463918
U0177,1,0.718317050677383,57,16785354,0,1,0,0,0,1,0,0,0,0,0,1,0,3510,0.6051282051282051,0.15612535612535614,0.018518518518518517,211,0.05687203791469194,0.2985781990521327,0.12796208530805686,0.46445497630331756,0.052132701421800945,0.05687203791469194,21,19,14,577,344.0,1.0,38.46666666666667,19,18101226,952696.1052631579,0.2631578947368421,0.2631578947368421,0.0,0.3157894736842105,0.15789473684210525,0.3157894736842105,0.21052631578947367,0.0,0.0,295,0.08813559322033898,0.1152542372881356,0.17966101694915254,0.013559322033898305,0.14915254237288136,0.22033898305084745,0.04067796610169491,0.19322033898305085,80,0.0875,0.0375,0.3875,0.2125,0.2375,0.025,0.1
U0178,0,0.7052968560944799,47,15606529,0,1,0,0,0,0,0,0,0,1,0,1,0,4230,0.5969267139479906,0.19078014184397163,0.027186761229314422,158,0.05063291139240506,0.25316455696202533,0.21518987341772153,0.379746835443038,0.12025316455696203,0.03164556962025317,18,17,11,508,310.0,2.0,42.333333333333336,23,18541136,806136.3478260869,0.4782608695652174,0.13043478260869565,0.2608695652173913,0.08695652173913043,0.08695652173913043,0.17391304347826086,0.08695652173913043,0.21739130434782608,0.08695652173913043,384,0.07291666666666667,0.1015625,0.17708333333333334,0.041666666666666664,0.14322916666666666,0.1875,0.08333333333333333,0.19270833333333334,120,0.05,0.058333333333333334,0.35,0.225,0.23333333333333334,0.025,0.10833333333333334
U0179,1,0.9083019540073116,36,4419867,0,0,0,0,1,0,0,0,0,0,1,0,1,3420,0.5885964912280702,0.27251461988304093,0.07192982456140351,215,0.07441860465116279,0.3209302325581395,0.09767441860465116,0.4186046511627907,0.11627906976744186,0.046511627906976744,15,15,14,266,314.0,3.0,17.733333333333334,8,5530886,691360.75,0.75,0.0,0.125,0.125,0.125,0.0,0.125,0.25,0.25,419,0.06921241050119331,0.07637231503579953,0.16467780429594273,0.07159904534606205,0.162291169451074,0.18615751789976134,0.12171837708830549,0.14797136038186157,70,0.11428571428571428,0.1,0.37142857142857144,0.17142857142857143,0.22857142857142856,0.0,0.12857142857142856
U0180,1,0.8334594283226515,25,14127599,0,0,1,0,0,0,0,1,0,0,0,0,1,3870,0.6046511627906976,0.2625322997416021,0.059431524547803614,140,0.07857142857142857,0.25,0.10714285714285714,0.4642857142857143,0.14285714285714285,0.03571428571428571,15,13,14,323,227.0,0.0,21.533333333333335,22,19327702,878531.9090909091,0.5,0.18181818181818182,0.09090909090909091,0.18181818181818182,0.22727272727272727,0.045454545454545456,0.13636363636363635,0.2727272727272727,0.045454545454545456,219,0.0821917808219178,0.1050228310502283,0.1917808219178082,0.0867579908675799,0.1415525114155251,0.2009132420091324,0.0593607305936073,0.1324200913242009,64,0.15625,0.109375,0.328125,0.234375,0.203125,0.0,0.125
U0181,1,0.7321218131693591,33,19362869,0,0,0,1,0,0,0,1,0,0,0,1,0,3510,0.6054131054131054,0.2601139601139601,0.06125356125356125,257,0.07003891050583658,0.2490272373540856,0.09727626459143969,0.48249027237354086,0.11284046692607004,0.058365758754863814,17,17,19,435,406.0,1.0,21.75,14,6613703,472407.35714285716,0.5714285714285714,0.14285714285714285,0.21428571428571427,0.0,0.07142857142857142,0.07142857142857142,0.21428571428571427,0.21428571428571427,0.21428571428571427,230,0.06521739130434782,0.13478260869565217,0.14782608695652175,0.0782608695652174,0.12608695652173912,0.20869565217391303,0.08695652173913043,0.15217391304347827,103,0.08737864077669903,0.05825242718446602,0.3592233009708738,0.21359223300970873,0.21359223300970873,0.02912621359223301,0.1262135922330097
U0182,1,0.8780394182564858,57,14890695,0,0,0,1,0,0,0,0,0,0,1,1,0,3510,0.5977207977207977,0.25242165242165243,0.05413105413105413,192,0.06770833333333333,0.3072916666666667,0.16145833333333334,0.4114583333333333,0.08854166666666667,0.03125,16,13,12,388,449.0,0.0,29.846153846153847,22,16130629,733210.4090909091,0.5,0.18181818181818182,0.09090909090909091,0.13636363636363635,0.13636363636363635,0.13636363636363635,0.2727272727272727,0.09090909090909091,0.13636363636363635,161,0.06832298136645963,0.07453416149068323,0.15527950310559005,0.055900621118012424,0.14906832298136646,0.20496894409937888,0.10559006211180125,0.18633540372670807,83,0.08433734939759036,0.10843373493975904,0.3373493975903614,0.1686746987951807,0.30120481927710846,0.0,0.08433734939759036
U0183,1,0.659107612288247,38,26208730,0,0,0,1,0,0,0,0,1,0,0,1,0,1080,0.6212962962962963,0.19444444444444445,0.030555555555555555,323,0.05572755417956656,0.30030959752321984,0.13312693498452013,0.4458204334365325,0.07430340557275542,0.04643962848297214,19,19,14,469,401.0,1.0,31.266666666666666,25,13915358,556614.32,0.48,0.24,0.12,0.12,0.2,0.08,0.28,0.12,0.08,263,0.07984790874524715,0.09125475285171103,0.18250950570342206,0.03802281368821293,0.13688212927756654,0.2509505703422053,0.045627376425855515,0.17490494296577946,76,0.11842105263157894,0.05263157894736842,0.39473684210526316,0.23684210526315788,0.27631578947368424,0.0,0.039473684210526314
U0184,1,0.845054229858082,33,10257521,0,0,1,0,0,0,0,0,0,1,0,1,0,1530,0.6130718954248366,0.27058823529411763,0.06797385620915032,176,0.08522727272727272,0.2897727272727273,0.09659090909090909,0.4772727272727273,0.10795454545454546,0.028409090909090908,18,14,12,423,442.0,1.0,32.53846153846154,12,7870609,655884.0833333334,0.75,0.25,0.25,0.08333333333333333,0.16666666666666666,0.16666666666666666,0.08333333333333333,0.08333333333333333,0.16666666666666666,328,0.07926829268292683,0.07621951219512195,0.16463414634146342,0.06402439024390244,0.1524390243902439,0.27134146341463417,0.057926829268292686,0.13414634146341464,106,0.1320754716981132,0.07547169811320754,0.3490566037735849,0.2830188679245283,0.1509433962264151,0.02830188679245283,0.11320754716981132
U0185,1,0.9455705539691104,33,9686652,0,0,1,0,0,0,1,0,0,0,0,1,0,3060,0.5866013071895425,0.3202614379084967,0.09869281045751634,221,0.08144796380090498,0.27149321266968324,0.1085972850678733,0.45248868778280543,0.10407239819004525,0.06334841628959276,17,15,16,424,497.0,4.0,24.941176470588236,10,9919949,991994.9,0.7,0.1,0.0,0.1,0.2,0.1,0.2,0.3,0.1,101,0.0594059405940594,0.07920792079207921,0.2079207920792079,0.0594059405940594,0.10891089108910891,0.297029702970297,0.07920792079207921,0.10891089108910891,72,0.18055555555555555,0.05555555555555555,0.3611111111111111,0.19444444444444445,0.19444444444444445,0.027777777777777776,0.16666666666666666
U0186,1,0.9199625696197496,39,6638732,0,0,1,0,0,0,0,1,0,0,0,0,1,2160,0.6074074074074074,0.2986111111111111,0.0699074074074074,209,0.10047846889952153,0.2679425837320574,0.09569377990430622,0.48325358851674644,0.11961722488038277,0.03349282296650718,15,13,12,362,491.0,1.0,27.846153846153847,21,8766010,417429.04761904763,0.7142857142857143,0.14285714285714285,0.19047619047619047,0.0,0.23809523809523808,0.14285714285714285,0.14285714285714285,0.14285714285714285,0.14285714285714285,278,0.06115107913669065,0.10071942446043165,0.1510791366906475,0.09712230215827339,0.1223021582733813,0.21223021582733814,0.10071942446043165,0.15467625899280577,98,0.14285714285714285,0.12244897959183673,0.32653061224489793,0.20408163265306123,0.2755102040816326,0.01020408163265306,0.061224489795918366
U0187,1,0.8904033825517184,57,4313507,0,0,0,0,1,0,1,0,0,0,0,1,0,3600,0.6091666666666666,0.3022222222222222,0.08361111111111111,212,0.08490566037735849,0.33490566037735847,0.11320754716981132,0.38207547169811323,0.1320754716981132,0.03773584905660377,14,13,10,325,339.0,0.0,29.545454545454547,6,4224715,704119.1666666666,0.5,0.5,0.3333333333333333,0.16666666666666666,0.16666666666666666,0.0,0.16666666666666666,0.0,0.16666666666666666,194,0.05670103092783505,0.08762886597938144,0.13917525773195877,0.07216494845360824,0.16494845360824742,0.23195876288659795,0.10309278350515463,0.14432989690721648,62,0.12903225806451613,0.0967741935483871,0.27419354838709675,0.11290322580645161,0.3548387096774194,0.03225806451612903,0.12903225806451613
U0188,0,0.8695604483929364,53,10318536,0,0,1,0,0,0,0,1,0,0,0,0,1,1980,0.5984848484848485,0.295959595959596,0.07424242424242425,252,0.07142857142857142,0.27380952380952384,0.13095238095238096,0.44841269841269843,0.1111111111111111,0.03571428571428571,17,15,11,347,391.0,3.0,28.916666666666668,16,8850815,553175.9375,0.5625,0.0,0.25,0.0,0.3125,0.3125,0.0,0.0625,0.0625,328,0.11280487804878049,0.10975609756097561,0.12804878048780488,0.0701219512195122,0.14634146341463414,0.20426829268292682,0.10670731707317073,0.12195121951219512,89,0.056179775280898875,0.06741573033707865,0.43820224719101125,0.11235955056179775,0.21348314606741572,0.033707865168539325,0.1348314606741573
U0189,1,0.7998914843133256,48,17040224,1,0,0,0,0,0,0,0,0,0,1,0,1,3510,0.6059829059829059,0.20284900284900284,0.03076923076923077,302,0.06291390728476821,0.24834437086092714,0.12582781456953643,0.48344370860927155,0.11258278145695365,0.029801324503311258,17,17,9,378,519.0,0.0,37.8,15,9700629,646708.6,0.4,0.2,0.06666666666666667,0.0,0.13333333333333333,0.4,0.2,0.06666666666666667,0.13333333333333333,429,0.06526806526806526,0.08158508158508158,0.14685314685314685,0.0675990675990676,0.14918414918414918,0.2634032634032634,0.07925407925407925,0.14685314685314685,70,0.014285714285714285,0.12857142857142856,0.4,0.14285714285714285,0.2,0.02857142857142857,0.1
U0190,0,0.7901275731422865,28,18528547,0,1,0,0,0,0,0,1,0,0,0,1,0,2700,0.5877777777777777,0.19,0.027037037037037037,265,0.06037735849056604,0.33962264150943394,0.12452830188679245,0.38113207547169814,0.10566037735849057,0.04905660377358491,20,19,14,468,187.0,0.0,31.2,12,7116514,593042.8333333334,0.9166666666666666,0.25,0.3333333333333333,0.0,0.16666666666666666,0.08333333333333333,0.0,0.16666666666666666,0.25,350,0.07428571428571429,0.08857142857142856,0.17714285714285713,0.06857142857142857,0.12285714285714286,0.21428571428571427,0.05714285714285714,0.19714285714285715,120,0.058333333333333334,0.058333333333333334,0.2916666666666667,0.19166666666666668,0.3,0.025,0.13333333333333333
U0191,1,0.7190762349361499,20,17075589,1,0,0,0,0,1,0,0,0,0,0,1,0,2700,0.5996296296296296,0.18851851851851853,0.03333333333333333,211,0.03317535545023697,0.24644549763033174,0.13270142180094788,0.44075829383886256,0.13270142180094788,0.04739336492890995,19,17,12,538,497.0,1.0,41.38461538461539,22,9960396,452745.2727272727,0.45454545454545453,0.045454545454545456,0.18181818181818182,0.09090909090909091,0.22727272727272727,0.13636363636363635,0.22727272727272727,0.0,0.13636363636363635,85,0.047058823529411764,0.07058823529411765,0.25882352941176473,0.08235294117647059,0.15294117647058825,0.2,0.047058823529411764,0.1411764705882353,127,0.06299212598425197,0.07086614173228346,0.3543307086614173,0.18110236220472442,0.25984251968503935,0.023622047244094488,0.11023622047244094
U0192,1,0.5881458055049154,44,24448883,0,1,0,0,0,0,0,0,0,0,1,0,1,720,0.5888888888888889,0.15416666666666667,0.013888888888888888,173,0.023121387283236993,0.27167630057803466,0.09248554913294797,0.4682080924855491,0.12138728323699421,0.046242774566473986,22,19,18,638,266.0,0.0,33.578947368421055,29,29854109,1029452.0344827586,0.5517241379310345,0.13793103448275862,0.06896551724137931,0.2413793103448276,0.10344827586206896,0.13793103448275862,0.10344827586206896,0.2413793103448276,0.10344827586206896,385,0.11428571428571428,0.1012987012987013,0.17142857142857143,0.04415584415584416,0.11948051948051948,0.24675324675324675,0.033766233766233764,0.16883116883116883,122,0.06557377049180328,0.05737704918032787,0.32786885245901637,0.1721311475409836,0.2540983606557377,0.040983606557377046,0.14754098360655737
U0193,0,0.6935084427030149,39,22537922,0,1,0,0,0,0,0,0,1,0,0,0,1,2340,0.6158119658119658,0.1935897435897436,0.023504273504273504,112,0.044642857142857144,0.26785714285714285,0.13392857142857142,0.44642857142857145,0.125,0.026785714285714284,20,19,21,495,550.0,0.0,22.5,25,14048335,561933.4,0.32,0.24,0.16,0.08,0.0,0.16,0.36,0.12,0.12,415,0.0891566265060241,0.0891566265060241,0.14457831325301204,0.04578313253012048,0.10843373493975904,0.22409638554216868,0.07228915662650602,0.22650602409638554,76,0.02631578947368421,0.07894736842105263,0.3684210526315789,0.21052631578947367,0.21052631578947367,0.02631578947368421,0.10526315789473684
U0194,1,0.68202251724057,33,21812547,0,1,0,0,0,0,0,1,0,0,0,1,0,2340,0.5995726495726496,0.1675213675213675,0.022222222222222223,200,0.065,0.27,0.14,0.425,0.11,0.055,19,18,20,406,495.0,2.0,19.333333333333332,10,9898253,989825.3,0.3,0.1,0.0,0.1,0.1,0.4,0.1,0.2,0.1,242,0.06198347107438017,0.09090909090909091,0.2066115702479339,0.04132231404958678,0.128099173553719,0.24380165289256198,0.07024793388429752,0.15702479338842976,46,0.043478260869565216,0.021739130434782608,0.34782608695652173,0.2391304347826087,0.30434782608695654,0.0,0.08695652173913043
U0195,1,0.7693667542044013,31,13216557,1,0,0,0,0,0,0,0,0,1,0,0,1,90,0.5333333333333333,0.24444444444444444,0.03333333333333333,131,0.05343511450381679,0.2366412213740458,0.1450381679389313,0.46564885496183206,0.09923664122137404,0.05343511450381679,14,14,10,368,325.0,1.0,33.45454545454545,15,6746856,449790.4,0.5333333333333333,0.13333333333333333,0.13333333333333333,0.06666666666666667,0.13333333333333333,0.13333333333333333,0.26666666666666666,0.0,0.26666666666666666,120,0.08333333333333333,0.10833333333333334,0.175,0.041666666666666664,0.13333333333333333,0.225,0.08333333333333333,0.15,45,0.06666666666666667,0.08888888888888889,0.35555555555555557,0.17777777777777778,0.26666666666666666,0.022222222222222223,0.08888888888888889
U0196,1,0.8565363646711792,37,14177396,0,0,1,0,0,0,0,1,0,0,0,1,0,1800,0.5883333333333334,0.275,0.07055555555555555,183,0.04918032786885246,0.2896174863387978,0.09289617486338798,0.4808743169398907,0.08196721311475409,0.0546448087431694,17,16,10,350,375.0,0.0,31.818181818181817,15,8550119,570007.9333333333,0.4,0.0,0.13333333333333333,0.06666666666666667,0.13333333333333333,0.13333333333333333,0.13333333333333333,0.2,0.2,219,0.1095890410958904,0.091324200913242,0.1141552511415525,0.0730593607305936,0.1461187214611872,0.1780821917808219,0.091324200913242,0.1963470319634703,104,0.125,0.11538461538461539,0.33653846153846156,0.20192307692307693,0.18269230769230768,0.009615384615384616,0.15384615384615385
U0197,1,0.8577018645732146,42,9665528,0,0,0,1,0,0,0,0,1,0,0,1,0,1710,0.5842105263157895,0.2795321637426901,0.05730994152046784,306,0.07516339869281045,0.22549019607843138,0.1111111111111111,0.4869281045751634,0.12418300653594772,0.05228758169934641,21,20,22,490,411.0,2.0,21.304347826086957,14,7080737,505766.9285714286,0.42857142857142855,0.35714285714285715,0.0,0.14285714285714285,0.14285714285714285,0.21428571428571427,0.14285714285714285,0.07142857142857142,0.2857142857142857,215,0.09302325581395349,0.07906976744186046,0.16279069767441862,0.08372093023255814,0.13488372093023257,0.26046511627906976,0.08372093023255814,0.10232558139534884,101,0.09900990099009901,0.15841584158415842,0.2871287128712871,0.18811881188118812,0.24752475247524752,0.019801980198019802,0.09900990099009901
U0198,1,0.88909477636392,56,5003464,0,0,0,0,1,1,0,0,0,0,0,1,0,1890,0.6084656084656085,0.33756613756613757,0.08835978835978836,243,0.09465020576131687,0.32510288065843623,0.1522633744855967,0.38271604938271603,0.08641975308641975,0.053497942386831275,15,14,21,300,430.0,0.0,13.636363636363637,12,5913610,492800.8333333333,0.5,0.5,0.0,0.0,0.4166666666666667,0.25,0.16666666666666666,0.16666666666666666,0.0,330,0.06363636363636363,0.11515151515151516,0.2,0.07272727272727272,0.1393939393939394,0.1787878787878788,0.09393939393939393,0.13636363636363635,82,0.13414634146341464,0.10975609756097561,0.4024390243902439,0.15853658536585366,0.17073170731707318,0.04878048780487805,0.10975609756097561
U0199,1,0.7215732426797865,53,14247290,0,1,0,0,0,1,0,0,0,0,0,1,0,2430,0.5962962962962963,0.22757201646090536,0.04691358024691358,301,0.07308970099667775,0.30564784053156147,0.10963455149501661,0.43521594684385384,0.08637873754152824,0.06312292358803986,17,16,16,321,541.0,1.0,18.88235294117647,23,15776108,685917.7391304348,0.5217391304347826,0.043478260869565216,0.17391304347826086,0.08695652173913043,0.17391304347826086,0.08695652173913043,0.08695652173913043,0.17391304347826086,0.21739130434782608,232,0.07758620689655173,0.10775862068965517,0.14224137931034483,0.06896551724137931,0.11637931034482758,0.24568965517241378,0.08189655172413793,0.15948275862068967,92,0.05434782608695652,0.07608695652173914,0.3804347826086957,0.25,0.21739130434782608,0.010869565217391304,0.06521739130434782
U0200,1,0.652478755387417,25,20243678,0,1,0,0,0,0,0,0,0,1,0,0,1,3240,0.6046296296296296,0.19537037037037036,0.03364197530864198,174,0.07471264367816093,0.26436781609195403,0.08620689655172414,0.4827586206896552,0.11494252873563218,0.05172413793103448,16,12,14,410,228.0,0.0,27.333333333333332,17,15245101,896770.6470588235,0.4117647058823529,0.11764705882352941,0.11764705882352941,0.11764705882352941,0.23529411764705882,0.11764705882352941,0.0,0.23529411764705882,0.17647058823529413,322,0.08695652173913043,0.08385093167701864,0.14906832298136646,0.062111801242236024,0.15527950310559005,0.2484472049689441,0.07142857142857142,0.14285714285714285,107,0.037383177570093455,0.1308411214953271,0.40186915887850466,0.18691588785046728,0.205607476635514,0.037383177570093455,0.037383177570093455
U0201,1,0.6944383002108641,36,19190256,0,0,0,1,0,0,0,0,0,0,1,0,1,4050,0.6044444444444445,0.21333333333333335,0.03728395061728395,297,0.06397306397306397,0.2828282828282828,0.12794612794612795,0.4377104377104377,0.10774410774410774,0.04377104377104377,18,17,19,349,452.0,0.0,17.45,13,6977972,536767.0769230769,0.46153846153846156,0.3076923076923077,0.07692307692307693,0.23076923076923078,0.15384615384615385,0.15384615384615385,0.23076923076923078,0.07692307692307693,0.07692307692307693,244,0.06147540983606557,0.10245901639344263,0.14754098360655737,0.07377049180327869,0.11885245901639344,0.26229508196721313,0.05737704918032787,0.1762295081967213,133,0.06766917293233082,0.05263157894736842,0.3458646616541353,0.23308270676691728,0.3007518796992481,0.03007518796992481,0.03759398496240601
U0202,1,0.8251548113568785,53,4062101,0,0,1,0,0,0,0,0,1,0,0,1,0,2520,0.5952380952380952,0.34325396825396826,0.09722222222222222,194,0.07216494845360824,0.2422680412371134,0.13917525773195877,0.4381443298969072,0.10824742268041238,0.07216494845360824,21,21,14,413,331.0,1.0,27.533333333333335,15,8282626,552175.0666666667,0.8,0.3333333333333333,0.2,0.06666666666666667,0.3333333333333333,0.0,0.2,0.06666666666666667,0.13333333333333333,329,0.06990881458966565,0.06990881458966565,0.1458966565349544,0.10638297872340426,0.1337386018237082,0.21580547112462006,0.09422492401215805,0.1641337386018237,64,0.1875,0.0625,0.328125,0.171875,0.25,0.03125,0.15625
U0203,1,0.7381003420215511,53,22403839,0,1,0,0,0,0,0,0,0,1,0,0,1,3600,0.6033333333333334,0.17277777777777778,0.02277777777777778,211,0.052132701421800945,0.3033175355450237,0.08530805687203792,0.46919431279620855,0.08530805687203792,0.05687203791469194,20,14,18,483,300.0,1.0,25.42105263157895,21,14751017,702429.380952381,0.6666666666666666,0.0,0.23809523809523808,0.19047619047619047,0.047619047619047616,0.047619047619047616,0.14285714285714285,0.19047619047619047,0.14285714285714285,244,0.0860655737704918,0.0860655737704918,0.19262295081967212,0.036885245901639344,0.1598360655737705,0.20081967213114754,0.0778688524590164,0.1598360655737705,58,0.1206896551724138,0.06896551724137931,0.39655172413793105,0.27586206896551724,0.15517241379310345,0.0,0.10344827586206896
U0204,1,0.7283573058295532,55,19014959,0,1,0,0,0,0,1,0,0,0,0,1,0,2610,0.5973180076628353,0.17586206896551723,0.02950191570881226,223,0.03587443946188341,0.28699551569506726,0.12556053811659193,0.4260089686098655,0.1210762331838565,0.04035874439461883,18,16,7,391,455.0,2.0,48.875,19,10666080,561372.6315789474,0.5263157894736842,0.05263157894736842,0.21052631578947367,0.0,0.05263157894736842,0.21052631578947367,0.10526315789473684,0.15789473684210525,0.2631578947368421,135,0.07407407407407407,0.1259259259259259,0.17777777777777778,0.044444444444444446,0.1259259259259259,0.22962962962962963,0.06666666666666667,0.15555555555555556,74,0.02702702702702703,0.04054054054054054,0.32432432432432434,0.21621621621621623,0.32432432432432434,0.02702702702702703,0.06756756756756757
U0205,1,0.6074756563788742,39,15581994,0,0,0,1,0,1,0,0,0,0,0,0,1,3150,0.6044444444444445,0.17523809523809525,0.02412698412698413,152,0.07236842105263158,0.29605263157894735,0.11842105263157894,0.4473684210526316,0.09868421052631579,0.039473684210526314,21,19,7,490,415.0,2.0,61.25,11,6942724,631156.7272727273,0.5454545454545454,0.0,0.18181818181818182,0.0,0.18181818181818182,0.09090909090909091,0.2727272727272727,0.18181818181818182,0.09090909090909091,378,0.08994708994708994,0.07936507936507936,0.19047619047619047,0.0582010582010582,0.12433862433862433,0.24603174603174602,0.06613756613756613,0.1455026455026455,111,0.05405405405405406,0.09009009009009009,0.36936936936936937,0.15315315315315314,0.23423423423423423,0.02702702702702703,0.12612612612612611
U0206,1,0.7327327884960665,43,17112693,0,1,0,0,0,0,1,0,0,0,0,0,1,3330,0.5921921921921922,0.15795795795795795,0.01951951951951952,239,0.04602510460251046,0.24686192468619247,0.11715481171548117,0.47280334728033474,0.11297071129707113,0.0502092050209205,19,19,21,490,377.0,0.0,22.272727272727273,18,9931069,551726.0555555555,0.2777777777777778,0.05555555555555555,0.16666666666666666,0.0,0.05555555555555555,0.16666666666666666,0.3333333333333333,0.1111111111111111,0.16666666666666666,410,0.07804878048780488,0.07560975609756097,0.22195121951219512,0.03902439024390244,0.12682926829268293,0.24634146341463414,0.05121951219512195,0.16097560975609757,40,0.025,0.075,0.275,0.25,0.225,0.05,0.125
U0207,1,0.8962449150102608,23,20427295,0,0,0,1,0,0,0,1,0,0,0,0,1,3330,0.5918918918918918,0.22642642642642644,0.042942942942942944,188,0.047872340425531915,0.3191489361702128,0.14893617021276595,0.40425531914893614,0.09574468085106383,0.031914893617021274,18,15,18,463,248.0,2.0,24.36842105263158,20,13111140,655557.0,0.35,0.2,0.1,0.2,0.1,0.15,0.15,0.15,0.15,296,0.06418918918918919,0.07432432432432433,0.19256756756756757,0.0777027027027027,0.125,0.20608108108108109,0.08108108108108109,0.17905405405405406,71,0.07042253521126761,0.056338028169014086,0.323943661971831,0.2112676056338028,0.323943661971831,0.0,0.08450704225352113
U0208,1,0.8941713745455488,29,7316950,0,0,1,0,0,0,0,0,0,1,0,1,0,2520,0.5972222222222222,0.325,0.09087301587301587,251,0.08764940239043825,0.26693227091633465,0.11952191235059761,0.47808764940239046,0.09163346613545817,0.043824701195219126,14,13,14,368,370.0,1.0,24.533333333333335,14,4554525,325323.21428571426,0.5714285714285714,0.14285714285714285,0.21428571428571427,0.07142857142857142,0.14285714285714285,0.14285714285714285,0.21428571428571427,0.14285714285714285,0.07142857142857142,247,0.08097165991902834,0.05668016194331984,0.145748987854251,0.07692307692307693,0.10931174089068826,0.23076923076923078,0.11740890688259109,0.18218623481781376,113,0.10619469026548672,0.05309734513274336,0.4247787610619469,0.13274336283185842,0.2743362831858407,0.02654867256637168,0.08849557522123894
U0209,1,0.8592697153116912,20,6626238,0,0,0,0,1,0,0,1,0,0,0,1,0,3150,0.5914285714285714,0.2885714285714286,0.07428571428571429,229,0.07423580786026202,0.2445414847161572,0.13100436681222707,0.462882096069869,0.11353711790393013,0.048034934497816595,16,15,16,393,454.0,3.0,23.11764705882353,14,8331121,595080.0714285715,0.5714285714285714,0.0,0.14285714285714285,0.2857142857142857,0.14285714285714285,0.07142857142857142,0.14285714285714285,0.07142857142857142,0.14285714285714285,251,0.055776892430278883,0.12749003984063745,0.14342629482071714,0.06772908366533864,0.12350597609561753,0.1952191235059761,0.13147410358565736,0.1553784860557769,101,0.1188118811881188,0.0594059405940594,0.36633663366336633,0.2376237623762376,0.2376237623762376,0.009900990099009901,0.0891089108910891
U0210,1,0.7345136213742031,49,26437778,0,1,0,0,0,0,1,0,0,0,0,0,1,2520,0.5853174603174603,0.1595238095238095,0.015873015873015872,156,0.04487179487179487,0.27564102564102566,0.1282051282051282,0.4551282051282051,0.08974358974358974,0.05128205128205128,22,20,20,527,203.0,1.0,25.095238095238095,18,15531980,862887.7777777778,0.5555555555555556,0.1111111111111111,0.16666666666666666,0.16666666666666666,0.3333333333333333,0.16666666666666666,0.0,0.16666666666666666,0.0,369,0.08401084010840108,0.0975609756097561,0.16802168021680217,0.04607046070460705,0.15718157181571815,0.2086720867208672,0.07046070460704607,0.16802168021680217,83,0.03614457831325301,0.04819277108433735,0.43373493975903615,0.1927710843373494,0.2289156626506024,0.03614457831325301,0.060240963855421686
U0211,1,0.8741436987205307,53,11569761,0,1,0,0,0,0,0,0,0,0,1,1,0,2610,0.6111111111111112,0.26130268199233714,0.04827586206896552,188,0.05319148936170213,0.26595744680851063,0.12234042553191489,0.48936170212765956,0.0851063829787234,0.03723404255319149,18,14,19,394,269.0,0.0,19.7,11,6337874,576170.3636363636,0.5454545454545454,0.18181818181818182,0.09090909090909091,0.18181818181818182,0.09090909090909091,0.2727272727272727,0.18181818181818182,0.09090909090909091,0.09090909090909091,255,0.0392156862745098,0.058823529411764705,0.2235294117647059,0.050980392156862744,0.13333333333333333,0.2549019607843137,0.08235294117647059,0.1568627450980392,58,0.1206896551724138,0.034482758620689655,0.3103448275862069,0.27586206896551724,0.2413793103448276,0.017241379310344827,0.1206896551724138
U0212,1,0.7775287062758136,58,15109508,1,0,0,0,0,0,0,0,0,0,1,0,1,3510,0.5897435897435898,0.25441595441595444,0.05527065527065527,336,0.06845238095238096,0.2857142857142857,0.10416666666666667,0.4583333333333333,0.10119047619047619,0.050595238095238096,20,16,16,503,425.0,4.0,29.58823529411765,13,12338217,949093.6153846154,0.5384615384615384,0.23076923076923078,0.15384615384615385,0.3076923076923077,0.15384615384615385,0.07692307692307693,0.0,0.15384615384615385,0.15384615384615385,172,0.08139534883720931,0.11627906976744186,0.14534883720930233,0.09883720930232558,0.12790697674418605,0.22093023255813954,0.06976744186046512,0.13953488372093023,73,0.1232876712328767,0.0684931506849315,0.3698630136986301,0.2328767123287671,0.2876712328767123,0.0136986301369863,0.0273972602739726
U0213,1,0.8685322083713111,27,21228490,0,1,0,0,0,0,0,0,1,0,0,1,0,1710,0.5894736842105263,0.2625730994152047,0.05263157894736842,190,0.09473684210526316,0.26842105263157895,0.12631578947368421,0.4473684210526316,0.1368421052631579,0.021052631578947368,18,17,18,349,427.0,2.0,18.36842105263158,9,6695297,743921.8888888889,0.6666666666666666,0.0,0.0,0.3333333333333333,0.1111111111111111,0.1111111111111111,0.1111111111111111,0.2222222222222222,0.1111111111111111,226,0.03982300884955752,0.10176991150442478,0.1504424778761062,0.06637168141592921,0.15486725663716813,0.2168141592920354,0.11061946902654868,0.1592920353982301,72,0.06944444444444445,0.06944444444444445,0.4583333333333333,0.19444444444444445,0.19444444444444445,0.027777777777777776,0.05555555555555555
U0214,1,0.8120078935991173,27,14142821,0,1,0,0,0,0,0,0,0,0,1,1,0,1890,0.5962962962962963,0.21851851851851853,0.0380952380952381,163,0.05521472392638037,0.25766871165644173,0.12883435582822086,0.4539877300613497,0.08588957055214724,0.0736196319018405,20,18,14,374,376.0,1.0,24.933333333333334,18,18771999,1042888.8333333334,0.5,0.05555555555555555,0.16666666666666666,0.16666666666666666,0.16666666666666666,0.2222222222222222,0.1111111111111111,0.16666666666666666,0.0,297,0.06397306397306397,0.12121212121212122,0.16498316498316498,0.06060606060606061,0.12794612794612795,0.26262626262626265,0.04377104377104377,0.15488215488215487,13,0.0,0.07692307692307693,0.3076923076923077,0.38461538461538464,0.23076923076923078,0.0,0.0
U0215,1,0.9092729348032594,42,6299195,0,0,0,0,1,0,0,1,0,0,0,1,0,1710,0.6052631578947368,0.3017543859649123,0.07485380116959064,101,0.06930693069306931,0.26732673267326734,0.13861386138613863,0.44554455445544555,0.0891089108910891,0.0594059405940594,14,12,14,296,297.0,0.0,19.733333333333334,18,11717743,650985.7222222222,0.5555555555555556,0.3333333333333333,0.1111111111111111,0.05555555555555555,0.2222222222222222,0.2222222222222222,0.05555555555555555,0.2777777777777778,0.05555555555555555,40,0.025,0.1,0.15,0.075,0.05,0.325,0.15,0.125,95,0.08421052631578947,0.06315789473684211,0.3473684210526316,0.2,0.3157894736842105,0.010526315789473684,0.06315789473684211
U0216,1,0.4520321972354952,37,23843893,0,0,0,1,0,0,1,0,0,0,0,0,1,3870,0.5940568475452196,0.15193798449612403,0.014987080103359173,205,0.03414634146341464,0.2926829268292683,0.13170731707317074,0.4097560975609756,0.11707317073170732,0.04878048780487805,22,20,20,564,387.0,0.0,26.857142857142858,14,15825385,1130384.642857143,0.5,0.07142857142857142,0.14285714285714285,0.2857142857142857,0.2857142857142857,0.0,0.0,0.14285714285714285,0.14285714285714285,408,0.07107843137254902,0.0857843137254902,0.16666666666666666,0.041666666666666664,0.13725490196078433,0.27450980392156865,0.051470588235294115,0.1715686274509804,67,0.014925373134328358,0.05970149253731343,0.3582089552238806,0.19402985074626866,0.29850746268656714,0.014925373134328358,0.07462686567164178
U0217,1,0.8259788936709214,42,11146765,0,0,1,0,0,0,0,0,0,1,0,0,1,2790,0.5946236559139785,0.267741935483871,0.06272401433691756,246,0.06504065040650407,0.25609756097560976,0.13821138211382114,0.47560975609756095,0.08943089430894309,0.04065040650406504,13,11,3,241,396.0,1.0,60.25,11,4002674,363879.45454545453,0.5454545454545454,0.09090909090909091,0.18181818181818182,0.09090909090909091,0.36363636363636365,0.0,0.0,0.09090909090909091,0.2727272727272727,152,0.046052631578947366,0.07236842105263158,0.13815789473684212,0.08552631578947369,0.15789473684210525,0.21710526315789475,0.09868421052631579,0.18421052631578946,27,0.1111111111111111,0.0,0.48148148148148145,0.18518518518518517,0.25925925925925924,0.037037037037037035,0.037037037037037035
U0218,0,0.7560671520748121,36,18446874,1,0,0,0,0,1,0,0,0,0,0,0,1,1260,0.5928571428571429,0.2222222222222222,0.044444444444444446,314,0.0732484076433121,0.25796178343949044,0.14012738853503184,0.445859872611465,0.10828025477707007,0.04777070063694268,22,19,24,611,406.0,1.0,24.44,18,8670604,481700.22222222225,0.5,0.1111111111111111,0.2222222222222222,0.1111111111111111,0.05555555555555555,0.05555555555555555,0.1111111111111111,0.05555555555555555,0.3888888888888889,163,0.06748466257668712,0.10429447852760736,0.13496932515337423,0.06748466257668712,0.2085889570552147,0.18404907975460122,0.12269938650306748,0.11042944785276074,79,0.10126582278481013,0.08860759493670886,0.379746835443038,0.1518987341772152,0.26582278481012656,0.012658227848101266,0.10126582278481013
U0219,1,0.8838269151459488,55,9180941,0,0,1,0,0,0,0,1,0,0,0,0,1,2070,0.585024154589372,0.30289855072463767,0.07584541062801932,283,0.08833922261484099,0.2508833922261484,0.15547703180212014,0.44876325088339225,0.09187279151943463,0.053003533568904596,13,13,14,210,445.0,3.0,14.0,8,3325074,415634.25,0.625,0.25,0.375,0.0,0.25,0.25,0.0,0.0,0.125,318,0.08490566037735849,0.0880503144654088,0.12264150943396226,0.10377358490566038,0.13522012578616352,0.22641509433962265,0.11006289308176101,0.1289308176100629,102,0.10784313725490197,0.12745098039215685,0.35294117647058826,0.17647058823529413,0.23529411764705882,0.00980392156862745,0.09803921568627451
U0220,1,0.82344213222044,43,17401611,0,0,1,0,0,0,0,0,1,0,0,1,0,2250,0.5986666666666667,0.25866666666666666,0.05333333333333334,138,0.043478260869565216,0.26811594202898553,0.08695652173913043,0.427536231884058,0.15942028985507245,0.057971014492753624,20,19,17,365,351.0,6.0,20.27777777777778,10,7245151,724515.1,0.5,0.4,0.1,0.1,0.2,0.2,0.3,0.1,0.0,69,0.08695652173913043,0.057971014492753624,0.10144927536231885,0.08695652173913043,0.2028985507246377,0.30434782608695654,0.028985507246376812,0.13043478260869565,88,0.125,0.11363636363636363,0.3409090909090909,0.14772727272727273,0.29545454545454547,0.022727272727272728,0.07954545454545454
U0221,1,0.8744120590599618,29,17085600,0,1,0,0,0,0,0,0,0,0,1,1,0,2790,0.5720430107526882,0.24587813620071686,0.043010752688172046,217,0.055299539170506916,0.2488479262672811,0.14746543778801843,0.46543778801843316,0.09216589861751152,0.04608294930875576,18,16,19,412,431.0,2.0,20.6,15,14798582,986572.1333333333,0.4666666666666667,0.06666666666666667,0.26666666666666666,0.13333333333333333,0.06666666666666667,0.06666666666666667,0.0,0.4,0.06666666666666667,279,0.06810035842293907,0.07885304659498207,0.14695340501792115,0.06810035842293907,0.13620071684587814,0.24014336917562723,0.11469534050179211,0.14695340501792115,120,0.09166666666666666,0.058333333333333334,0.38333333333333336,0.11666666666666667,0.30833333333333335,0.016666666666666666,0.11666666666666667
U0222,1,0.800140567341587,55,20260688,1,0,0,0,0,0,0,0,0,0,1,1,0,4050,0.5911111111111111,0.20987654320987653,0.0362962962962963,203,0.054187192118226604,0.270935960591133,0.14285714285714285,0.4630541871921182,0.08866995073891626,0.034482758620689655,20,19,21,509,407.0,1.0,23.136363636363637,17,8367682,492216.5882352941,0.5294117647058824,0.058823529411764705,0.11764705882352941,0.11764705882352941,0.11764705882352941,0.17647058823529413,0.23529411764705882,0.11764705882352941,0.11764705882352941,385,0.07012987012987013,0.09610389610389611,0.10909090909090909,0.04935064935064935,0.15324675324675324,0.2623376623376623,0.07272727272727272,0.18701298701298702,81,0.037037037037037035,0.08641975308641975,0.2839506172839506,0.18518518518518517,0.30864197530864196,0.024691358024691357,0.1111111111111111
U0223,0,0.7669688855961972,53,22976216,0,1,0,0,0,0,0,0,0,1,0,0,1,3150,0.6047619047619047,0.23174603174603176,0.04349206349206349,291,0.05154639175257732,0.2920962199312715,0.16494845360824742,0.35738831615120276,0.1134020618556701,0.07216494845360824,21,18,9,613,546.0,0.0,61.3,13,5769914,443839.53846153844,0.46153846153846156,0.07692307692307693,0.07692307692307693,0.07692307692307693,0.07692307692307693,0.23076923076923078,0.38461538461538464,0.07692307692307693,0.07692307692307693,211,0.06635071090047394,0.08530805687203792,0.14691943127962084,0.04265402843601896,0.14691943127962084,0.27014218009478674,0.08530805687203792,0.15639810426540285,110,0.11818181818181818,0.08181818181818182,0.34545454545454546,0.13636363636363635,0.3,0.02727272727272727,0.10909090909090909
U0224,1,0.7852752927145105,26,7577927,0,0,0,0,1,0,0,1,0,0,0,1,0,1800,0.6077777777777778,0.29555555555555557,0.07388888888888889,279,0.07885304659498207,0.2974910394265233,0.1111111111111111,0.4265232974910394,0.11827956989247312,0.04659498207885305,16,15,17,428,451.0,1.0,23.77777777777778,3,2365251,788417.0,0.3333333333333333,0.0,0.0,0.3333333333333333,0.0,0.3333333333333333,0.3333333333333333,0.0,0.0,359,0.0807799442896936,0.07520891364902507,0.1532033426183844,0.07242339832869081,0.1532033426183844,0.23676880222841226,0.04735376044568245,0.181058495821727,50,0.1,0.08,0.44,0.18,0.16,0.0,0.14
U0225,1,0.8535153446045107,48,18685454,0,0,0,1,0,0,0,0,1,0,0,0,1,2160,0.6143518518518518,0.21574074074074073,0.037037037037037035,260,0.046153846153846156,0.27692307692307694,0.17692307692307693,0.4346153846153846,0.08076923076923077,0.03076923076923077,20,20,21,393,653.0,0.0,17.863636363636363,16,10384705,649044.0625,0.625,0.125,0.1875,0.125,0.125,0.0625,0.0625,0.25,0.1875,319,0.05956112852664577,0.11598746081504702,0.15047021943573669,0.06896551724137931,0.13793103448275862,0.21630094043887146,0.05329153605015674,0.1974921630094044,38,0.05263157894736842,0.05263157894736842,0.47368421052631576,0.15789473684210525,0.21052631578947367,0.02631578947368421,0.07894736842105263
U0226,1,0.8641553469894233,45,6665626,0,0,1,0,0,0,0,1,0,0,0,1,0,2790,0.5806451612903226,0.339426523297491,0.09713261648745519,280,0.07857142857142857,0.2785714285714286,0.11428571428571428,0.44642857142857145,0.11071428571428571,0.05,14,14,12,224,481.0,3.0,17.23076923076923,22,13200137,600006.2272727273,0.4090909090909091,0.18181818181818182,0.2727272727272727,0.09090909090909091,0.09090909090909091,0.18181818181818182,0.13636363636363635,0.045454545454545456,0.18181818181818182,385,0.06233766233766234,0.1012987012987013,0.12987012987012986,0.09090909090909091,0.11948051948051948,0.22337662337662337,0.1012987012987013,0.17142857142857143,70,0.17142857142857143,0.04285714285714286,0.34285714285714286,0.2857142857142857,0.22857142857142856,0.014285714285714285,0.08571428571428572
U0227,1,0.8674312689198157,20,10554599,0,0,0,1,0,0,0,0,0,0,1,0,1,2070,0.6004830917874396,0.27004830917874395,0.06811594202898551,105,0.10476190476190476,0.23809523809523808,0.09523809523809523,0.47619047619047616,0.1619047619047619,0.02857142857142857,18,15,7,411,361.0,1.0,51.375,18,9929662,551647.8888888889,0.5,0.16666666666666666,0.2222222222222222,0.1111111111111111,0.2222222222222222,0.05555555555555555,0.16666666666666666,0.1111111111111111,0.1111111111111111,40,0.075,0.075,0.225,0.0,0.1,0.2,0.05,0.275,83,0.14457831325301204,0.07228915662650602,0.3253012048192771,0.2891566265060241,0.20481927710843373,0.012048192771084338,0.0963855421686747
U0228,1,0.7590252045842862,34,15647145,1,0,0,0,0,0,0,0,0,1,0,1,0,1080,0.600925925925926,0.19907407407407407,0.026851851851851852,227,0.05726872246696035,0.27312775330396477,0.14537444933920704,0.42731277533039647,0.09251101321585903,0.06167400881057269,23,21,24,574,495.0,2.0,22.96,19,16562062,871687.4736842106,0.42105263157894735,0.15789473684210525,0.05263157894736842,0.2631578947368421,0.10526315789473684,0.21052631578947367,0.10526315789473684,0.0,0.2631578947368421,374,0.058823529411764705,0.0748663101604278,0.16042780748663102,0.06417112299465241,0.14171122994652408,0.23529411764705882,0.07219251336898395,0.1925133689839572,80,0.0875,0.0625,0.3375,0.1875,0.3,0.0125,0.1
U0229,1,0.8794825399724749,52,15852826,0,0,0,1,0,0,0,0,0,1,0,0,1,3330,0.5897897897897898,0.293993993993994,0.07177177177177177,279,0.08243727598566308,0.2867383512544803,0.15053763440860216,0.4157706093189964,0.08243727598566308,0.06451612903225806,17,17,10,319,247.0,1.0,29.0,11,4270322,388211.0909090909,0.8181818181818182,0.0,0.2727272727272727,0.09090909090909091,0.2727272727272727,0.18181818181818182,0.0,0.0,0.18181818181818182,189,0.05291005291005291,0.07407407407407407,0.15873015873015872,0.06878306878306878,0.14285714285714285,0.2222222222222222,0.08994708994708994,0.19047619047619047,53,0.18867924528301888,0.11320754716981132,0.2830188679245283,0.1509433962264151,0.2830188679245283,0.03773584905660377,0.1320754716981132
U0230,1,0.7699396262289259,56,16133405,0,0,0,1,0,0,0,0,0,0,1,0,1,2790,0.6075268817204301,0.26021505376344084,0.06200716845878136,207,0.0821256038647343,0.3333333333333333,0.13043478260869565,0.42028985507246375,0.07729468599033816,0.03864734299516908,18,16,11,423,239.0,3.0,35.25,10,6299740,629974.0,0.3,0.0,0.2,0.1,0.2,0.1,0.2,0.1,0.1,151,0.059602649006622516,0.09933774834437085,0.152317880794702,0.026490066225165563,0.11920529801324503,0.23841059602649006,0.10596026490066225,0.1986754966887417,60,0.08333333333333333,0.06666666666666667,0.36666666666666664,0.2833333333333333,0.18333333333333332,0.0,0.1
U0231,1,0.733670883875163,27,17160780,0,0,0,1,0,0,0,0,0,0,1,0,1,3870,0.6005167958656331,0.18992248062015504,0.028423772609819122,150,0.03333333333333333,0.3333333333333333,0.10666666666666667,0.35333333333333333,0.09333333333333334,0.11333333333333333,17,16,16,419,313.0,3.0,24.647058823529413,16,11126333,695395.8125,0.4375,0.125,0.0625,0.125,0.1875,0.3125,0.0,0.25,0.0625,324,0.07407407407407407,0.08024691358024691,0.1574074074074074,0.04938271604938271,0.15432098765432098,0.24074074074074073,0.05246913580246913,0.19135802469135801,98,0.061224489795918366,0.05102040816326531,0.35714285714285715,0.17346938775510204,0.3673469387755102,0.0,0.05102040816326531
U0232,1,0.9136894656954264,56,5095819,0,0,0,0,1,1,0,0,0,0,0,1,0,3330,0.5966966966966967,0.32522522522522523,0.08528528528528528,234,0.0811965811965812,0.2222222222222222,0.14102564102564102,0.47863247863247865,0.09401709401709402,0.0641025641025641,17,15,14,369,442.0,2.0,24.6,16,6042888,377680.5,0.6875,0.1875,0.0625,0.0625,0.125,0.0625,0.375,0.0625,0.25,245,0.0326530612244898,0.11020408163265306,0.1510204081632653,0.10204081632653061,0.1346938775510204,0.2,0.09387755102040816,0.17551020408163265,83,0.18072289156626506,0.060240963855421686,0.2891566265060241,0.25301204819277107,0.27710843373493976,0.024096385542168676,0.0963855421686747
U0233,1,0.8610628315999408,48,12753135,0,0,0,1,0,0,0,0,0,1,0,0,1,2250,0.5862222222222222,0.30044444444444446,0.07866666666666666,261,0.0842911877394636,0.2835249042145594,0.1111111111111111,0.4674329501915709,0.07279693486590039,0.06513409961685823,19,18,20,443,561.0,1.0,21.095238095238095,20,12629539,631476.95,0.5,0.2,0.2,0.05,0.2,0.2,0.1,0.1,0.15,178,0.0449438202247191,0.09550561797752809,0.1404494382022472,0.09550561797752809,0.17415730337078653,0.1797752808988764,0.14606741573033707,0.12359550561797752,112,0.14285714285714285,0.08928571428571429,0.23214285714285715,0.22321428571428573,0.32142857142857145,0.008928571428571428,0.125
U0234,1,0.7169255432820574,58,15261481,0,1,0,0,0,0,0,1,0,0,0,0,1,1260,0.6095238095238096,0.25952380952380955,0.05238095238095238,225,0.07555555555555556,0.28888888888888886,0.1511111111111111,0.4177777777777778,0.10222222222222223,0.04,17,16,16,434,135.0,0.0,25.529411764705884,7,6406864,915266.2857142857,0.5714285714285714,0.0,0.0,0.14285714285714285,0.2857142857142857,0.14285714285714285,0.14285714285714285,0.2857142857142857,0.0,366,0.06284153005464481,0.10109289617486339,0.19672131147540983,0.060109289617486336,0.15027322404371585,0.16939890710382513,0.10109289617486339,0.15846994535519127,65,0.046153846153846156,0.09230769230769231,0.36923076923076925,0.16923076923076924,0.2153846153846154,0.0,0.15384615384615385
U0235,1,0.909967075438439,42,9966772,0,0,0,0,1,0,0,1,0,0,0,1,0,2970,0.5993265993265994,0.3420875420875421,0.0946127946127946,296,0.08108108108108109,0.25,0.10472972972972973,0.5,0.11148648648648649,0.033783783783783786,17,15,13,343,685.0,0.0,24.5,16,9677579,604848.6875,0.8125,0.125,0.0,0.125,0.125,0.125,0.1875,0.1875,0.25,440,0.08409090909090909,0.07954545454545454,0.15,0.09545454545454546,0.12045454545454545,0.20454545454545456,0.1159090909090909,0.15,81,0.13580246913580246,0.09876543209876543,0.345679012345679,0.14814814814814814,0.2839506172839506,0.037037037037037035,0.08641975308641975
U0236,1,0.7626742386696147,26,12718453,0,0,0,1,0,0,0,0,0,1,0,1,0,3330,0.5927927927927928,0.24504504504504504,0.04864864864864865,219,0.0547945205479452,0.273972602739726,0.1415525114155251,0.4429223744292237,0.0867579908675799,0.0547945205479452,16,14,11,422,545.0,0.0,35.166666666666664,8,7437216,929652.0,0.125,0.25,0.0,0.375,0.0,0.0,0.25,0.0,0.375,261,0.06130268199233716,0.08812260536398467,0.14942528735632185,0.05747126436781609,0.14942528735632185,0.2222222222222222,0.09578544061302682,0.17624521072796934,118,0.1016949152542373,0.09322033898305085,0.3389830508474576,0.17796610169491525,0.2711864406779661,0.05084745762711865,0.06779661016949153
U0237,1,0.8706846743991786,58,12376981,0,1,0,0,0,0,0,1,0,0,0,1,0,2880,0.6059027777777778,0.2864583333333333,0.06944444444444445,69,0.043478260869565216,0.2753623188405797,0.08695652173913043,0.5072463768115942,0.07246376811594203,0.057971014492753624,15,14,17,345,422.0,2.0,19.166666666666668,14,8824685,630334.6428571428,0.42857142857142855,0.07142857142857142,0.21428571428571427,0.21428571428571427,0.14285714285714285,0.14285714285714285,0.14285714285714285,0.0,0.14285714285714285,248,0.07661290322580645,0.05241935483870968,0.18548387096774194,0.0846774193548387,0.12096774193548387,0.17338709677419356,0.13709677419354838,0.1693548387096774,83,0.0963855421686747,0.04819277108433735,0.3373493975903614,0.25301204819277107,0.24096385542168675,0.0,0.12048192771084337
U0238,1,0.8676534889346413,53,7333559,1,0,0,0,0,0,0,0,0,1,0,0,1,3330,0.6126126126126126,0.25975975975975973,0.05795795795795796,138,0.06521739130434782,0.36231884057971014,0.12318840579710146,0.4057971014492754,0.07971014492753623,0.028985507246376812,15,13,13,344,285.0,0.0,24.571428571428573,8,4654041,581755.125,0.75,0.125,0.25,0.125,0.125,0.0,0.25,0.0,0.25,173,0.046242774566473986,0.08092485549132948,0.1329479768786127,0.05202312138728324,0.15606936416184972,0.23121387283236994,0.11560693641618497,0.18497109826589594,121,0.0743801652892562,0.05785123966942149,0.3884297520661157,0.21487603305785125,0.2644628099173554,0.01652892561983471,0.05785123966942149
U0239,1,0.7196769034213586,41,20717493,0,1,0,0,0,1,0,0,0,0,0,0,1,2430,0.6016460905349794,0.15761316872427983,0.016049382716049384,180,0.03888888888888889,0.24444444444444444,0.08888888888888889,0.4888888888888889,0.10555555555555556,0.07222222222222222,20,17,15,495,394.0,2.0,30.9375,11,9537187,867017.0,0.36363636363636365,0.18181818181818182,0.09090909090909091,0.18181818181818182,0.0,0.18181818181818182,0.18181818181818182,0.2727272727272727,0.09090909090909091,153,0.1111111111111111,0.09803921568627451,0.12418300653594772,0.058823529411764705,0.17647058823529413,0.2549019607843137,0.0457516339869281,0.13071895424836602,78,0.038461538461538464,0.0641025641025641,0.20512820512820512,0.19230769230769232,0.28205128205128205,0.05128205128205128,0.20512820512820512
U0240,1,0.7401650956393306,46,12493081,0,1,0,0,0,0,0,0,0,0,1,0,1,1260,0.611904761904762,0.20317460317460317,0.03888888888888889,167,0.04790419161676647,0.2754491017964072,0.11377245508982035,0.4431137724550898,0.11976047904191617,0.04790419161676647,21,19,14,493,316.0,0.0,32.86666666666667,16,7555932,472245.75,0.4375,0.0,0.0625,0.25,0.1875,0.1875,0.125,0.0625,0.125,209,0.05263157894736842,0.04784688995215311,0.17703349282296652,0.07655502392344497,0.14832535885167464,0.2679425837320574,0.09090909090909091,0.13875598086124402,121,0.0743801652892562,0.11570247933884298,0.33884297520661155,0.1487603305785124,0.256198347107438,0.0,0.14049586776859505
U0241,1,0.7347135031304809,51,20273921,0,1,0,0,0,0,0,0,0,0,1,0,1,2340,0.6042735042735042,0.22008547008547008,0.03632478632478633,238,0.06302521008403361,0.24789915966386555,0.14285714285714285,0.5126050420168067,0.058823529411764705,0.037815126050420166,18,16,11,430,376.0,1.0,35.833333333333336,12,4536731,378060.9166666667,0.5,0.08333333333333333,0.3333333333333333,0.0,0.08333333333333333,0.25,0.0,0.08333333333333333,0.25,149,0.087248322147651,0.10067114093959731,0.174496644295302,0.0738255033557047,0.10067114093959731,0.2348993288590604,0.06711409395973154,0.1610738255033557,83,0.060240963855421686,0.0963855421686747,0.3373493975903614,0.1686746987951807,0.3493975903614458,0.012048192771084338,0.03614457831325301
U0242,1,0.8365236095227145,20,15794452,1,0,0,0,0,1,0,0,0,0,0,0,1,2610,0.6030651340996168,0.27011494252873564,0.05555555555555555,144,0.0625,0.25,0.1111111111111111,0.4652777777777778,0.09722222222222222,0.0763888888888889,17,13,14,341,453.0,2.0,22.733333333333334,17,9332971,548998.2941176471,0.5882352941176471,0.29411764705882354,0.058823529411764705,0.11764705882352941,0.17647058823529413,0.11764705882352941,0.17647058823529413,0.23529411764705882,0.11764705882352941,40,0.05,0.05,0.1,0.125,0.05,0.275,0.175,0.175,89,0.07865168539325842,0.11235955056179775,0.3258426966292135,0.15730337078651685,0.3146067415730337,0.0,0.0898876404494382
U0243,0,0.873226291325167,48,14231736,0,1,0,0,0,0,0,0,0,0,1,0,1,2790,0.5978494623655914,0.2763440860215054,0.07025089605734768,213,0.07511737089201878,0.3004694835680751,0.15492957746478872,0.39906103286384975,0.08450704225352113,0.06103286384976526,17,17,12,341,356.0,0.0,26.23076923076923,12,10544148,878679.0,0.8333333333333334,0.08333333333333333,0.16666666666666666,0.16666666666666666,0.16666666666666666,0.08333333333333333,0.16666666666666666,0.16666666666666666,0.08333333333333333,455,0.06153846153846154,0.07032967032967033,0.14505494505494507,0.09010989010989011,0.13846153846153847,0.2087912087912088,0.0945054945054945,0.1912087912087912,37,0.08108108108108109,0.10810810810810811,0.35135135135135137,0.13513513513513514,0.35135135135135137,0.0,0.05405405405405406
U0244,0,0.8156679271726264,22,16824132,0,1,0,0,0,1,0,0,0,0,0,1,0,1980,0.6116161616161616,0.24141414141414141,0.04292929292929293,337,0.06824925816023739,0.28486646884273,0.09495548961424333,0.4658753709198813,0.10385756676557864,0.050445103857566766,14,14,10,330,356.0,0.0,30.0,11,8906547,809686.0909090909,0.45454545454545453,0.09090909090909091,0.0,0.2727272727272727,0.18181818181818182,0.2727272727272727,0.18181818181818182,0.0,0.09090909090909091,190,0.05789473684210526,0.08421052631578947,0.1631578947368421,0.07894736842105263,0.1631578947368421,0.21052631578947367,0.08421052631578947,0.15789473684210525,63,0.06349206349206349,0.07936507936507936,0.3968253968253968,0.23809523809523808,0.20634920634920634,0.015873015873015872,0.06349206349206349
U0245,1,0.7797368169523198,59,15683892,1,0,0,0,0,0,0,0,0,1,0,0,1,3420,0.5944444444444444,0.2652046783625731,0.05116959064327485,220,0.06363636363636363,0.3181818181818182,0.11818181818181818,0.44545454545454544,0.08636363636363636,0.031818181818181815,17,15,8,420,328.0,1.0,46.666666666666664,16,12304950,769059.375,0.75,0.125,0.0625,0.0,0.125,0.3125,0.0,0.1875,0.3125,277,0.07581227436823104,0.09025270758122744,0.1407942238267148,0.05415162454873646,0.1444043321299639,0.22743682310469315,0.10108303249097472,0.16606498194945848,44,0.22727272727272727,0.11363636363636363,0.20454545454545456,0.18181818181818182,0.3409090909090909,0.022727272727272728,0.13636363636363635
U0246,1,0.7706059708269346,44,13179809,0,0,1,0,0,1,0,0,0,0,0,1,0,1890,0.6010582010582011,0.22698412698412698,0.04497354497354497,178,0.056179775280898875,0.33146067415730335,0.15168539325842698,0.37640449438202245,0.0898876404494382,0.05056179775280899,17,15,13,293,246.0,2.0,20.928571428571427,20,11756999,587849.95,0.4,0.05,0.1,0.15,0.1,0.1,0.25,0.15,0.15,210,0.08571428571428572,0.09523809523809523,0.2,0.04285714285714286,0.11904761904761904,0.2523809523809524,0.08095238095238096,0.12380952380952381,59,0.0847457627118644,0.06779661016949153,0.3389830508474576,0.2033898305084746,0.2033898305084746,0.05084745762711865,0.13559322033898305
U0247,1,0.6360000829309318,35,19381550,0,0,0,1,0,0,0,0,1,0,0,0,1,2520,0.6083333333333333,0.19563492063492063,0.03571428571428571,298,0.06040268456375839,0.2785234899328859,0.11073825503355705,0.4563758389261745,0.1174496644295302,0.03691275167785235,18,14,12,428,290.0,0.0,32.92307692307692,22,13356977,607135.3181818182,0.5,0.09090909090909091,0.09090909090909091,0.18181818181818182,0.0,0.09090909090909091,0.4090909090909091,0.045454545454545456,0.18181818181818182,113,0.035398230088495575,0.10619469026548672,0.18584070796460178,0.02654867256637168,0.1415929203539823,0.2920353982300885,0.061946902654867256,0.1504424778761062,71,0.11267605633802817,0.056338028169014086,0.22535211267605634,0.22535211267605634,0.36619718309859156,0.028169014084507043,0.09859154929577464
U0248,1,0.8648333583421706,47,13712716,0,0,1,0,0,0,1,0,0,0,0,1,0,2340,0.5863247863247864,0.25,0.05512820512820513,298,0.06040268456375839,0.2684563758389262,0.11073825503355705,0.45302013422818793,0.11409395973154363,0.053691275167785234,18,13,19,332,478.0,1.0,16.6,14,11772857,840918.3571428572,0.6428571428571429,0.14285714285714285,0.14285714285714285,0.07142857142857142,0.07142857142857142,0.21428571428571427,0.0,0.21428571428571427,0.2857142857142857,212,0.07547169811320754,0.06132075471698113,0.14150943396226415,0.08490566037735849,0.11320754716981132,0.25943396226415094,0.08962264150943396,0.17452830188679244,49,0.12244897959183673,0.02040816326530612,0.3877551020408163,0.24489795918367346,0.24489795918367346,0.02040816326530612,0.08163265306122448
U0249,1,0.8832994029379064,42,5915329,0,0,0,0,1,0,0,0,0,0,1,1,0,2700,0.605925925925926,0.28814814814814815,0.06962962962962962,197,0.07106598984771574,0.26903553299492383,0.116751269035533,0.4720812182741117,0.10152284263959391,0.04060913705583756,15,15,17,361,387.0,1.0,20.055555555555557,14,15795546,1128253.2857142857,0.35714285714285715,0.21428571428571427,0.14285714285714285,0.2857142857142857,0.21428571428571427,0.07142857142857142,0.14285714285714285,0.14285714285714285,0.0,172,0.11627906976744186,0.06976744186046512,0.13372093023255813,0.09302325581395349,0.14534883720930233,0.20930232558139536,0.06976744186046512,0.16279069767441862,112,0.14285714285714285,0.08035714285714286,0.2767857142857143,0.24107142857142858,0.3125,0.008928571428571428,0.08035714285714286
U0250,1,0.7976399492968231,37,7514454,0,0,1,0,0,0,0,1,0,0,0,1,0,2160,0.6023148148148149,0.2833333333333333,0.07962962962962963,248,0.06854838709677419,0.29435483870967744,0.11290322580645161,0.41935483870967744,0.125,0.04838709677419355,18,18,14,410,208.0,0.0,27.333333333333332,10,8783279,878327.9,0.5,0.2,0.1,0.3,0.1,0.1,0.2,0.1,0.1,226,0.06637168141592921,0.10619469026548672,0.17256637168141592,0.07079646017699115,0.1415929203539823,0.1902654867256637,0.07964601769911504,0.17256637168141592,49,0.22448979591836735,0.04081632653061224,0.42857142857142855,0.24489795918367346,0.20408163265306123,0.0,0.08163265306122448
U0251,1,0.7719432371084886,41,15020356,0,0,1,0,0,0,1,0,0,0,0,1,0,1710,0.5906432748538012,0.26432748538011697,0.07076023391812865,139,0.07194244604316546,0.34532374100719426,0.15827338129496402,0.381294964028777,0.07194244604316546,0.04316546762589928,19,16,10,463,313.0,0.0,42.09090909090909,15,12385999,825733.2666666667,0.4666666666666667,0.13333333333333333,0.13333333333333333,0.26666666666666666,0.06666666666666667,0.2,0.2,0.06666666666666667,0.06666666666666667,299,0.06688963210702341,0.07023411371237458,0.14381270903010032,0.10702341137123746,0.13377926421404682,0.17725752508361203,0.10367892976588629,0.19732441471571907,83,0.12048192771084337,0.04819277108433735,0.3614457831325301,0.26506024096385544,0.2289156626506024,0.024096385542168676,0.07228915662650602
U0252,0,0.422570325901622,22,25794684,0,1,0,0,0,0,0,0,1,0,0,1,0,2610,0.6026819923371648,0.13486590038314175,0.010727969348659003,259,0.03474903474903475,0.2972972972972973,0.09652509652509653,0.4594594594594595,0.0888030888030888,0.05791505791505792,23,22,35,621,418.0,0.0,17.25,21,17403658,828745.619047619,0.38095238095238093,0.09523809523809523,0.14285714285714285,0.09523809523809523,0.19047619047619047,0.23809523809523808,0.047619047619047616,0.2857142857142857,0.0,323,0.1021671826625387,0.09287925696594428,0.2043343653250774,0.043343653250773995,0.14241486068111456,0.24458204334365324,0.034055727554179564,0.13622291021671826,53,0.05660377358490566,0.05660377358490566,0.3018867924528302,0.20754716981132076,0.33962264150943394,0.03773584905660377,0.05660377358490566
U0253,1,0.8551607980066237,41,11863656,0,0,1,0,0,0,0,1,0,0,0,1,0,3150,0.6098412698412699,0.27365079365079364,0.06,210,0.06666666666666667,0.3380952380952381,0.1,0.41904761904761906,0.0761904761904762,0.06666666666666667,16,15,19,394,459.0,1.0,19.7,19,8983074,472793.36842105264,0.5263157894736842,0.05263157894736842,0.15789473684210525,0.05263157894736842,0.21052631578947367,0.2631578947368421,0.10526315789473684,0.05263157894736842,0.15789473684210525,246,0.09349593495934959,0.08943089430894309,0.11382113821138211,0.09349593495934959,0.13414634146341464,0.23983739837398374,0.06910569105691057,0.16666666666666666,109,0.09174311926605505,0.045871559633027525,0.41284403669724773,0.1743119266055046,0.25688073394495414,0.03669724770642202,0.07339449541284404
U0254,1,0.8451375819832092,28,10675924,0,0,1,0,0,0,0,0,0,0,1,0,1,2340,0.6068376068376068,0.3034188034188034,0.08205128205128205,358,0.07541899441340782,0.30726256983240224,0.1005586592178771,0.441340782122905,0.10614525139664804,0.0446927374301676,17,16,13,404,416.0,2.0,28.857142857142858,12,5285490,440457.5,0.6666666666666666,0.25,0.16666666666666666,0.16666666666666666,0.5,0.0,0.16666666666666666,0.0,0.0,154,0.09090909090909091,0.07792207792207792,0.15584415584415584,0.06493506493506493,0.11688311688311688,0.22727272727272727,0.1038961038961039,0.16233766233766234,75,0.08,0.05333333333333334,0.3466666666666667,0.25333333333333335,0.26666666666666666,0.013333333333333334,0.06666666666666667
U0255,1,0.912971746828664,48,7126875,0,0,1,0,0,0,0,0,1,0,0,0,1,2520,0.5928571428571429,0.32896825396825397,0.08769841269841269,233,0.0815450643776824,0.3133047210300429,0.0944206008583691,0.4248927038626609,0.10300429184549356,0.06437768240343347,21,21,17,439,548.0,1.0,24.38888888888889,15,11708431,780562.0666666667,0.4666666666666667,0.2,0.0,0.2,0.2,0.06666666666666667,0.2,0.13333333333333333,0.2,233,0.055793991416309016,0.07725321888412018,0.1630901287553648,0.0815450643776824,0.12446351931330472,0.2145922746781116,0.13304721030042918,0.15021459227467812,80,0.0875,0.0375,0.375,0.15,0.325,0.0375,0.075
U0256,1,0.7030668131959654,52,24820057,0,1,0,0,0,0,1,0,0,0,0,0,1,2970,0.6144781144781145,0.17474747474747473,0.022222222222222223,170,0.047058823529411764,0.21764705882352942,0.12941176470588237,0.5235294117647059,0.08823529411764706,0.041176470588235294,22,20,21,529,249.0,1.0,24.045454545454547,12,9811782,817648.5,0.25,0.08333333333333333,0.16666666666666666,0.25,0.0,0.3333333333333333,0.08333333333333333,0.0,0.16666666666666666,181,0.08287292817679558,0.1270718232044199,0.23756906077348067,0.03867403314917127,0.11049723756906077,0.1712707182320442,0.055248618784530384,0.17679558011049723,59,0.06779661016949153,0.05084745762711865,0.3898305084745763,0.13559322033898305,0.3050847457627119,0.05084745762711865,0.06779661016949153
U0257,0,0.9150643214279872,22,14151751,1,0,0,0,0,0,1,0,0,0,0,1,0,2880,0.5982638888888889,0.3236111111111111,0.08645833333333333,268,0.07462686567164178,0.30970149253731344,0.11567164179104478,0.44029850746268656,0.07835820895522388,0.055970149253731345,12,12,12,206,549.0,1.0,15.846153846153847,21,13023661,620174.3333333334,0.42857142857142855,0.2857142857142857,0.09523809523809523,0.047619047619047616,0.09523809523809523,0.47619047619047616,0.14285714285714285,0.047619047619047616,0.09523809523809523,232,0.05603448275862069,0.08189655172413793,0.15086206896551724,0.0603448275862069,0.14655172413793102,0.22844827586206898,0.11206896551724138,0.16379310344827586,54,0.1111111111111111,0.12962962962962962,0.4074074074074074,0.14814814814814814,0.2222222222222222,0.037037037037037035,0.05555555555555555
U0258,1,0.639069034082492,56,26565532,0,1,0,0,0,0,1,0,0,0,0,0,1,2790,0.6021505376344086,0.11182795698924732,0.008243727598566309,147,0.04081632653061224,0.29931972789115646,0.10204081632653061,0.5170068027210885,0.05442176870748299,0.027210884353741496,21,21,25,661,579.0,0.0,25.423076923076923,19,15264222,803380.1052631579,0.3684210526315789,0.05263157894736842,0.15789473684210525,0.10526315789473684,0.05263157894736842,0.15789473684210525,0.15789473684210525,0.2631578947368421,0.10526315789473684,291,0.030927835051546393,0.07903780068728522,0.23024054982817868,0.044673539518900345,0.12371134020618557,0.2852233676975945,0.024054982817869417,0.18213058419243985,105,0.02857142857142857,0.05714285714285714,0.38095238095238093,0.19047619047619047,0.2571428571428571,0.02857142857142857,0.08571428571428572
U0259,0,0.6507510711215171,34,19862336,0,1,0,0,0,0,0,0,0,0,1,1,0,2610,0.5881226053639846,0.13984674329501914,0.00996168582375479,201,0.03482587064676617,0.3283582089552239,0.11940298507462686,0.4079601990049751,0.0845771144278607,0.05970149253731343,22,18,22,512,558.0,1.0,22.26086956521739,17,17474483,1027910.7647058824,0.23529411764705882,0.0,0.058823529411764705,0.23529411764705882,0.11764705882352941,0.0,0.058823529411764705,0.35294117647058826,0.17647058823529413,185,0.05945945945945946,0.12972972972972974,0.12972972972972974,0.03783783783783784,0.11351351351351352,0.25405405405405407,0.02702702702702703,0.24864864864864866,74,0.10810810810810811,0.05405405405405406,0.3108108108108108,0.2702702702702703,0.22972972972972974,0.0,0.13513513513513514
U0260,1,0.8772572060358226,20,9163111,0,0,1,0,0,0,0,0,0,0,1,0,1,3600,0.5919444444444445,0.2966666666666667,0.07361111111111111,185,0.06486486486486487,0.3027027027027027,0.10810810810810811,0.42702702702702705,0.11351351351351352,0.04864864864864865,16,14,12,310,481.0,0.0,23.846153846153847,5,2962902,592580.4,0.4,0.2,0.0,0.0,0.2,0.4,0.2,0.2,0.0,210,0.07142857142857142,0.06666666666666667,0.1523809523809524,0.08571428571428572,0.1619047619047619,0.1761904761904762,0.09047619047619047,0.19523809523809524,28,0.10714285714285714,0.14285714285714285,0.32142857142857145,0.14285714285714285,0.21428571428571427,0.0,0.17857142857142858
U0261,1,0.6923663642129101,39,25478461,0,1,0,0,0,0,0,0,0,1,0,0,1,4050,0.6091358024691358,0.17925925925925926,0.0254320987654321,248,0.04435483870967742,0.27419354838709675,0.10887096774193548,0.4798387096774194,0.08064516129032258,0.056451612903225805,23,19,18,645,493.0,0.0,33.94736842105263,21,18435535,877882.619047619,0.5238095238095238,0.047619047619047616,0.19047619047619047,0.09523809523809523,0.14285714285714285,0.19047619047619047,0.14285714285714285,0.09523809523809523,0.14285714285714285,218,0.10550458715596331,0.11926605504587157,0.13302752293577982,0.05963302752293578,0.13761467889908258,0.1834862385321101,0.0779816513761468,0.1834862385321101,55,0.03636363636363636,0.12727272727272726,0.32727272727272727,0.2,0.2,0.0,0.14545454545454545
U0262,1,0.845242985059804,58,14378820,0,0,0,1,0,0,0,0,0,1,0,1,0,1710,0.6111111111111112,0.27134502923976606,0.06725146198830409,129,0.06976744186046512,0.29457364341085274,0.10077519379844961,0.4573643410852713,0.10852713178294573,0.03875968992248062,17,16,17,387,303.0,2.0,21.5,22,16040430,729110.4545454546,0.5909090909090909,0.13636363636363635,0.09090909090909091,0.18181818181818182,0.18181818181818182,0.09090909090909091,0.09090909090909091,0.18181818181818182,0.18181818181818182,202,0.0594059405940594,0.10396039603960396,0.21782178217821782,0.06435643564356436,0.13861386138613863,0.21782178217821782,0.06435643564356436,0.13366336633663367,56,0.10714285714285714,0.03571428571428571,0.4107142857142857,0.21428571428571427,0.25,0.03571428571428571,0.05357142857142857
U0263,1,0.7865059401609438,49,19894528,0,1,0,0,0,0,0,1,0,0,0,0,1,1800,0.5911111111111111,0.18166666666666667,0.02666666666666667,253,0.05138339920948617,0.2450592885375494,0.11857707509881422,0.4624505928853755,0.11067193675889328,0.06324110671936758,20,19,9,532,448.0,1.0,53.2,21,15198984,723761.1428571428,0.47619047619047616,0.09523809523809523,0.14285714285714285,0.2857142857142857,0.14285714285714285,0.047619047619047616,0.14285714285714285,0.09523809523809523,0.14285714285714285,274,0.07664233576642336,0.0948905109489051,0.13503649635036497,0.040145985401459854,0.145985401459854,0.24817518248175183,0.043795620437956206,0.21532846715328466,75,0.09333333333333334,0.08,0.28,0.24,0.2,0.04,0.16
U0264,1,0.8978417845449531,59,4000000,0,0,1,0,0,0,0,0,0,0,1,0,1,3690,0.6116531165311653,0.31382113821138213,0.08373983739837398,209,0.09090909090909091,0.2822966507177033,0.11483253588516747,0.49282296650717705,0.08133971291866028,0.028708133971291867,20,18,28,353,352.0,1.0,12.172413793103448,14,9870253,705018.0714285715,0.35714285714285715,0.14285714285714285,0.0,0.0,0.07142857142857142,0.2857142857142857,0.21428571428571427,0.2857142857142857,0.14285714285714285,250,0.076,0.092,0.176,0.092,0.132,0.192,0.092,0.148,80,0.15,0.0375,0.3375,0.175,0.3375,0.0125,0.1
U0265,1,0.903033167917638,55,11961079,1,0,0,0,0,1,0,0,0,0,0,1,0,1710,0.6111111111111112,0.24853801169590642,0.04912280701754386,148,0.06756756756756757,0.3108108108108108,0.12837837837837837,0.4594594594594595,0.060810810810810814,0.04054054054054054,16,16,10,392,218.0,0.0,35.63636363636363,12,13018819,1084901.5833333333,0.5833333333333334,0.16666666666666666,0.16666666666666666,0.25,0.08333333333333333,0.25,0.16666666666666666,0.08333333333333333,0.0,179,0.07262569832402235,0.11731843575418995,0.17318435754189945,0.061452513966480445,0.13966480446927373,0.2346368715083799,0.0446927374301676,0.1564245810055866,94,0.0851063829787234,0.09574468085106383,0.2978723404255319,0.1595744680851064,0.2872340425531915,0.06382978723404255,0.09574468085106383
U0266,1,0.9126435267459148,28,7069258,0,0,0,0,1,0,0,1,0,0,0,0,1,1890,0.5973544973544973,0.2968253968253968,0.07936507936507936,202,0.07920792079207921,0.2376237623762376,0.13366336633663367,0.43564356435643564,0.10396039603960396,0.0891089108910891,15,15,12,310,467.0,0.0,23.846153846153847,16,11934375,745898.4375,0.5,0.0625,0.375,0.125,0.0,0.0,0.0,0.1875,0.3125,120,0.058333333333333334,0.10833333333333334,0.21666666666666667,0.075,0.09166666666666666,0.24166666666666667,0.06666666666666667,0.14166666666666666,103,0.06796116504854369,0.07766990291262135,0.4174757281553398,0.1262135922330097,0.24271844660194175,0.038834951456310676,0.0970873786407767
U0267,1,0.870321585884056,48,10913332,0,0,0,1,0,0,0,1,0,0,0,1,0,2970,0.5905723905723905,0.2723905723905724,0.06262626262626263,189,0.07407407407407407,0.3439153439153439,0.09523809523809523,0.4126984126984127,0.10582010582010581,0.042328042328042326,18,15,14,341,338.0,0.0,22.733333333333334,4,4222586,1055646.5,0.5,0.0,0.0,0.25,0.5,0.0,0.0,0.25,0.0,333,0.057057057057057055,0.07507507507507508,0.16516516516516516,0.07807807807807808,0.11711711711711711,0.22822822822822822,0.07807807807807808,0.2012012012012012,118,0.1016949152542373,0.1016949152542373,0.3813559322033898,0.22033898305084745,0.19491525423728814,0.025423728813559324,0.07627118644067797
U0268,1,0.6506404500052545,26,19337401,1,0,0,0,0,0,0,0,0,1,0,1,0,3060,0.5918300653594771,0.2,0.03202614379084967,129,0.06976744186046512,0.2713178294573643,0.10077519379844961,0.4728682170542636,0.12403100775193798,0.031007751937984496,20,18,18,421,308.0,1.0,22.157894736842106,19,15053075,792267.1052631579,0.47368421052631576,0.10526315789473684,0.2631578947368421,0.10526315789473684,0.05263157894736842,0.0,0.10526315789473684,0.2631578947368421,0.21052631578947367,345,0.07536231884057971,0.08405797101449275,0.17391304347826086,0.06666666666666667,0.11594202898550725,0.2289855072463768,0.0782608695652174,0.17681159420289855,107,0.06542056074766354,0.08411214953271028,0.35514018691588783,0.11214953271028037,0.3177570093457944,0.018691588785046728,0.11214953271028037
U0269,1,0.7931671625784685,44,8963821,0,0,1,0,0,0,0,1,0,0,0,1,0,1980,0.5853535353535354,0.25252525252525254,0.05353535353535353,263,0.057034220532319393,0.2585551330798479,0.12167300380228137,0.4524714828897338,0.11787072243346007,0.049429657794676805,17,17,15,356,244.0,2.0,22.25,17,14777771,869280.6470588235,0.7058823529411765,0.11764705882352941,0.11764705882352941,0.17647058823529413,0.058823529411764705,0.17647058823529413,0.0,0.23529411764705882,0.23529411764705882,311,0.05144694533762058,0.07395498392282958,0.15755627009646303,0.08038585209003216,0.17363344051446947,0.21864951768488747,0.0932475884244373,0.15112540192926044,91,0.13186813186813187,0.10989010989010989,0.2967032967032967,0.23076923076923078,0.21978021978021978,0.01098901098901099,0.13186813186813187
U0270,0,0.4696049457017459,34,22949753,0,1,0,0,0,0,0,0,0,0,1,0,1,2250,0.596,0.11333333333333333,0.010222222222222223,214,0.028037383177570093,0.2616822429906542,0.1261682242990654,0.45794392523364486,0.10747663551401869,0.04672897196261682,24,19,18,633,277.0,0.0,33.31578947368421,18,11367712,631539.5555555555,0.3888888888888889,0.05555555555555555,0.16666666666666666,0.05555555555555555,0.1111111111111111,0.16666666666666666,0.05555555555555555,0.2222222222222222,0.2222222222222222,327,0.05504587155963303,0.0856269113149847,0.1834862385321101,0.04892966360856269,0.1559633027522936,0.24464831804281345,0.03363914373088685,0.1926605504587156,103,0.038834951456310676,0.0970873786407767,0.3300970873786408,0.1553398058252427,0.30097087378640774,0.038834951456310676,0.07766990291262135
U0271,1,0.9122604194278532,47,7747584,0,0,1,0,0,0,0,0,0,1,0,1,0,1890,0.6,0.30793650793650795,0.09047619047619047,160,0.10625,0.24375,0.1375,0.49375,0.06875,0.05625,18,17,16,397,391.0,1.0,23.352941176470587,26,15146163,582544.7307692308,0.5,0.07692307692307693,0.07692307692307693,0.15384615384615385,0.23076923076923078,0.23076923076923078,0.19230769230769232,0.07692307692307693,0.038461538461538464,303,0.056105610561056105,0.08250825082508251,0.132013201320132,0.10891089108910891,0.10891089108910891,0.24092409240924093,0.12211221122112212,0.1485148514851485,89,0.14606741573033707,0.11235955056179775,0.25842696629213485,0.1797752808988764,0.34831460674157305,0.02247191011235955,0.07865168539325842
U0272,0,0.6979235986838077,30,22440470,0,1,0,0,0,0,1,0,0,0,0,1,0,2880,0.5895833333333333,0.18263888888888888,0.030208333333333334,171,0.05263157894736842,0.32748538011695905,0.14035087719298245,0.4444444444444444,0.04093567251461988,0.04678362573099415,20,18,13,401,642.0,3.0,28.642857142857142,20,7745504,387275.2,0.5,0.15,0.15,0.05,0.0,0.25,0.2,0.05,0.3,365,0.07945205479452055,0.08767123287671233,0.136986301369863,0.052054794520547946,0.16986301369863013,0.2219178082191781,0.07945205479452055,0.1726027397260274,76,0.06578947368421052,0.07894736842105263,0.35526315789473684,0.2631578947368421,0.17105263157894737,0.013157894736842105,0.11842105263157894
U0273,1,0.8506882970659196,44,4000000,0,0,0,0,1,0,0,0,1,0,0,1,0,2430,0.6053497942386832,0.29958847736625516,0.07242798353909465,165,0.07878787878787878,0.2787878787878788,0.1393939393939394,0.41818181818181815,0.12121212121212122,0.04242424242424243,17,16,7,335,603.0,3.0,41.875,8,7273828,909228.5,0.5,0.25,0.125,0.25,0.125,0.125,0.125,0.125,0.125,205,0.07804878048780488,0.08780487804878048,0.2097560975609756,0.05853658536585366,0.11219512195121951,0.2097560975609756,0.1073170731707317,0.13658536585365855,99,0.08080808080808081,0.06060606060606061,0.36363636363636365,0.21212121212121213,0.21212121212121213,0.010101010101010102,0.1414141414141414
U0274,1,0.8388422771195112,47,14407070,0,0,1,0,0,0,0,1,0,0,0,1,0,2070,0.5932367149758454,0.2898550724637681,0.07439613526570048,202,0.07425742574257425,0.3118811881188119,0.12376237623762376,0.42574257425742573,0.09900990099009901,0.039603960396039604,18,13,17,332,393.0,0.0,18.444444444444443,16,8266936,516683.5,0.4375,0.125,0.3125,0.0,0.25,0.0625,0.1875,0.125,0.0625,303,0.07920792079207921,0.09900990099009901,0.1188118811881188,0.052805280528052806,0.1485148514851485,0.22772277227722773,0.06930693069306931,0.20462046204620463,76,0.07894736842105263,0.05263157894736842,0.3684210526315789,0.19736842105263158,0.25,0.013157894736842105,0.11842105263157894
U0275,1,0.8618548168143576,32,19558402,0,1,0,0,0,0,1,0,0,0,0,0,1,2340,0.6038461538461538,0.22393162393162394,0.047435897435897434,275,0.06909090909090909,0.2581818181818182,0.13454545454545455,0.48727272727272725,0.07636363636363637,0.04363636363636364,19,18,13,507,235.0,0.0,36.214285714285715,15,7591573,506104.86666666664,0.6,0.3333333333333333,0.2,0.13333333333333333,0.26666666666666666,0.2,0.0,0.0,0.2,250,0.072,0.12,0.156,0.068,0.124,0.22,0.072,0.168,109,0.07339449541284404,0.10091743119266056,0.3486238532110092,0.21100917431192662,0.26605504587155965,0.0,0.07339449541284404
U0276,1,0.9419964254339378,45,10294931,0,0,1,0,0,0,0,1,0,0,0,0,1,2520,0.5912698412698413,0.31785714285714284,0.08928571428571429,205,0.06829268292682927,0.2926829268292683,0.0975609756097561,0.4292682926829268,0.1073170731707317,0.07317073170731707,14,13,10,268,400.0,0.0,24.363636363636363,18,8545294,474738.55555555556,0.8888888888888888,0.3888888888888889,0.16666666666666666,0.1111111111111111,0.1111111111111111,0.1111111111111111,0.1111111111111111,0.05555555555555555,0.3333333333333333,275,0.06545454545454546,0.11272727272727273,0.09818181818181818,0.09818181818181818,0.15636363636363637,0.21454545454545454,0.11272727272727273,0.14181818181818182,54,0.07407407407407407,0.1111111111111111,0.3333333333333333,0.1111111111111111,0.2962962962962963,0.018518518518518517,0.12962962962962962
U0277,0,0.8117381424368395,32,12217918,0,0,1,0,0,0,0,0,0,0,1,0,1,2520,0.5892857142857143,0.2734126984126984,0.06349206349206349,266,0.08646616541353383,0.2744360902255639,0.15037593984962405,0.46616541353383456,0.07142857142857142,0.03759398496240601,16,14,9,353,435.0,0.0,35.3,11,10066650,915150.0,0.6363636363636364,0.09090909090909091,0.36363636363636365,0.09090909090909091,0.18181818181818182,0.09090909090909091,0.0,0.2727272727272727,0.0,70,0.07142857142857142,0.14285714285714285,0.14285714285714285,0.04285714285714286,0.11428571428571428,0.2571428571428571,0.08571428571428572,0.14285714285714285,61,0.03278688524590164,0.03278688524590164,0.26229508196721313,0.22950819672131148,0.26229508196721313,0.03278688524590164,0.18032786885245902
U0278,1,0.8597405079638165,25,9210888,0,0,0,1,0,0,1,0,0,0,0,0,1,3240,0.612037037037037,0.28425925925925927,0.059876543209876544,246,0.056910569105691054,0.2804878048780488,0.14634146341463414,0.45121951219512196,0.07317073170731707,0.04878048780487805,18,17,14,450,478.0,0.0,30.0,16,5201284,325080.25,0.4375,0.1875,0.25,0.0,0.25,0.0625,0.125,0.1875,0.125,311,0.08360128617363344,0.0932475884244373,0.15434083601286175,0.04180064308681672,0.1607717041800643,0.2282958199356913,0.09003215434083602,0.14790996784565916,77,0.09090909090909091,0.09090909090909091,0.2857142857142857,0.19480519480519481,0.24675324675324675,0.025974025974025976,0.15584415584415584
U0279,1,0.8853074615688752,59,4000000,0,0,0,0,1,0,0,0,1,0,0,0,1,2430,0.5983539094650205,0.2938271604938272,0.06337448559670782,145,0.07586206896551724,0.32413793103448274,0.1310344827586207,0.36551724137931035,0.11724137931034483,0.06206896551724138,17,17,16,394,461.0,1.0,23.176470588235293,13,5866199,451246.07692307694,0.6153846153846154,0.3076923076923077,0.3076923076923077,0.07692307692307693,0.15384615384615385,0.07692307692307693,0.07692307692307693,0.15384615384615385,0.15384615384615385,267,0.08239700374531835,0.0449438202247191,0.1647940074906367,0.08239700374531835,0.14232209737827714,0.19850187265917604,0.12359550561797752,0.16104868913857678,35,0.05714285714285714,0.08571428571428572,0.3142857142857143,0.17142857142857143,0.3142857142857143,0.0,0.11428571428571428
U0280,1,0.8970542006237963,30,7383762,0,0,0,0,1,0,0,0,0,0,1,0,1,2790,0.6129032258064516,0.3150537634408602,0.08530465949820788,145,0.08275862068965517,0.2689655172413793,0.13793103448275862,0.3931034482758621,0.13793103448275862,0.06206896551724138,14,13,13,311,511.0,2.0,22.214285714285715,3,741493,247164.33333333334,0.3333333333333333,0.0,0.0,0.0,0.0,0.3333333333333333,0.3333333333333333,0.3333333333333333,0.0,280,0.05714285714285714,0.09285714285714286,0.1357142857142857,0.08214285714285714,0.13214285714285715,0.2392857142857143,0.10714285714285714,0.15357142857142858,51,0.11764705882352941,0.1568627450980392,0.27450980392156865,0.19607843137254902,0.27450980392156865,0.0196078431372549,0.0784313725490196
U0281,1,0.8757549165990578,54,10580708,0,0,1,0,0,0,0,0,0,1,0,0,1,2520,0.6162698412698413,0.3119047619047619,0.09007936507936508,260,0.08076923076923077,0.2923076923076923,0.11153846153846154,0.4461538461538462,0.11153846153846154,0.038461538461538464,13,11,14,256,426.0,3.0,17.066666666666666,16,8942222,558888.875,0.75,0.1875,0.0625,0.0625,0.0625,0.0625,0.25,0.3125,0.1875,314,0.054140127388535034,0.10509554140127389,0.12101910828025478,0.0732484076433121,0.17197452229299362,0.21019108280254778,0.09554140127388536,0.16878980891719744,91,0.06593406593406594,0.07692307692307693,0.3626373626373626,0.16483516483516483,0.25274725274725274,0.02197802197802198,0.12087912087912088
U0282,1,0.9640107613523328,39,5587585,0,0,1,0,0,0,1,0,0,0,0,1,0,3150,0.5961904761904762,0.3215873015873016,0.08761904761904762,103,0.06796116504854369,0.24271844660194175,0.10679611650485436,0.5242718446601942,0.0970873786407767,0.02912621359223301,18,17,18,343,447.0,1.0,18.05263157894737,15,10228763,681917.5333333333,0.8,0.2,0.0,0.2,0.13333333333333333,0.13333333333333333,0.13333333333333333,0.13333333333333333,0.26666666666666666,195,0.06666666666666667,0.08717948717948718,0.13846153846153847,0.06666666666666667,0.15897435897435896,0.23076923076923078,0.10256410256410256,0.14871794871794872,46,0.043478260869565216,0.13043478260869565,0.45652173913043476,0.17391304347826086,0.08695652173913043,0.043478260869565216,0.10869565217391304
U0283,0,0.7422926087842288,33,16006898,0,0,0,1,0,0,0,0,0,1,0,0,1,3780,0.6007936507936508,0.20238095238095238,0.030952380952380953,318,0.05660377358490566,0.2893081761006289,0.1069182389937107,0.4748427672955975,0.08176100628930817,0.04716981132075472,19,19,14,453,223.0,1.0,30.2,17,7598543,446973.1176470588,0.5882352941176471,0.058823529411764705,0.35294117647058826,0.11764705882352941,0.11764705882352941,0.0,0.0,0.058823529411764705,0.35294117647058826,261,0.11494252873563218,0.07279693486590039,0.1839080459770115,0.08045977011494253,0.1417624521072797,0.16475095785440613,0.04597701149425287,0.19540229885057472,67,0.04477611940298507,0.08955223880597014,0.373134328358209,0.1791044776119403,0.2537313432835821,0.029850746268656716,0.07462686567164178
U0284,1,0.7529086451997562,29,12655967,0,1,0,0,0,1,0,0,0,0,0,1,0,3330,0.6168168168168168,0.2510510510510511,0.052552552552552555,116,0.06896551724137931,0.29310344827586204,0.14655172413793102,0.4482758620689655,0.05172413793103448,0.0603448275862069,20,17,14,477,339.0,0.0,31.8,13,15008023,1154463.3076923077,0.38461538461538464,0.07692307692307693,0.23076923076923078,0.3076923076923077,0.0,0.23076923076923078,0.0,0.15384615384615385,0.07692307692307693,164,0.06707317073170732,0.09146341463414634,0.18902439024390244,0.04878048780487805,0.13414634146341464,0.23170731707317074,0.07926829268292683,0.15853658536585366,91,0.06593406593406594,0.06593406593406594,0.5274725274725275,0.2087912087912088,0.17582417582417584,0.0,0.02197802197802198
U0285,1,0.8034093600774984,34,16232558,1,0,0,0,0,1,0,0,0,0,0,1,0,2970,0.5754208754208754,0.19696969696969696,0.03164983164983165,281,0.046263345195729534,0.3202846975088968,0.13167259786476868,0.41637010676156583,0.08185053380782918,0.0498220640569395,18,15,17,456,455.0,0.0,25.333333333333332,21,17453751,831131.0,0.5714285714285714,0.19047619047619047,0.0,0.14285714285714285,0.23809523809523808,0.14285714285714285,0.047619047619047616,0.14285714285714285,0.2857142857142857,365,0.07123287671232877,0.1178082191780822,0.136986301369863,0.04657534246575343,0.14520547945205478,0.2410958904109589,0.07945205479452055,0.16164383561643836,81,0.09876543209876543,0.08641975308641975,0.37037037037037035,0.19753086419753085,0.20987654320987653,0.012345679012345678,0.12345679012345678
U0286,1,0.9074777762122858,55,9778157,0,0,1,0,0,1,0,0,0,0,0,1,0,2610,0.5846743295019157,0.25555555555555554,0.06283524904214559,122,0.09016393442622951,0.319672131147541,0.12295081967213115,0.45081967213114754,0.08196721311475409,0.02459016393442623,17,14,10,405,495.0,2.0,36.81818181818182,11,5131987,466544.2727272727,0.7272727272727273,0.18181818181818182,0.2727272727272727,0.09090909090909091,0.0,0.0,0.36363636363636365,0.09090909090909091,0.18181818181818182,242,0.049586776859504134,0.05785123966942149,0.16115702479338842,0.07024793388429752,0.128099173553719,0.2396694214876033,0.128099173553719,0.1652892561983471,59,0.05084745762711865,0.06779661016949153,0.3728813559322034,0.2542372881355932,0.1694915254237288,0.01694915254237288,0.11864406779661017
U0287,1,0.8339234454281749,26,21962483,0,0,0,1,0,0,1,0,0,0,0,1,0,1800,0.5961111111111111,0.19277777777777777,0.028888888888888888,245,0.05714285714285714,0.2938775510204082,0.12653061224489795,0.43673469387755104,0.10204081632653061,0.04081632653061224,21,20,21,499,551.0,0.0,22.681818181818183,6,2631384,438564.0,0.6666666666666666,0.16666666666666666,0.3333333333333333,0.0,0.0,0.3333333333333333,0.3333333333333333,0.0,0.0,321,0.06542056074766354,0.1059190031152648,0.1838006230529595,0.0529595015576324,0.1588785046728972,0.2336448598130841,0.03426791277258567,0.16510903426791276,53,0.11320754716981132,0.03773584905660377,0.2641509433962264,0.24528301886792453,0.3584905660377358,0.018867924528301886,0.07547169811320754
U0288,1,0.8652098662903963,58,14020922,0,0,0,1,0,0,0,1,0,0,0,0,1,2610,0.6099616858237548,0.2885057471264368,0.06973180076628352,106,0.04716981132075472,0.2830188679245283,0.16981132075471697,0.3867924528301887,0.12264150943396226,0.03773584905660377,16,14,11,384,491.0,4.0,32.0,13,9944104,764931.0769230769,0.46153846153846156,0.0,0.15384615384615385,0.15384615384615385,0.23076923076923078,0.15384615384615385,0.07692307692307693,0.15384615384615385,0.07692307692307693,81,0.07407407407407407,0.09876543209876543,0.18518518518518517,0.08641975308641975,0.12345679012345678,0.18518518518518517,0.12345679012345678,0.12345679012345678,99,0.08080808080808081,0.0707070707070707,0.47474747474747475,0.13131313131313133,0.20202020202020202,0.030303030303030304,0.09090909090909091
U0289,1,0.6834449876283409,57,22927938,0,1,0,0,0,1,0,0,0,0,0,1,0,3240,0.592283950617284,0.18703703703703703,0.024074074074074074,280,0.04642857142857143,0.2785714285714286,0.13214285714285715,0.425,0.10357142857142858,0.060714285714285714,18,15,17,477,469.0,0.0,26.5,18,12414914,689717.4444444445,0.5,0.0,0.2777777777777778,0.1111111111111111,0.16666666666666666,0.16666666666666666,0.05555555555555555,0.05555555555555555,0.16666666666666666,344,0.07848837209302326,0.07267441860465117,0.1744186046511628,0.029069767441860465,0.12790697674418605,0.19767441860465115,0.08139534883720931,0.23837209302325582,46,0.10869565217391304,0.021739130434782608,0.34782608695652173,0.21739130434782608,0.34782608695652173,0.0,0.06521739130434782
U0290,0,0.5373377102052994,47,16482382,0,1,0,0,0,0,0,0,0,1,0,0,1,3420,0.591812865497076,0.20526315789473684,0.031871345029239766,167,0.05389221556886228,0.2694610778443114,0.1377245508982036,0.4311377245508982,0.09580838323353294,0.0658682634730539,16,15,8,340,479.0,1.0,37.77777777777778,11,8529791,775435.5454545454,0.36363636363636365,0.09090909090909091,0.18181818181818182,0.09090909090909091,0.0,0.5454545454545454,0.0,0.09090909090909091,0.09090909090909091,302,0.08609271523178808,0.09933774834437085,0.1423841059602649,0.06291390728476821,0.152317880794702,0.19205298013245034,0.07947019867549669,0.18543046357615894,103,0.0970873786407767,0.10679611650485436,0.3786407766990291,0.18446601941747573,0.2524271844660194,0.019417475728155338,0.05825242718446602
U0291,1,0.8219817464595671,57,13595845,1,0,0,0,0,0,0,0,0,0,1,1,0,3420,0.612280701754386,0.2216374269005848,0.04766081871345029,278,0.08273381294964029,0.2733812949640288,0.09712230215827339,0.4676258992805755,0.10071942446043165,0.06115107913669065,21,18,23,526,393.0,2.0,21.916666666666668,20,14652985,732649.25,0.65,0.15,0.3,0.1,0.0,0.3,0.05,0.1,0.15,432,0.05555555555555555,0.08333333333333333,0.17592592592592593,0.06481481481481481,0.125,0.24537037037037038,0.09259259259259259,0.1574074074074074,62,0.04838709677419355,0.16129032258064516,0.3548387096774194,0.12903225806451613,0.1935483870967742,0.03225806451612903,0.12903225806451613
U0292,1,0.7366436255776488,41,22517894,0,1,0,0,0,0,0,0,1,0,0,0,1,1170,0.576068376068376,0.18632478632478633,0.02905982905982906,245,0.0326530612244898,0.39591836734693875,0.08979591836734693,0.3795918367346939,0.09795918367346938,0.036734693877551024,20,19,21,471,537.0,1.0,21.40909090909091,27,14987756,555102.074074074,0.37037037037037035,0.18518518518518517,0.14814814814814814,0.14814814814814814,0.18518518518518517,0.1111111111111111,0.25925925925925924,0.07407407407407407,0.07407407407407407,293,0.09215017064846416,0.09556313993174062,0.16723549488054607,0.07849829351535836,0.13993174061433447,0.2150170648464164,0.051194539249146756,0.16040955631399317,85,0.047058823529411764,0.07058823529411765,0.47058823529411764,0.15294117647058825,0.17647058823529413,0.011764705882352941,0.11764705882352941
U0293,0,0.7636504764935351,59,24810786,0,1,0,0,0,0,0,0,0,1,0,1,0,2610,0.5777777777777777,0.18850574712643678,0.031417624521072794,226,0.048672566371681415,0.22566371681415928,0.13716814159292035,0.45132743362831856,0.11061946902654868,0.0752212389380531,19,17,16,476,293.0,2.0,28.0,24,18911540,787980.8333333334,0.625,0.041666666666666664,0.08333333333333333,0.125,0.125,0.08333333333333333,0.16666666666666666,0.16666666666666666,0.25,242,0.11570247933884298,0.07851239669421488,0.1446280991735537,0.03305785123966942,0.1322314049586777,0.25206611570247933,0.0371900826446281,0.2066115702479339,74,0.05405405405405406,0.04054054054054054,0.3783783783783784,0.17567567567567569,0.24324324324324326,0.013513513513513514,0.14864864864864866
U0294,1,0.7817313171202055,37,19735523,0,1,0,0,0,1,0,0,0,0,0,1,0,3330,0.5942942942942943,0.23993993993993995,0.045345345345345345,215,0.06976744186046512,0.3023255813953488,0.10697674418604651,0.4511627906976744,0.09767441860465116,0.04186046511627907,17,15,13,359,447.0,1.0,25.642857142857142,7,4214569,602081.2857142857,0.42857142857142855,0.2857142857142857,0.42857142857142855,0.0,0.0,0.0,0.0,0.42857142857142855,0.14285714285714285,329,0.057750759878419454,0.06990881458966565,0.16109422492401215,0.0668693009118541,0.12462006079027356,0.24012158054711247,0.08814589665653495,0.19148936170212766,92,0.07608695652173914,0.08695652173913043,0.31521739130434784,0.18478260869565216,0.25,0.0,0.16304347826086957
U0295,1,0.7840407258948828,23,17847826,1,0,0,0,0,0,0,1,0,0,0,1,0,1440,0.5826388888888889,0.23402777777777778,0.043055555555555555,232,0.0603448275862069,0.33189655172413796,0.09913793103448276,0.4224137931034483,0.10344827586206896,0.04310344827586207,25,22,27,645,393.0,0.0,23.035714285714285,17,17719759,1042338.7647058824,0.35294117647058826,0.058823529411764705,0.11764705882352941,0.29411764705882354,0.17647058823529413,0.058823529411764705,0.17647058823529413,0.11764705882352941,0.058823529411764705,252,0.10714285714285714,0.11904761904761904,0.15873015873015872,0.051587301587301584,0.1349206349206349,0.2222222222222222,0.06349206349206349,0.14285714285714285,111,0.05405405405405406,0.07207207207207207,0.3783783783783784,0.24324324324324326,0.21621621621621623,0.02702702702702703,0.06306306306306306
U0296,0,0.8002061171920882,51,8403063,0,0,1,0,0,0,0,0,0,0,1,0,1,2790,0.5885304659498208,0.26810035842293906,0.06272401433691756,256,0.06640625,0.28125,0.12109375,0.4375,0.10546875,0.0546875,16,13,5,359,367.0,2.0,59.833333333333336,12,6172558,514379.8333333333,0.5833333333333334,0.3333333333333333,0.25,0.0,0.08333333333333333,0.16666666666666666,0.16666666666666666,0.16666666666666666,0.16666666666666666,227,0.039647577092511016,0.07488986784140969,0.16740088105726872,0.07048458149779736,0.16740088105726872,0.2422907488986784,0.07929515418502203,0.15859030837004406,46,0.043478260869565216,0.13043478260869565,0.43478260869565216,0.13043478260869565,0.15217391304347827,0.06521739130434782,0.08695652173913043
U0297,0,0.7419471652594598,44,27917558,0,1,0,0,0,0,0,0,0,0,1,0,1,2340,0.5905982905982906,0.17136752136752137,0.02094017094017094,160,0.05,0.2875,0.11875,0.44375,0.1,0.05,20,18,18,549,345.0,1.0,28.894736842105264,22,24744299,1124740.8636363635,0.4090909090909091,0.0,0.09090909090909091,0.22727272727272727,0.13636363636363635,0.09090909090909091,0.13636363636363635,0.13636363636363635,0.18181818181818182,311,0.05466237942122187,0.09003215434083602,0.1414790996784566,0.022508038585209004,0.17041800643086816,0.2604501607717042,0.0932475884244373,0.16720257234726688,45,0.022222222222222223,0.15555555555555556,0.28888888888888886,0.17777777777777778,0.2,0.044444444444444446,0.13333333333333333
U0298,0,0.8401172560221599,32,12472019,0,1,0,0,0,0,0,1,0,0,0,0,1,2070,0.6082125603864734,0.2579710144927536,0.05217391304347826,157,0.07643312101910828,0.29936305732484075,0.06369426751592357,0.5095541401273885,0.09554140127388536,0.03184713375796178,17,13,19,365,485.0,0.0,18.25,17,9575903,563288.4117647059,0.5882352941176471,0.11764705882352941,0.11764705882352941,0.058823529411764705,0.11764705882352941,0.35294117647058826,0.11764705882352941,0.11764705882352941,0.11764705882352941,347,0.07204610951008646,0.08645533141210375,0.1585014409221902,0.069164265129683,0.13256484149855907,0.23631123919308358,0.07492795389048991,0.17002881844380405,78,0.16666666666666666,0.038461538461538464,0.3717948717948718,0.23076923076923078,0.28205128205128205,0.01282051282051282,0.0641025641025641
U0299,0,0.6850544187436126,58,20075546,1,0,0,0,0,0,0,1,0,0,0,0,1,3240,0.6108024691358025,0.20586419753086418,0.03518518518518519,297,0.0707070707070707,0.24242424242424243,0.13131313131313133,0.49158249158249157,0.08754208754208755,0.04713804713804714,19,16,18,482,242.0,0.0,25.36842105263158,16,10301564,643847.75,0.25,0.125,0.0,0.0625,0.125,0.125,0.3125,0.125,0.25,224,0.0625,0.07142857142857142,0.17410714285714285,0.0625,0.125,0.27232142857142855,0.044642857142857144,0.1875,81,0.06172839506172839,0.13580246913580246,0.30864197530864196,0.19753086419753085,0.2222222222222222,0.012345679012345678,0.12345679012345678
U0300,0,0.7734125001525012,32,18525677,0,1,0,0,0,0,0,0,0,1,0,0,1,2160,0.5925925925925926,0.20833333333333334,0.034722222222222224,167,0.059880239520958084,0.25748502994011974,0.11976047904191617,0.48502994011976047,0.10179640718562874,0.03592814371257485,18,17,13,451,269.0,0.0,32.214285714285715,19,13861399,729547.3157894737,0.47368421052631576,0.05263157894736842,0.15789473684210525,0.10526315789473684,0.15789473684210525,0.05263157894736842,0.15789473684210525,0.21052631578947367,0.15789473684210525,251,0.07171314741035857,0.07569721115537849,0.1593625498007968,0.04780876494023904,0.14342629482071714,0.27091633466135456,0.06374501992031872,0.16733067729083664,71,0.056338028169014086,0.07042253521126761,0.4507042253521127,0.14084507042253522,0.19718309859154928,0.028169014084507043,0.11267605633802817
U0301,1,0.8143840984660047,28,8414132,0,0,0,1,0,1,0,0,0,0,0,1,0,2520,0.5948412698412698,0.30238095238095236,0.08611111111111111,201,0.0945273631840796,0.3333333333333333,0.11442786069651742,0.417910447761194,0.09950248756218906,0.03482587064676617,19,17,15,426,195.0,2.0,26.625,17,11009607,647623.9411764706,0.6470588235294118,0.11764705882352941,0.17647058823529413,0.11764705882352941,0.11764705882352941,0.17647058823529413,0.17647058823529413,0.058823529411764705,0.17647058823529413,374,0.045454545454545456,0.10160427807486631,0.12299465240641712,0.10160427807486631,0.13368983957219252,0.232620320855615,0.12299465240641712,0.13903743315508021,78,0.0641025641025641,0.05128205128205128,0.41025641025641024,0.20512820512820512,0.24358974358974358,0.01282051282051282,0.07692307692307693
U0302,1,0.7101035415635092,59,25649638,0,1,0,0,0,0,1,0,0,0,0,1,0,2610,0.5957854406130269,0.15478927203065135,0.01532567049808429,244,0.05327868852459016,0.2827868852459016,0.07377049180327869,0.4713114754098361,0.12295081967213115,0.04918032786885246,20,18,15,518,506.0,0.0,32.375,30,22478817,749293.9,0.3,0.06666666666666667,0.2,0.16666666666666666,0.1,0.16666666666666666,0.1,0.16666666666666666,0.1,379,0.07651715039577836,0.0633245382585752,0.16094986807387862,0.036939313984168866,0.17150395778364116,0.26649076517150394,0.06068601583113457,0.16358839050131926,77,0.07792207792207792,0.12987012987012986,0.2857142857142857,0.15584415584415584,0.23376623376623376,0.05194805194805195,0.14285714285714285
U0303,1,0.8582895882212321,57,7891816,0,0,1,0,0,0,1,0,0,0,0,0,1,3150,0.5974603174603175,0.29873015873015873,0.08063492063492063,297,0.07744107744107744,0.32996632996632996,0.10774410774410774,0.40404040404040403,0.09090909090909091,0.06734006734006734,12,12,9,254,584.0,1.0,25.4,14,9063057,647361.2142857143,0.7857142857142857,0.0,0.21428571428571427,0.14285714285714285,0.07142857142857142,0.0,0.21428571428571427,0.21428571428571427,0.14285714285714285,376,0.05585106382978723,0.0425531914893617,0.17287234042553193,0.06382978723404255,0.14095744680851063,0.2978723404255319,0.09042553191489362,0.1356382978723404,93,0.08602150537634409,0.10752688172043011,0.40860215053763443,0.16129032258064516,0.23655913978494625,0.021505376344086023,0.06451612903225806
U0304,1,0.7373789707403211,38,23530568,0,1,0,0,0,0,0,0,1,0,0,1,0,2790,0.6046594982078853,0.1867383512544803,0.02867383512544803,190,0.042105263157894736,0.2894736842105263,0.11578947368421053,0.4421052631578947,0.12631578947368421,0.02631578947368421,14,14,13,315,527.0,0.0,22.5,23,25123642,1092332.2608695652,0.43478260869565216,0.08695652173913043,0.17391304347826086,0.2608695652173913,0.043478260869565216,0.17391304347826086,0.13043478260869565,0.13043478260869565,0.08695652173913043,139,0.07194244604316546,0.10071942446043165,0.20863309352517986,0.050359712230215826,0.1079136690647482,0.20863309352517986,0.07913669064748201,0.17266187050359713,43,0.09302325581395349,0.09302325581395349,0.3023255813953488,0.2558139534883721,0.27906976744186046,0.0,0.06976744186046512
U0305,1,0.8928280524337048,51,5081548,0,0,1,0,0,1,0,0,0,0,0,0,1,2880,0.596875,0.30277777777777776,0.07708333333333334,296,0.0777027027027027,0.25675675675675674,0.11824324324324324,0.5,0.0777027027027027,0.0472972972972973,17,17,12,441,367.0,1.0,33.92307692307692,6,3735913,622652.1666666666,0.8333333333333334,0.16666666666666666,0.16666666666666666,0.0,0.0,0.16666666666666666,0.16666666666666666,0.3333333333333333,0.16666666666666666,164,0.07926829268292683,0.07926829268292683,0.12195121951219512,0.11585365853658537,0.13414634146341464,0.18902439024390244,0.09146341463414634,0.18902439024390244,93,0.12903225806451613,0.053763440860215055,0.3870967741935484,0.23655913978494625,0.23655913978494625,0.010752688172043012,0.07526881720430108
U0306,0,0.8837694203992685,43,9409234,1,0,0,0,0,0,0,0,0,0,1,1,0,2430,0.5930041152263374,0.2111111111111111,0.03580246913580247,182,0.06043956043956044,0.25824175824175827,0.17032967032967034,0.4340659340659341,0.08791208791208792,0.04945054945054945,19,17,17,557,519.0,0.0,30.944444444444443,4,3231897,807974.25,0.75,0.5,0.0,0.25,0.0,0.0,0.25,0.0,0.5,303,0.10231023102310231,0.0924092409240924,0.15841584158415842,0.0627062706270627,0.132013201320132,0.2376237623762376,0.07920792079207921,0.1353135313531353,77,0.03896103896103896,0.1038961038961039,0.4155844155844156,0.16883116883116883,0.22077922077922077,0.012987012987012988,0.07792207792207792
U0307,1,0.8636964024089206,45,8957447,0,0,0,0,1,0,0,0,1,0,0,1,0,3330,0.5867867867867868,0.31261261261261264,0.09009009009009009,157,0.050955414012738856,0.2929936305732484,0.14012738853503184,0.46496815286624205,0.07006369426751592,0.03184713375796178,13,13,9,235,444.0,4.0,23.5,20,12171146,608557.3,0.3,0.15,0.3,0.35,0.0,0.05,0.25,0.0,0.05,163,0.06134969325153374,0.0736196319018405,0.17177914110429449,0.09815950920245399,0.13496932515337423,0.27607361963190186,0.0736196319018405,0.11042944785276074,92,0.09782608695652174,0.07608695652173914,0.43478260869565216,0.22826086956521738,0.18478260869565216,0.021739130434782608,0.05434782608695652
U0308,1,0.7171908594037306,42,16919360,0,1,0,0,0,1,0,0,0,0,0,0,1,2430,0.6131687242798354,0.1962962962962963,0.030452674897119343,299,0.05016722408026756,0.3177257525083612,0.11371237458193979,0.4080267558528428,0.09698996655518395,0.06354515050167224,21,19,18,500,463.0,0.0,26.31578947368421,22,12442701,565577.3181818182,0.22727272727272727,0.045454545454545456,0.09090909090909091,0.045454545454545456,0.18181818181818182,0.13636363636363635,0.18181818181818182,0.045454545454545456,0.3181818181818182,308,0.05194805194805195,0.11688311688311688,0.19155844155844157,0.06493506493506493,0.1266233766233766,0.21753246753246752,0.048701298701298704,0.18181818181818182,69,0.10144927536231885,0.057971014492753624,0.4057971014492754,0.17391304347826086,0.2028985507246377,0.028985507246376812,0.13043478260869565
U0309,0,0.8724993885033479,41,12327302,0,0,1,0,0,0,0,1,0,0,0,0,1,1710,0.6070175438596491,0.30409356725146197,0.08421052631578947,284,0.0880281690140845,0.3028169014084507,0.13732394366197184,0.43661971830985913,0.08098591549295775,0.04225352112676056,18,16,13,322,494.0,0.0,23.0,26,13617666,523756.3846153846,0.6153846153846154,0.19230769230769232,0.23076923076923078,0.07692307692307693,0.07692307692307693,0.11538461538461539,0.11538461538461539,0.23076923076923078,0.15384615384615385,221,0.06334841628959276,0.07692307692307693,0.1583710407239819,0.06787330316742081,0.13574660633484162,0.24434389140271492,0.09049773755656108,0.16289592760180996,80,0.1375,0.025,0.3125,0.1875,0.35,0.025,0.1
U0310,1,0.8713377371770061,42,12197476,0,0,1,0,0,0,0,0,0,1,0,1,0,1800,0.5955555555555555,0.245,0.042777777777777776,196,0.07142857142857142,0.33163265306122447,0.09693877551020408,0.42857142857142855,0.10714285714285714,0.03571428571428571,17,16,11,381,304.0,1.0,31.75,6,4345430,724238.3333333334,0.5,0.0,0.16666666666666666,0.16666666666666666,0.3333333333333333,0.16666666666666666,0.0,0.0,0.16666666666666666,327,0.10397553516819572,0.10091743119266056,0.1345565749235474,0.0764525993883792,0.13149847094801223,0.22935779816513763,0.08256880733944955,0.14067278287461774,110,0.05454545454545454,0.09090909090909091,0.38181818181818183,0.2,0.21818181818181817,0.0,0.10909090909090909
U0311,1,0.8412197181404689,30,7204237,0,0,0,0,1,0,0,0,1,0,0,0,1,1710,0.5912280701754385,0.2982456140350877,0.07426900584795322,214,0.0794392523364486,0.2616822429906542,0.09813084112149532,0.4439252336448598,0.14953271028037382,0.04672897196261682,14,14,16,370,313.0,1.0,21.764705882352942,14,8820004,630000.2857142857,0.42857142857142855,0.14285714285714285,0.07142857142857142,0.21428571428571427,0.2857142857142857,0.0,0.2857142857142857,0.07142857142857142,0.07142857142857142,261,0.09961685823754789,0.06513409961685823,0.1111111111111111,0.09195402298850575,0.1417624521072797,0.23754789272030652,0.09578544061302682,0.15708812260536398,69,0.13043478260869565,0.10144927536231885,0.391304347826087,0.14492753623188406,0.2318840579710145,0.014492753623188406,0.11594202898550725
U0312,1,0.8370234492428802,58,7514534,0,0,0,0,1,0,0,0,0,1,0,1,0,1620,0.5932098765432099,0.2808641975308642,0.0734567901234568,221,0.08144796380090498,0.2579185520361991,0.10407239819004525,0.4796380090497738,0.12217194570135746,0.03619909502262444,16,15,18,283,321.0,1.0,14.894736842105264,20,20806962,1040348.1,0.65,0.2,0.05,0.25,0.1,0.25,0.1,0.1,0.15,154,0.07142857142857142,0.05194805194805195,0.15584415584415584,0.03896103896103896,0.13636363636363635,0.24025974025974026,0.12337662337662338,0.18181818181818182,114,0.12280701754385964,0.07894736842105263,0.42105263157894735,0.21052631578947367,0.18421052631578946,0.008771929824561403,0.09649122807017543
U0313,1,0.6101233868889574,20,22330764,0,1,0,0,0,0,0,0,1,0,0,0,1,3960,0.6085858585858586,0.14343434343434344,0.015656565656565657,238,0.05042016806722689,0.29831932773109243,0.1134453781512605,0.42436974789915966,0.1134453781512605,0.05042016806722689,22,21,22,597,482.0,0.0,25.956521739130434,14,12703558,907397.0,0.35714285714285715,0.0,0.14285714285714285,0.21428571428571427,0.07142857142857142,0.14285714285714285,0.07142857142857142,0.14285714285714285,0.21428571428571427,268,0.055970149253731345,0.10820895522388059,0.20522388059701493,0.018656716417910446,0.11567164179104478,0.2873134328358209,0.033582089552238806,0.17537313432835822,110,0.02727272727272727,0.12727272727272726,0.3,0.20909090909090908,0.2727272727272727,0.01818181818181818,0.07272727272727272
U0314,0,0.6677491866494786,36,16237614,0,1,0,0,0,0,0,1,0,0,0,1,0,2520,0.6182539682539683,0.21785714285714286,0.0373015873015873,334,0.05688622754491018,0.3083832335329341,0.11676646706586827,0.44011976047904194,0.10778443113772455,0.02694610778443114,17,16,13,357,391.0,0.0,25.5,20,17516670,875833.5,0.45,0.2,0.1,0.25,0.2,0.1,0.2,0.15,0.0,223,0.07623318385650224,0.09865470852017937,0.22869955156950672,0.053811659192825115,0.1210762331838565,0.19730941704035873,0.06726457399103139,0.15695067264573992,85,0.047058823529411764,0.10588235294117647,0.3176470588235294,0.18823529411764706,0.29411764705882354,0.023529411764705882,0.07058823529411765
U0315,1,0.7481892259655999,46,14902793,1,0,0,0,0,0,0,0,0,1,0,0,1,2340,0.5991452991452991,0.2547008547008547,0.05641025641025641,129,0.06976744186046512,0.2868217054263566,0.11627906976744186,0.46511627906976744,0.06976744186046512,0.06201550387596899,16,15,13,395,160.0,4.0,28.214285714285715,13,8202217,630939.7692307692,0.3076923076923077,0.23076923076923078,0.38461538461538464,0.07692307692307693,0.0,0.15384615384615385,0.23076923076923078,0.07692307692307693,0.07692307692307693,232,0.09482758620689655,0.04310344827586207,0.1810344827586207,0.06896551724137931,0.11637931034482758,0.21551724137931033,0.12931034482758622,0.15086206896551724,72,0.06944444444444445,0.09722222222222222,0.3472222222222222,0.1527777777777778,0.3055555555555556,0.013888888888888888,0.08333333333333333
U0316,1,0.8450160329268546,37,16198798,1,0,0,0,0,0,0,0,0,0,1,1,0,1980,0.5813131313131313,0.2590909090909091,0.05555555555555555,209,0.05741626794258373,0.291866028708134,0.11483253588516747,0.41148325358851673,0.13875598086124402,0.0430622009569378,20,20,13,462,467.0,2.0,33.0,18,13300185,738899.1666666666,0.5,0.2222222222222222,0.16666666666666666,0.1111111111111111,0.1111111111111111,0.16666666666666666,0.1111111111111111,0.2222222222222222,0.1111111111111111,223,0.1031390134529148,0.07174887892376682,0.17937219730941703,0.08520179372197309,0.1031390134529148,0.24663677130044842,0.1031390134529148,0.10762331838565023,104,0.10576923076923077,0.057692307692307696,0.3173076923076923,0.34615384615384615,0.20192307692307693,0.009615384615384616,0.0673076923076923
U0317,1,0.936021578583976,51,7059786,0,0,0,0,1,0,0,0,0,1,0,1,0,3330,0.6087087087087087,0.34474474474474476,0.1003003003003003,196,0.09693877551020408,0.2653061224489796,0.10204081632653061,0.4846938775510204,0.11734693877551021,0.030612244897959183,12,11,8,215,414.0,1.0,23.88888888888889,14,9989736,713552.5714285715,0.6428571428571429,0.0,0.14285714285714285,0.21428571428571427,0.14285714285714285,0.14285714285714285,0.14285714285714285,0.0,0.21428571428571427,229,0.0611353711790393,0.06550218340611354,0.1615720524017467,0.10043668122270742,0.12663755458515283,0.2052401746724891,0.1222707423580786,0.1572052401746725,100,0.18,0.06,0.36,0.19,0.25,0.01,0.13
U0318,1,0.7829394007365775,34,16246964,0,1,0,0,0,0,1,0,0,0,0,0,1,3330,0.6084084084084084,0.1993993993993994,0.029129129129129128,190,0.06315789473684211,0.2894736842105263,0.08421052631578947,0.4368421052631579,0.12631578947368421,0.06315789473684211,20,19,14,513,517.0,0.0,34.2,20,13777111,688855.55,0.3,0.05,0.15,0.3,0.0,0.1,0.2,0.1,0.15,230,0.05652173913043478,0.09130434782608696,0.1608695652173913,0.05652173913043478,0.10869565217391304,0.21304347826086956,0.08260869565217391,0.23043478260869565,45,0.06666666666666667,0.08888888888888889,0.3111111111111111,0.15555555555555556,0.28888888888888886,0.044444444444444446,0.1111111111111111
U0319,1,0.7911151100187026,50,18901056,0,1,0,0,0,0,0,0,1,0,0,0,1,3240,0.6,0.25864197530864197,0.05246913580246913,181,0.055248618784530384,0.2430939226519337,0.08287292817679558,0.5414364640883977,0.06629834254143646,0.06629834254143646,17,17,14,377,391.0,0.0,25.133333333333333,14,18825364,1344668.857142857,0.5,0.14285714285714285,0.07142857142857142,0.42857142857142855,0.14285714285714285,0.07142857142857142,0.0,0.14285714285714285,0.14285714285714285,270,0.07777777777777778,0.11481481481481481,0.16296296296296298,0.07037037037037037,0.15925925925925927,0.21481481481481482,0.07777777777777778,0.12222222222222222,76,0.09210526315789473,0.09210526315789473,0.32894736842105265,0.15789473684210525,0.2894736842105263,0.039473684210526314,0.09210526315789473
U0320,1,0.9191916739859524,48,8809765,0,0,1,0,0,0,1,0,0,0,0,0,1,990,0.597979797979798,0.3464646464646465,0.09494949494949495,208,0.09615384615384616,0.28846153846153844,0.16826923076923078,0.3942307692307692,0.10576923076923077,0.04326923076923077,12,9,8,294,299.0,0.0,32.666666666666664,12,7707526,642293.8333333334,0.5,0.25,0.25,0.08333333333333333,0.08333333333333333,0.08333333333333333,0.16666666666666666,0.16666666666666666,0.16666666666666666,168,0.06547619047619048,0.08928571428571429,0.10119047619047619,0.08928571428571429,0.19642857142857142,0.19642857142857142,0.10119047619047619,0.16071428571428573,67,0.07462686567164178,0.07462686567164178,0.3880597014925373,0.16417910447761194,0.2835820895522388,0.029850746268656716,0.05970149253731343
U0321,1,0.8354831543919093,34,6941616,1,0,0,0,0,0,0,1,0,0,0,1,0,1980,0.6035353535353535,0.2878787878787879,0.0707070707070707,212,0.07075471698113207,0.22641509433962265,0.08490566037735849,0.49528301886792453,0.13679245283018868,0.05660377358490566,17,17,14,329,418.0,1.0,21.933333333333334,14,4982436,355888.28571428574,0.9285714285714286,0.07142857142857142,0.14285714285714285,0.0,0.07142857142857142,0.14285714285714285,0.21428571428571427,0.14285714285714285,0.2857142857142857,496,0.04838709677419355,0.09274193548387097,0.125,0.05846774193548387,0.17943548387096775,0.23588709677419356,0.09879032258064516,0.16129032258064516,79,0.06329113924050633,0.02531645569620253,0.379746835443038,0.189873417721519,0.26582278481012656,0.02531645569620253,0.11392405063291139
U0322,1,0.913620016986648,25,4311226,0,0,0,1,0,1,0,0,0,0,0,0,1,2970,0.6114478114478115,0.28114478114478114,0.06026936026936027,260,0.08461538461538462,0.2923076923076923,0.11538461538461539,0.45,0.10384615384615385,0.038461538461538464,18,16,12,427,533.0,1.0,32.84615384615385,26,14650722,563489.3076923077,0.7692307692307693,0.038461538461538464,0.19230769230769232,0.15384615384615385,0.11538461538461539,0.07692307692307693,0.23076923076923078,0.11538461538461539,0.11538461538461539,281,0.03914590747330961,0.10320284697508897,0.19572953736654805,0.0711743772241993,0.10676156583629894,0.21708185053380782,0.10676156583629894,0.1601423487544484,81,0.04938271604938271,0.12345679012345678,0.345679012345679,0.2222222222222222,0.19753086419753085,0.024691358024691357,0.08641975308641975
U0323,1,0.8877564147913499,42,6514648,0,0,1,0,0,0,0,0,0,1,0,1,0,3690,0.6075880758807588,0.2777777777777778,0.06368563685636856,102,0.058823529411764705,0.24509803921568626,0.10784313725490197,0.5098039215686274,0.0784313725490196,0.058823529411764705,13,13,10,213,390.0,1.0,19.363636363636363,9,5191329,576814.3333333334,0.7777777777777778,0.1111111111111111,0.2222222222222222,0.3333333333333333,0.1111111111111111,0.0,0.1111111111111111,0.0,0.2222222222222222,215,0.06976744186046512,0.08372093023255814,0.13023255813953488,0.06511627906976744,0.14883720930232558,0.24651162790697675,0.07441860465116279,0.1813953488372093,97,0.09278350515463918,0.09278350515463918,0.35051546391752575,0.20618556701030927,0.21649484536082475,0.010309278350515464,0.12371134020618557
U0324,1,0.8749208669461432,49,4775666,0,0,0,0,1,0,0,1,0,0,0,0,1,1800,0.5916666666666667,0.2922222222222222,0.085,331,0.08459214501510574,0.2628398791540785,0.1027190332326284,0.48338368580060426,0.08157099697885196,0.06948640483383686,18,17,15,412,415.0,1.0,25.75,20,17169342,858467.1,0.75,0.1,0.0,0.15,0.05,0.25,0.25,0.2,0.1,134,0.08955223880597014,0.04477611940298507,0.14925373134328357,0.09701492537313433,0.12686567164179105,0.208955223880597,0.11940298507462686,0.16417910447761194,91,0.0989010989010989,0.07692307692307693,0.4175824175824176,0.16483516483516483,0.23076923076923078,0.0,0.10989010989010989
U0325,1,0.6559839502440126,37,15234502,0,1,0,0,0,0,0,1,0,0,0,1,0,2520,0.5988095238095238,0.1757936507936508,0.022222222222222223,166,0.05421686746987952,0.25903614457831325,0.18674698795180722,0.39759036144578314,0.10843373493975904,0.04819277108433735,22,20,19,530,561.0,0.0,26.5,17,14591401,858317.7058823529,0.4117647058823529,0.058823529411764705,0.17647058823529413,0.17647058823529413,0.058823529411764705,0.0,0.11764705882352941,0.4117647058823529,0.058823529411764705,250,0.06,0.084,0.164,0.068,0.152,0.24,0.048,0.184,58,0.05172413793103448,0.08620689655172414,0.25862068965517243,0.27586206896551724,0.22413793103448276,0.05172413793103448,0.10344827586206896
U0326,1,0.8159736256309529,27,13352270,0,1,0,0,0,0,0,0,0,0,1,0,1,2970,0.6053872053872054,0.24713804713804713,0.043434343434343436,226,0.05309734513274336,0.28761061946902655,0.08849557522123894,0.45132743362831856,0.10619469026548672,0.06637168141592921,20,18,19,489,371.0,1.0,24.45,17,8943456,526085.6470588235,0.47058823529411764,0.058823529411764705,0.17647058823529413,0.058823529411764705,0.17647058823529413,0.058823529411764705,0.11764705882352941,0.23529411764705882,0.17647058823529413,295,0.0847457627118644,0.06779661016949153,0.15593220338983052,0.07457627118644068,0.15254237288135594,0.2576271186440678,0.06440677966101695,0.1423728813559322,43,0.09302325581395349,0.06976744186046512,0.37209302325581395,0.16279069767441862,0.27906976744186046,0.046511627906976744,0.06976744186046512
U0327,1,0.8558091235583749,47,13969597,0,1,0,0,0,1,0,0,0,0,0,1,0,2520,0.5920634920634921,0.25,0.056746031746031746,132,0.07575757575757576,0.21212121212121213,0.12121212121212122,0.5,0.12121212121212122,0.045454545454545456,19,18,12,442,294.0,1.0,34.0,11,10670717,970065.1818181818,0.5454545454545454,0.09090909090909091,0.0,0.18181818181818182,0.0,0.36363636363636365,0.09090909090909091,0.2727272727272727,0.09090909090909091,403,0.05459057071960298,0.08933002481389578,0.17866004962779156,0.07196029776674938,0.14640198511166252,0.1935483870967742,0.062034739454094295,0.20347394540942929,22,0.09090909090909091,0.22727272727272727,0.22727272727272727,0.3181818181818182,0.22727272727272727,0.0,0.0
U0328,1,0.8968446874265507,55,11464218,1,0,0,0,0,0,1,0,0,0,0,0,1,2160,0.5884259259259259,0.2708333333333333,0.06666666666666667,227,0.07048458149779736,0.28193832599118945,0.13215859030837004,0.42290748898678415,0.11894273127753303,0.04405286343612335,19,18,10,394,297.0,3.0,35.81818181818182,10,6528343,652834.3,0.4,0.1,0.0,0.1,0.3,0.1,0.2,0.2,0.1,205,0.06829268292682927,0.08780487804878048,0.15121951219512195,0.08292682926829269,0.13658536585365855,0.23902439024390243,0.1024390243902439,0.13170731707317074,69,0.057971014492753624,0.07246376811594203,0.3188405797101449,0.2028985507246377,0.2753623188405797,0.014492753623188406,0.11594202898550725
U0329,0,0.69863465613474,41,13237340,0,0,1,0,0,0,0,0,0,1,0,1,0,720,0.6055555555555555,0.24583333333333332,0.05555555555555555,216,0.06018518518518518,0.26851851851851855,0.14351851851851852,0.4305555555555556,0.11574074074074074,0.041666666666666664,17,16,13,277,396.0,0.0,19.785714285714285,18,9929763,551653.5,0.3888888888888889,0.0,0.2777777777777778,0.05555555555555555,0.0,0.16666666666666666,0.1111111111111111,0.05555555555555555,0.3333333333333333,113,0.08849557522123894,0.08849557522123894,0.1415929203539823,0.035398230088495575,0.1415929203539823,0.19469026548672566,0.061946902654867256,0.24778761061946902,122,0.09016393442622951,0.040983606557377046,0.4016393442622951,0.1721311475409836,0.2786885245901639,0.00819672131147541,0.09836065573770492
U0330,1,0.7082264586774716,28,21045222,0,1,0,0,0,0,0,0,0,0,1,0,1,3420,0.5915204678362573,0.22485380116959064,0.04035087719298246,250,0.064,0.276,0.108,0.484,0.08,0.052,22,21,24,453,504.0,0.0,18.12,22,12436462,565293.7272727273,0.5,0.18181818181818182,0.18181818181818182,0.045454545454545456,0.13636363636363635,0.2727272727272727,0.18181818181818182,0.09090909090909091,0.09090909090909091,162,0.06790123456790123,0.10493827160493827,0.16049382716049382,0.043209876543209874,0.13580246913580246,0.2222222222222222,0.06172839506172839,0.2037037037037037,49,0.12244897959183673,0.061224489795918366,0.32653061224489793,0.22448979591836735,0.2857142857142857,0.0,0.10204081632653061
U0331,0,0.6813069060703003,41,21571815,0,1,0,0,0,1,0,0,0,0,0,1,0,2520,0.5976190476190476,0.175,0.023015873015873017,329,0.0425531914893617,0.26443768996960487,0.08814589665653495,0.48024316109422494,0.10030395136778116,0.0668693009118541,17,15,19,425,522.0,1.0,21.25,19,18942198,996957.7894736842,0.42105263157894735,0.05263157894736842,0.21052631578947367,0.15789473684210525,0.15789473684210525,0.15789473684210525,0.21052631578947367,0.10526315789473684,0.0,185,0.0918918918918919,0.07027027027027027,0.11351351351351352,0.04864864864864865,0.17297297297297298,0.2648648648648649,0.043243243243243246,0.1945945945945946,54,0.018518518518518517,0.07407407407407407,0.25925925925925924,0.14814814814814814,0.3333333333333333,0.018518518518518517,0.16666666666666666
U0332,1,0.8405431494403316,21,8025129,0,0,1,0,0,0,0,0,0,0,1,1,0,2340,0.602991452991453,0.2777777777777778,0.06452991452991454,213,0.07042253521126761,0.27699530516431925,0.13615023474178403,0.4272300469483568,0.107981220657277,0.051643192488262914,15,14,17,299,508.0,1.0,16.61111111111111,10,4109828,410982.8,0.6,0.2,0.2,0.0,0.3,0.1,0.2,0.2,0.0,377,0.08753315649867374,0.07692307692307693,0.14323607427055704,0.09018567639257294,0.129973474801061,0.23872679045092837,0.09283819628647215,0.14058355437665782,78,0.11538461538461539,0.038461538461538464,0.3974358974358974,0.16666666666666666,0.24358974358974358,0.02564102564102564,0.1282051282051282
U0333,1,0.9185660907862208,31,11103014,1,0,0,0,0,0,1,0,0,0,0,0,1,2070,0.5966183574879227,0.2821256038647343,0.07101449275362319,225,0.07555555555555556,0.3333333333333333,0.14222222222222222,0.3688888888888889,0.09333333333333334,0.06222222222222222,21,19,12,417,434.0,2.0,32.07692307692308,14,10825724,773266.0,0.5714285714285714,0.14285714285714285,0.2857142857142857,0.21428571428571427,0.14285714285714285,0.07142857142857142,0.14285714285714285,0.0,0.14285714285714285,406,0.0665024630541872,0.08374384236453201,0.16995073891625614,0.08374384236453201,0.11576354679802955,0.23645320197044334,0.09852216748768473,0.14532019704433496,76,0.09210526315789473,0.039473684210526314,0.34210526315789475,0.17105263157894737,0.3026315789473684,0.013157894736842105,0.13157894736842105
U0334,1,0.8338504706500497,21,13481481,0,0,1,0,0,1,0,0,0,0,0,0,1,3420,0.6175438596491228,0.2818713450292398,0.07046783625730994,181,0.08287292817679558,0.30939226519337015,0.08839779005524862,0.4530386740331492,0.09392265193370165,0.055248618784530384,16,14,13,283,509.0,1.0,20.214285714285715,12,6789596,565799.6666666666,0.5,0.16666666666666666,0.08333333333333333,0.0,0.16666666666666666,0.08333333333333333,0.16666666666666666,0.16666666666666666,0.3333333333333333,290,0.10344827586206896,0.07241379310344828,0.15862068965517243,0.05517241379310345,0.12758620689655173,0.24482758620689654,0.07586206896551724,0.16206896551724137,53,0.09433962264150944,0.018867924528301886,0.37735849056603776,0.1320754716981132,0.3584905660377358,0.0,0.11320754716981132
U0335,1,0.9134019113773668,41,5525625,0,0,0,0,1,0,1,0,0,0,0,0,1,3060,0.6052287581699346,0.3150326797385621,0.09084967320261438,334,0.0718562874251497,0.27245508982035926,0.10479041916167664,0.49700598802395207,0.08982035928143713,0.03592814371257485,17,16,17,393,508.0,2.0,21.833333333333332,22,17223529,782887.6818181818,0.5,0.2727272727272727,0.18181818181818182,0.2727272727272727,0.18181818181818182,0.09090909090909091,0.13636363636363635,0.0,0.13636363636363635,273,0.08791208791208792,0.05128205128205128,0.15384615384615385,0.08058608058608059,0.1391941391941392,0.25274725274725274,0.08424908424908426,0.15018315018315018,94,0.14893617021276595,0.07446808510638298,0.3191489361702128,0.19148936170212766,0.24468085106382978,0.0425531914893617,0.1276595744680851
U0336,1,0.8274449794801115,39,16881932,0,0,1,0,0,0,0,1,0,0,0,0,1,2340,0.5846153846153846,0.2722222222222222,0.07008547008547009,218,0.06422018348623854,0.3211009174311927,0.0963302752293578,0.39908256880733944,0.12385321100917432,0.05963302752293578,22,21,13,460,407.0,1.0,32.857142857142854,25,12116042,484641.68,0.64,0.16,0.12,0.08,0.16,0.24,0.12,0.08,0.2,255,0.06274509803921569,0.08235294117647059,0.17254901960784313,0.08627450980392157,0.10980392156862745,0.23529411764705882,0.09411764705882353,0.1568627450980392,39,0.1794871794871795,0.10256410256410256,0.20512820512820512,0.3333333333333333,0.28205128205128205,0.0,0.07692307692307693
U0337,0,0.8757315456672918,56,11325603,0,1,0,0,0,0,0,0,0,1,0,1,0,3510,0.5945868945868946,0.2358974358974359,0.04985754985754986,233,0.060085836909871244,0.2575107296137339,0.11158798283261803,0.4721030042918455,0.11587982832618025,0.04291845493562232,21,17,15,456,340.0,2.0,28.5,16,11384062,711503.875,0.5625,0.125,0.125,0.375,0.1875,0.125,0.0,0.0,0.1875,98,0.05102040816326531,0.10204081632653061,0.16326530612244897,0.05102040816326531,0.12244897959183673,0.23469387755102042,0.11224489795918367,0.16326530612244897,97,0.05154639175257732,0.05154639175257732,0.3402061855670103,0.1958762886597938,0.28865979381443296,0.020618556701030927,0.10309278350515463
U0338,1,0.8717598448687555,33,11121305,0,0,1,0,0,1,0,0,0,0,0,0,1,1980,0.6085858585858586,0.2909090909090909,0.07272727272727272,285,0.08771929824561403,0.28421052631578947,0.13333333333333333,0.44912280701754387,0.09824561403508772,0.03508771929824561,19,17,19,435,330.0,6.0,21.75,14,9919540,708538.5714285715,0.5,0.2857142857142857,0.0,0.14285714285714285,0.07142857142857142,0.21428571428571427,0.14285714285714285,0.14285714285714285,0.2857142857142857,319,0.08463949843260188,0.0877742946708464,0.15047021943573669,0.0877742946708464,0.13793103448275862,0.19435736677115986,0.08463949843260188,0.1724137931034483,91,0.12087912087912088,0.054945054945054944,0.3626373626373626,0.15384615384615385,0.2857142857142857,0.03296703296703297,0.10989010989010989
U0339,1,0.8084543131065992,24,17047558,0,1,0,0,0,0,1,0,0,0,0,1,0,3420,0.5964912280701754,0.2736842105263158,0.06549707602339182,196,0.05102040816326531,0.24489795918367346,0.11224489795918367,0.5102040816326531,0.09183673469387756,0.04081632653061224,14,14,15,343,507.0,1.0,21.4375,14,6870273,490733.78571428574,0.6428571428571429,0.07142857142857142,0.35714285714285715,0.07142857142857142,0.21428571428571427,0.07142857142857142,0.2857142857142857,0.0,0.0,212,0.08490566037735849,0.05660377358490566,0.16981132075471697,0.04245283018867924,0.1320754716981132,0.2688679245283019,0.08018867924528301,0.1650943396226415,120,0.10833333333333334,0.08333333333333333,0.3416666666666667,0.21666666666666667,0.20833333333333334,0.041666666666666664,0.10833333333333334
U0340,0,0.7782898601830608,51,17666426,0,1,0,0,0,0,0,1,0,0,0,0,1,2250,0.5982222222222222,0.23644444444444446,0.043555555555555556,169,0.0650887573964497,0.25443786982248523,0.13609467455621302,0.46153846153846156,0.09467455621301775,0.05325443786982249,19,19,19,451,261.0,2.0,22.55,13,8246556,634350.4615384615,0.5384615384615384,0.23076923076923078,0.15384615384615385,0.23076923076923078,0.07692307692307693,0.15384615384615385,0.07692307692307693,0.23076923076923078,0.07692307692307693,293,0.07849829351535836,0.06143344709897611,0.18430034129692832,0.05802047781569966,0.13651877133105803,0.20477815699658702,0.07508532423208192,0.20136518771331058,134,0.09701492537313433,0.07462686567164178,0.291044776119403,0.26865671641791045,0.2462686567164179,0.0,0.11940298507462686
U0341,1,0.8895272138756932,52,10369318,0,0,1,0,0,0,0,1,0,0,0,0,1,2610,0.5942528735632184,0.3153256704980843,0.08237547892720307,314,0.07006369426751592,0.25796178343949044,0.1337579617834395,0.46178343949044587,0.06687898089171974,0.07961783439490445,11,11,16,224,486.0,1.0,13.176470588235293,15,10969181,731278.7333333333,0.8666666666666667,0.13333333333333333,0.2,0.26666666666666666,0.0,0.0,0.3333333333333333,0.06666666666666667,0.13333333333333333,463,0.07991360691144708,0.09719222462203024,0.13606911447084233,0.08855291576673865,0.12526997840172785,0.20734341252699784,0.08207343412526998,0.183585313174946,94,0.10638297872340426,0.07446808510638298,0.32978723404255317,0.22340425531914893,0.24468085106382978,0.010638297872340425,0.11702127659574468
U0342,0,0.8444586540510642,24,15489064,0,1,0,0,0,0,0,1,0,0,0,1,0,2700,0.5996296296296296,0.22925925925925925,0.044444444444444446,258,0.06976744186046512,0.26356589147286824,0.15503875968992248,0.4263565891472868,0.10077519379844961,0.05426356589147287,18,15,13,414,538.0,1.0,29.571428571428573,20,13602091,680104.55,0.6,0.15,0.1,0.15,0.05,0.2,0.1,0.3,0.1,174,0.06321839080459771,0.09195402298850575,0.1724137931034483,0.05172413793103448,0.12643678160919541,0.25287356321839083,0.08045977011494253,0.16091954022988506,78,0.19230769230769232,0.0641025641025641,0.3076923076923077,0.3076923076923077,0.23076923076923078,0.01282051282051282,0.07692307692307693
U0343,1,0.8670909969826535,36,14044444,0,0,1,0,0,0,0,0,0,0,1,1,0,2880,0.5770833333333333,0.2642361111111111,0.06180555555555556,224,0.07589285714285714,0.3125,0.13839285714285715,0.44642857142857145,0.07589285714285714,0.026785714285714284,18,17,17,349,596.0,0.0,19.38888888888889,8,5358688,669836.0,0.75,0.125,0.25,0.125,0.125,0.125,0.125,0.25,0.0,253,0.07509881422924901,0.06324110671936758,0.16600790513833993,0.09486166007905138,0.11462450592885376,0.22529644268774704,0.1067193675889328,0.1541501976284585,84,0.13095238095238096,0.011904761904761904,0.32142857142857145,0.23809523809523808,0.2619047619047619,0.023809523809523808,0.14285714285714285
U0344,0,0.7040694929119051,28,23223562,0,0,0,1,0,0,0,0,0,0,1,0,1,2250,0.6084444444444445,0.18088888888888888,0.025333333333333333,214,0.056074766355140186,0.27102803738317754,0.14485981308411214,0.43457943925233644,0.09345794392523364,0.056074766355140186,22,19,9,535,290.0,2.0,53.5,15,8880031,592002.0666666667,0.5333333333333333,0.06666666666666667,0.2,0.13333333333333333,0.2,0.06666666666666667,0.2,0.06666666666666667,0.13333333333333333,397,0.08816120906801007,0.10579345088161209,0.1712846347607053,0.042821158690176324,0.1561712846347607,0.21158690176322417,0.07052896725440806,0.15365239294710328,75,0.05333333333333334,0.04,0.30666666666666664,0.13333333333333333,0.3466666666666667,0.04,0.13333333333333333
U0345,1,0.8494742655170262,27,10070786,1,0,0,0,0,0,0,0,1,0,0,1,0,2250,0.6088888888888889,0.25555555555555554,0.05511111111111111,234,0.06837606837606838,0.27350427350427353,0.07264957264957266,0.4829059829059829,0.12393162393162394,0.04700854700854701,15,15,7,369,495.0,1.0,46.125,17,9775386,575022.7058823529,0.5882352941176471,0.17647058823529413,0.35294117647058826,0.11764705882352941,0.11764705882352941,0.058823529411764705,0.17647058823529413,0.11764705882352941,0.058823529411764705,227,0.039647577092511016,0.10572687224669604,0.17180616740088106,0.11013215859030837,0.14977973568281938,0.20704845814977973,0.11894273127753303,0.09691629955947137,60,0.1,0.06666666666666667,0.31666666666666665,0.16666666666666666,0.3,0.016666666666666666,0.13333333333333333
U0346,1,0.8902668230651505,45,4000000,0,0,0,0,1,0,0,0,0,0,1,1,0,1800,0.5877777777777777,0.3333333333333333,0.09666666666666666,224,0.11160714285714286,0.26785714285714285,0.14732142857142858,0.41517857142857145,0.09375,0.07589285714285714,15,14,13,243,396.0,0.0,17.357142857142858,11,4256279,386934.45454545453,0.36363636363636365,0.18181818181818182,0.0,0.0,0.18181818181818182,0.18181818181818182,0.18181818181818182,0.36363636363636365,0.09090909090909091,92,0.043478260869565216,0.07608695652173914,0.14130434782608695,0.07608695652173914,0.07608695652173914,0.22826086956521738,0.20652173913043478,0.15217391304347827,124,0.12903225806451613,0.06451612903225806,0.3790322580645161,0.23387096774193547,0.21774193548387097,0.04838709677419355,0.056451612903225805
U0347,1,0.7978174383434464,27,22042809,0,1,0,0,0,0,1,0,0,0,0,0,1,3600,0.6088888888888889,0.18555555555555556,0.03138888888888889,274,0.043795620437956206,0.2956204379562044,0.12408759124087591,0.44525547445255476,0.0948905109489051,0.040145985401459854,20,17,21,586,377.0,0.0,26.636363636363637,16,12572150,785759.375,0.5,0.25,0.125,0.1875,0.1875,0.0625,0.0625,0.1875,0.1875,261,0.06130268199233716,0.0842911877394636,0.1724137931034483,0.06513409961685823,0.16091954022988506,0.20689655172413793,0.06130268199233716,0.18773946360153257,116,0.05172413793103448,0.0603448275862069,0.39655172413793105,0.25862068965517243,0.1896551724137931,0.034482758620689655,0.0603448275862069
U0348,1,0.8781246548406983,32,4841909,0,0,0,0,1,0,0,0,0,0,1,0,1,2430,0.5893004115226338,0.2773662551440329,0.06831275720164609,303,0.07590759075907591,0.29042904290429045,0.10231023102310231,0.47854785478547857,0.07590759075907591,0.052805280528052806,17,15,12,444,393.0,2.0,34.15384615384615,10,5047682,504768.2,0.6,0.1,0.3,0.2,0.0,0.3,0.2,0.0,0.0,310,0.06451612903225806,0.07419354838709677,0.13870967741935483,0.1032258064516129,0.13225806451612904,0.2161290322580645,0.09032258064516129,0.18064516129032257,139,0.1079136690647482,0.06474820143884892,0.3597122302158273,0.2014388489208633,0.2517985611510791,0.014388489208633094,0.1079136690647482
U0349,1,0.8820998288900719,42,10235731,0,0,1,0,0,0,0,1,0,0,0,1,0,2790,0.617921146953405,0.2537634408602151,0.046236559139784944,276,0.06521739130434782,0.2971014492753623,0.13405797101449277,0.4601449275362319,0.06159420289855073,0.04710144927536232,18,16,13,373,473.0,0.0,26.642857142857142,12,8700651,725054.25,0.5833333333333334,0.16666666666666666,0.08333333333333333,0.25,0.08333333333333333,0.0,0.08333333333333333,0.25,0.25,40,0.0,0.1,0.1,0.125,0.15,0.275,0.1,0.15,69,0.07246376811594203,0.10144927536231885,0.4057971014492754,0.13043478260869565,0.2463768115942029,0.014492753623188406,0.10144927536231885
U0350,0,0.7751756598259556,35,17454647,0,1,0,0,0,0,0,0,0,1,0,1,0,2340,0.5982905982905983,0.1782051282051282,0.03290598290598291,168,0.047619047619047616,0.26785714285714285,0.10119047619047619,0.4523809523809524,0.125,0.05357142857142857,20,19,12,515,360.0,1.0,39.61538461538461,22,22822037,1037365.3181818182,0.6363636363636364,0.045454545454545456,0.045454545454545456,0.13636363636363635,0.22727272727272727,0.18181818181818182,0.13636363636363635,0.18181818181818182,0.09090909090909091,386,0.09067357512953368,0.11139896373056994,0.16580310880829016,0.06735751295336788,0.16580310880829016,0.17098445595854922,0.07253886010362694,0.15544041450777202,131,0.0916030534351145,0.0916030534351145,0.3816793893129771,0.19083969465648856,0.24427480916030533,0.0,0.0916030534351145
U0351,0,0.7762342222326976,41,13990062,0,0,0,1,0,0,0,1,0,0,0,0,1,3330,0.6018018018018018,0.25885885885885884,0.06606606606606606,174,0.07471264367816093,0.25862068965517243,0.13793103448275862,0.4540229885057471,0.09770114942528736,0.05172413793103448,18,16,16,409,424.0,2.0,24.058823529411764,14,6573495,469535.35714285716,0.42857142857142855,0.14285714285714285,0.14285714285714285,0.14285714285714285,0.35714285714285715,0.0,0.14285714285714285,0.07142857142857142,0.14285714285714285,277,0.07942238267148015,0.06859205776173286,0.1624548736462094,0.06498194945848375,0.18411552346570398,0.24548736462093862,0.06498194945848375,0.1299638989169675,67,0.04477611940298507,0.05970149253731343,0.43283582089552236,0.1791044776119403,0.2537313432835821,0.014925373134328358,0.05970149253731343
U0352,1,0.7987771269031351,53,9636024,0,0,1,0,0,0,1,0,0,0,0,1,0,2610,0.5839080459770115,0.2590038314176245,0.05555555555555555,212,0.07075471698113207,0.2641509433962264,0.12735849056603774,0.49528301886792453,0.08018867924528301,0.0330188679245283,19,18,14,401,415.0,3.0,26.733333333333334,3,1681279,560426.3333333334,0.3333333333333333,0.0,0.3333333333333333,0.0,0.3333333333333333,0.0,0.0,0.3333333333333333,0.0,350,0.06857142857142857,0.09142857142857143,0.13428571428571429,0.08,0.13714285714285715,0.24285714285714285,0.09142857142857143,0.15428571428571428,112,0.05357142857142857,0.03571428571428571,0.4017857142857143,0.21428571428571427,0.25892857142857145,0.008928571428571428,0.08035714285714286
U0353,1,0.7914011549499146,37,17113246,0,1,0,0,0,0,1,0,0,0,0,1,0,2700,0.5874074074074074,0.22074074074074074,0.04037037037037037,247,0.06882591093117409,0.3117408906882591,0.12550607287449392,0.4251012145748988,0.08097165991902834,0.05668016194331984,24,20,23,504,557.0,3.0,21.0,17,9110580,535916.4705882353,0.47058823529411764,0.11764705882352941,0.17647058823529413,0.0,0.11764705882352941,0.17647058823529413,0.23529411764705882,0.17647058823529413,0.11764705882352941,223,0.07623318385650224,0.10762331838565023,0.19282511210762332,0.06278026905829596,0.13901345291479822,0.2062780269058296,0.053811659192825115,0.16143497757847533,100,0.09,0.05,0.43,0.14,0.23,0.03,0.12
U0354,1,0.7432607170874924,31,18781927,0,1,0,0,0,0,0,0,1,0,0,1,0,1800,0.5905555555555555,0.20833333333333334,0.029444444444444443,246,0.06910569105691057,0.2886178861788618,0.13821138211382114,0.45528455284552843,0.06910569105691057,0.04878048780487805,17,15,15,329,248.0,0.0,20.5625,12,8155006,679583.8333333334,0.6666666666666666,0.25,0.0,0.0,0.25,0.16666666666666666,0.08333333333333333,0.25,0.25,247,0.06882591093117409,0.10121457489878542,0.1700404858299595,0.04048582995951417,0.1700404858299595,0.2145748987854251,0.08097165991902834,0.15384615384615385,19,0.21052631578947367,0.05263157894736842,0.42105263157894735,0.21052631578947367,0.10526315789473684,0.05263157894736842,0.15789473684210525
U0355,1,0.8714703984392161,29,4335877,0,0,0,0,1,0,0,0,0,0,1,0,1,2880,0.5878472222222222,0.31354166666666666,0.08263888888888889,330,0.08484848484848485,0.296969696969697,0.10303030303030303,0.4484848484848485,0.10303030303030303,0.048484848484848485,17,15,14,376,365.0,1.0,25.066666666666666,9,3324662,369406.8888888889,0.1111111111111111,0.0,0.1111111111111111,0.0,0.4444444444444444,0.1111111111111111,0.2222222222222222,0.0,0.1111111111111111,210,0.05714285714285714,0.09047619047619047,0.18095238095238095,0.10476190476190476,0.11904761904761904,0.22380952380952382,0.05238095238095238,0.17142857142857143,93,0.053763440860215055,0.10752688172043011,0.34408602150537637,0.1827956989247312,0.23655913978494625,0.021505376344086023,0.10752688172043011
U0356,1,0.8394558399429247,37,6836412,0,0,0,0,1,0,0,0,1,0,0,1,0,2430,0.6045267489711934,0.3333333333333333,0.1,197,0.07106598984771574,0.28426395939086296,0.09137055837563451,0.4873096446700508,0.09137055837563451,0.04568527918781726,14,14,16,264,51.0,0.0,15.529411764705882,4,1475025,368756.25,0.5,0.0,0.0,0.25,0.5,0.25,0.0,0.0,0.0,431,0.060324825986078884,0.07424593967517401,0.18793503480278423,0.0765661252900232,0.12529002320185614,0.21577726218097448,0.10440835266821345,0.1554524361948956,59,0.1694915254237288,0.0847457627118644,0.3050847457627119,0.23728813559322035,0.2542372881355932,0.03389830508474576,0.0847457627118644
U0357,1,0.899115409286711,25,5918411,0,0,0,0,1,0,0,1,0,0,0,1,0,2790,0.6103942652329749,0.2989247311827957,0.0913978494623656,264,0.07196969696969698,0.3068181818181818,0.11363636363636363,0.42424242424242425,0.10984848484848485,0.045454545454545456,16,15,14,392,455.0,1.0,26.133333333333333,19,15933471,838603.7368421053,0.47368421052631576,0.15789473684210525,0.15789473684210525,0.21052631578947367,0.10526315789473684,0.05263157894736842,0.21052631578947367,0.15789473684210525,0.10526315789473684,233,0.10300429184549356,0.055793991416309016,0.1459227467811159,0.07725321888412018,0.13304721030042918,0.2145922746781116,0.10300429184549356,0.16738197424892703,95,0.10526315789473684,0.11578947368421053,0.3684210526315789,0.18947368421052632,0.21052631578947367,0.010526315789473684,0.10526315789473684
U0358,1,0.7741156175310847,24,20781610,0,1,0,0,0,0,1,0,0,0,0,1,0,1710,0.6046783625730994,0.16432748538011696,0.02456140350877193,223,0.04932735426008968,0.22869955156950672,0.16143497757847533,0.4663677130044843,0.07623318385650224,0.06726457399103139,18,17,8,436,310.0,1.0,48.44444444444444,10,6656124,665612.4,0.4,0.2,0.1,0.2,0.3,0.1,0.0,0.3,0.0,249,0.07630522088353414,0.08835341365461848,0.18875502008032127,0.040160642570281124,0.1566265060240964,0.2248995983935743,0.03614457831325301,0.18875502008032127,78,0.0641025641025641,0.05128205128205128,0.2948717948717949,0.19230769230769232,0.34615384615384615,0.02564102564102564,0.08974358974358974
U0359,0,0.8229605126412284,25,14684290,0,1,0,0,0,0,0,0,0,1,0,1,0,3420,0.6073099415204678,0.22426900584795323,0.04093567251461988,310,0.05806451612903226,0.27741935483870966,0.08387096774193549,0.47096774193548385,0.0967741935483871,0.07096774193548387,19,18,14,452,312.0,2.0,30.133333333333333,14,10869056,776361.1428571428,0.5,0.21428571428571427,0.21428571428571427,0.14285714285714285,0.14285714285714285,0.21428571428571427,0.14285714285714285,0.14285714285714285,0.0,202,0.07920792079207921,0.07920792079207921,0.16831683168316833,0.04455445544554455,0.09405940594059406,0.26732673267326734,0.08415841584158416,0.18316831683168316,18,0.05555555555555555,0.1111111111111111,0.5555555555555556,0.1111111111111111,0.05555555555555555,0.05555555555555555,0.1111111111111111
U0360,1,0.8062218705760551,22,18701147,0,1,0,0,0,0,0,0,0,0,1,1,0,1440,0.6083333333333333,0.18541666666666667,0.029861111111111113,252,0.05952380952380952,0.26587301587301587,0.09126984126984126,0.5,0.0873015873015873,0.05555555555555555,14,14,7,327,344.0,0.0,40.875,13,17170615,1320816.5384615385,0.46153846153846156,0.15384615384615385,0.0,0.3076923076923077,0.07692307692307693,0.23076923076923078,0.07692307692307693,0.23076923076923078,0.07692307692307693,403,0.07444168734491315,0.09429280397022333,0.19106699751861042,0.04466501240694789,0.12655086848635236,0.2109181141439206,0.05459057071960298,0.20347394540942929,116,0.05172413793103448,0.07758620689655173,0.3706896551724138,0.15517241379310345,0.29310344827586204,0.008620689655172414,0.09482758620689655
U0361,0,0.8199925922950393,36,15131935,0,1,0,0,0,0,0,0,0,0,1,1,0,2250,0.5991111111111111,0.252,0.049777777777777775,281,0.08540925266903915,0.26334519572953735,0.13523131672597866,0.47330960854092524,0.08896797153024912,0.03914590747330961,18,17,11,395,176.0,3.0,32.916666666666664,13,9182818,706370.6153846154,0.3076923076923077,0.15384615384615385,0.15384615384615385,0.15384615384615385,0.07692307692307693,0.15384615384615385,0.3076923076923077,0.07692307692307693,0.07692307692307693,282,0.06382978723404255,0.0851063829787234,0.1347517730496454,0.08156028368794327,0.13829787234042554,0.24113475177304963,0.09219858156028368,0.16312056737588654,80,0.05,0.1125,0.3125,0.1875,0.225,0.0625,0.1
U0362,1,0.7062874848478891,59,20116065,0,1,0,0,0,0,0,1,0,0,0,1,0,3060,0.5980392156862745,0.2042483660130719,0.027777777777777776,223,0.04484304932735426,0.2600896860986547,0.13004484304932734,0.47085201793721976,0.07174887892376682,0.06726457399103139,21,19,17,508,403.0,0.0,28.22222222222222,15,13375242,891682.8,0.5333333333333333,0.2,0.0,0.13333333333333333,0.13333333333333333,0.2,0.13333333333333333,0.2,0.2,275,0.07636363636363637,0.07636363636363637,0.16363636363636364,0.03636363636363636,0.13454545454545455,0.2545454545454545,0.07272727272727272,0.18545454545454546,109,0.08256880733944955,0.09174311926605505,0.3394495412844037,0.1559633027522936,0.27522935779816515,0.009174311926605505,0.12844036697247707
U0363,1,0.8488623763270284,31,15699025,1,0,0,0,0,0,0,1,0,0,0,0,1,2250,0.6008888888888889,0.24133333333333334,0.043111111111111114,281,0.060498220640569395,0.28825622775800713,0.13167259786476868,0.43416370106761565,0.09252669039145907,0.05338078291814947,16,15,15,446,230.0,2.0,27.875,21,21138681,1006603.8571428572,0.2857142857142857,0.19047619047619047,0.047619047619047616,0.19047619047619047,0.09523809523809523,0.3333333333333333,0.19047619047619047,0.09523809523809523,0.047619047619047616,378,0.08465608465608465,0.10582010582010581,0.16666666666666666,0.06084656084656084,0.12698412698412698,0.24074074074074073,0.06613756613756613,0.14814814814814814,50,0.04,0.12,0.38,0.22,0.16,0.02,0.1
U0364,1,0.7559773523681136,41,22883285,0,1,0,0,0,0,1,0,0,0,0,0,1,3150,0.5853968253968254,0.18476190476190477,0.024761904761904763,178,0.0449438202247191,0.2808988764044944,0.09550561797752809,0.46629213483146065,0.10674157303370786,0.05056179775280899,24,22,22,672,512.0,1.0,29.217391304347824,10,5672334,567233.4,0.4,0.1,0.0,0.1,0.1,0.1,0.4,0.1,0.2,333,0.1021021021021021,0.08108108108108109,0.19519519519519518,0.04804804804804805,0.14714714714714713,0.21921921921921922,0.05405405405405406,0.15315315315315314,58,0.017241379310344827,0.06896551724137931,0.3103448275862069,0.27586206896551724,0.15517241379310345,0.05172413793103448,0.13793103448275862
U0365,0,0.7185057163526032,45,25873905,0,1,0,0,0,0,1,0,0,0,0,0,1,2520,0.6031746031746031,0.1353174603174603,0.013888888888888888,255,0.027450980392156862,0.24313725490196078,0.11372549019607843,0.48627450980392156,0.10196078431372549,0.054901960784313725,24,19,20,652,366.0,1.0,31.047619047619047,27,22146537,820242.1111111111,0.48148148148148145,0.1111111111111111,0.07407407407407407,0.2222222222222222,0.14814814814814814,0.18518518518518517,0.1111111111111111,0.1111111111111111,0.14814814814814814,303,0.07590759075907591,0.09900990099009901,0.19801980198019803,0.0231023102310231,0.132013201320132,0.264026402640264,0.036303630363036306,0.1716171617161716,42,0.023809523809523808,0.09523809523809523,0.30952380952380953,0.2619047619047619,0.23809523809523808,0.047619047619047616,0.047619047619047616
U0366,1,0.9082595154365014,27,4000000,0,0,1,0,0,0,0,0,0,0,1,1,0,3600,0.5930555555555556,0.2733333333333333,0.07416666666666667,338,0.07692307692307693,0.257396449704142,0.12721893491124261,0.44970414201183434,0.10650887573964497,0.05917159763313609,18,17,11,304,126.0,2.0,25.333333333333332,10,7406483,740648.3,0.8,0.1,0.1,0.2,0.2,0.1,0.1,0.3,0.0,461,0.0650759219088937,0.12364425162689804,0.18004338394793926,0.06073752711496746,0.11496746203904555,0.20824295010845986,0.09544468546637744,0.15184381778741865,89,0.0898876404494382,0.0449438202247191,0.3595505617977528,0.21348314606741572,0.25842696629213485,0.011235955056179775,0.11235955056179775
U0367,1,0.819926938450244,40,12412264,0,1,0,0,0,0,1,0,0,0,0,0,1,3780,0.5992063492063492,0.2626984126984127,0.061375661375661375,226,0.07079646017699115,0.2920353982300885,0.12831858407079647,0.41150442477876104,0.11061946902654868,0.05752212389380531,17,15,18,424,588.0,1.0,22.31578947368421,7,3948040,564005.7142857143,0.5714285714285714,0.14285714285714285,0.14285714285714285,0.14285714285714285,0.14285714285714285,0.2857142857142857,0.0,0.0,0.2857142857142857,245,0.0653061224489796,0.1306122448979592,0.10612244897959183,0.08979591836734693,0.14285714285714285,0.24489795918367346,0.07755102040816327,0.14285714285714285,37,0.13513513513513514,0.10810810810810811,0.40540540540540543,0.1891891891891892,0.21621621621621623,0.02702702702702703,0.05405405405405406
U0368,1,0.8704572013812817,50,8405636,0,0,1,0,0,0,0,0,0,1,0,0,1,2070,0.6072463768115942,0.33768115942028987,0.10434782608695652,201,0.0945273631840796,0.31343283582089554,0.10945273631840796,0.44776119402985076,0.0845771144278607,0.04477611940298507,14,14,13,314,279.0,3.0,22.428571428571427,21,13909156,662340.7619047619,0.6666666666666666,0.14285714285714285,0.09523809523809523,0.23809523809523808,0.09523809523809523,0.09523809523809523,0.047619047619047616,0.047619047619047616,0.38095238095238093,236,0.06779661016949153,0.07203389830508475,0.1271186440677966,0.0847457627118644,0.11864406779661017,0.2457627118644068,0.11440677966101695,0.1694915254237288,48,0.125,0.10416666666666667,0.4166666666666667,0.10416666666666667,0.22916666666666666,0.041666666666666664,0.10416666666666667
U0369,1,0.7476331586060911,30,18256669,0,1,0,0,0,0,0,0,0,0,1,0,1,2070,0.5980676328502416,0.2618357487922705,0.06328502415458938,252,0.07142857142857142,0.24603174603174602,0.0873015873015873,0.4801587301587302,0.11904761904761904,0.06746031746031746,21,20,17,504,234.0,0.0,28.0,14,11029411,787815.0714285715,0.5714285714285714,0.14285714285714285,0.14285714285714285,0.21428571428571427,0.07142857142857142,0.0,0.07142857142857142,0.21428571428571427,0.2857142857142857,408,0.07107843137254902,0.09803921568627451,0.17647058823529413,0.06862745098039216,0.13970588235294118,0.22058823529411764,0.09313725490196079,0.1323529411764706,70,0.12857142857142856,0.07142857142857142,0.42857142857142855,0.07142857142857142,0.2857142857142857,0.0,0.14285714285714285
U0370,1,0.7460469266592601,20,18916299,0,1,0,0,0,0,0,1,0,0,0,1,0,2970,0.6121212121212121,0.25016835016835015,0.04882154882154882,273,0.0695970695970696,0.2783882783882784,0.13186813186813187,0.42124542124542125,0.10989010989010989,0.05860805860805861,18,16,16,346,529.0,2.0,20.352941176470587,18,12679580,704421.1111111111,0.5,0.2777777777777778,0.0,0.1111111111111111,0.2222222222222222,0.1111111111111111,0.1111111111111111,0.2222222222222222,0.2222222222222222,129,0.08527131782945736,0.13178294573643412,0.17054263565891473,0.03875968992248062,0.11627906976744186,0.1937984496124031,0.06976744186046512,0.1937984496124031,63,0.09523809523809523,0.09523809523809523,0.31746031746031744,0.23809523809523808,0.20634920634920634,0.031746031746031744,0.1111111111111111
U0371,1,0.9077655205838628,28,14672180,0,1,0,0,0,0,0,1,0,0,0,0,1,2880,0.6204861111111111,0.27118055555555554,0.065625,284,0.08098591549295775,0.28169014084507044,0.10211267605633803,0.4859154929577465,0.1056338028169014,0.02464788732394366,18,15,17,378,351.0,1.0,21.0,27,24326046,900964.6666666666,0.5925925925925926,0.07407407407407407,0.18518518518518517,0.2222222222222222,0.07407407407407407,0.1111111111111111,0.18518518518518517,0.18518518518518517,0.037037037037037035,237,0.02531645569620253,0.08438818565400844,0.16877637130801687,0.08438818565400844,0.15611814345991562,0.21518987341772153,0.10970464135021098,0.15611814345991562,70,0.12857142857142856,0.08571428571428572,0.42857142857142855,0.12857142857142856,0.2571428571428571,0.0,0.1
U0372,1,0.7195286207971967,58,20438934,0,1,0,0,0,0,0,0,0,0,1,0,1,4050,0.5977777777777777,0.21777777777777776,0.03777777777777778,95,0.042105263157894736,0.3263157894736842,0.11578947368421053,0.3894736842105263,0.11578947368421053,0.05263157894736842,18,16,14,388,568.0,4.0,25.866666666666667,18,12692294,705127.4444444445,0.5,0.0,0.16666666666666666,0.16666666666666666,0.2222222222222222,0.1111111111111111,0.05555555555555555,0.1111111111111111,0.16666666666666666,154,0.025974025974025976,0.09740259740259741,0.2012987012987013,0.06493506493506493,0.14285714285714285,0.22727272727272727,0.09740259740259741,0.14285714285714285,95,0.11578947368421053,0.042105263157894736,0.3368421052631579,0.16842105263157894,0.30526315789473685,0.042105263157894736,0.10526315789473684
U0373,1,0.7949905858006667,35,21957768,0,1,0,0,0,1,0,0,0,0,0,0,1,2790,0.6028673835125448,0.2003584229390681,0.03620071684587814,241,0.058091286307053944,0.22821576763485477,0.13692946058091288,0.4149377593360996,0.11203319502074689,0.1078838174273859,18,17,17,482,308.0,1.0,26.77777777777778,15,15018590,1001239.3333333334,0.6,0.3333333333333333,0.06666666666666667,0.2,0.06666666666666667,0.06666666666666667,0.3333333333333333,0.13333333333333333,0.13333333333333333,427,0.06088992974238876,0.07962529274004684,0.19672131147540983,0.04918032786885246,0.14754098360655737,0.2459016393442623,0.07259953161592506,0.14754098360655737,89,0.056179775280898875,0.06741573033707865,0.3595505617977528,0.14606741573033707,0.2808988764044944,0.02247191011235955,0.12359550561797752
U0374,1,0.7691535451476137,22,16428791,0,1,0,0,0,0,0,1,0,0,0,1,0,3330,0.5996996996996997,0.206006006006006,0.032732732732732736,173,0.046242774566473986,0.2254335260115607,0.16184971098265896,0.4161849710982659,0.15028901734104047,0.046242774566473986,17,17,16,367,229.0,0.0,21.58823529411765,19,13063439,687549.4210526316,0.3684210526315789,0.10526315789473684,0.0,0.05263157894736842,0.2631578947368421,0.05263157894736842,0.15789473684210525,0.21052631578947367,0.2631578947368421,333,0.06306306306306306,0.0960960960960961,0.18018018018018017,0.05405405405405406,0.14114114114114115,0.23123123123123124,0.06306306306306306,0.17117117117117117,101,0.0594059405940594,0.06930693069306931,0.3465346534653465,0.18811881188118812,0.297029702970297,0.0297029702970297,0.06930693069306931
U0375,1,0.8618554806520269,58,13991961,0,0,0,1,0,0,0,0,0,0,1,0,1,2250,0.616,0.24844444444444444,0.051111111111111114,141,0.05673758865248227,0.2695035460992908,0.11347517730496454,0.48936170212765956,0.07801418439716312,0.04964539007092199,18,16,16,423,361.0,1.0,24.88235294117647,12,8597954,716496.1666666666,0.5,0.08333333333333333,0.3333333333333333,0.08333333333333333,0.08333333333333333,0.08333333333333333,0.16666666666666666,0.25,0.0,304,0.0625,0.0756578947368421,0.17763157894736842,0.05921052631578947,0.16447368421052633,0.20723684210526316,0.10197368421052631,0.1513157894736842,44,0.09090909090909091,0.045454545454545456,0.3181818181818182,0.20454545454545456,0.2727272727272727,0.06818181818181818,0.09090909090909091
U0376,0,0.8526183787638488,44,8156300,1,0,0,0,0,1,0,0,0,0,0,0,1,3060,0.5941176470588235,0.3215686274509804,0.08137254901960785,288,0.0763888888888889,0.2847222222222222,0.125,0.4652777777777778,0.0798611111111111,0.04513888888888889,14,13,8,384,296.0,0.0,42.666666666666664,10,5899229,589922.9,0.8,0.3,0.1,0.0,0.0,0.2,0.2,0.3,0.2,209,0.04784688995215311,0.10047846889952153,0.16267942583732056,0.09569377990430622,0.11004784688995216,0.24401913875598086,0.12440191387559808,0.11483253588516747,43,0.18604651162790697,0.06976744186046512,0.32558139534883723,0.16279069767441862,0.3023255813953488,0.0,0.13953488372093023
U0377,1,0.703952624470041,43,22475303,0,1,0,0,0,0,0,1,0,0,0,0,1,3240,0.6024691358024692,0.16635802469135802,0.018518518518518517,173,0.05202312138728324,0.24855491329479767,0.10982658959537572,0.4797687861271676,0.10404624277456648,0.057803468208092484,21,20,16,453,591.0,1.0,26.647058823529413,21,16384673,780222.5238095238,0.42857142857142855,0.09523809523809523,0.0,0.23809523809523808,0.14285714285714285,0.047619047619047616,0.19047619047619047,0.19047619047619047,0.19047619047619047,133,0.06766917293233082,0.12030075187969924,0.17293233082706766,0.06766917293233082,0.18796992481203006,0.19548872180451127,0.05263157894736842,0.13533834586466165,105,0.047619047619047616,0.08571428571428572,0.38095238095238093,0.18095238095238095,0.20952380952380953,0.0380952380952381,0.10476190476190476
U0378,1,0.6896039866180605,35,14755997,0,1,0,0,0,0,1,0,0,0,0,0,1,4140,0.5864734299516908,0.2144927536231884,0.035748792270531404,183,0.06557377049180328,0.273224043715847,0.13114754098360656,0.4371584699453552,0.10382513661202186,0.0546448087431694,21,18,15,547,346.0,1.0,34.1875,26,17110614,658100.5384615385,0.5,0.15384615384615385,0.07692307692307693,0.15384615384615385,0.11538461538461539,0.11538461538461539,0.19230769230769232,0.15384615384615385,0.19230769230769232,201,0.06965174129353234,0.08955223880597014,0.1890547263681592,0.0845771144278607,0.17412935323383086,0.208955223880597,0.06965174129353234,0.11442786069651742,56,0.07142857142857142,0.07142857142857142,0.42857142857142855,0.14285714285714285,0.25,0.0,0.10714285714285714
U0379,1,0.7950068326247969,55,16802448,0,0,0,1,0,0,0,0,1,0,0,0,1,3600,0.5933333333333334,0.28694444444444445,0.059444444444444446,159,0.08176100628930817,0.24528301886792453,0.11320754716981132,0.4528301886792453,0.1320754716981132,0.05660377358490566,19,14,19,447,369.0,1.0,22.35,21,15773567,751122.2380952381,0.6666666666666666,0.09523809523809523,0.047619047619047616,0.19047619047619047,0.19047619047619047,0.09523809523809523,0.14285714285714285,0.14285714285714285,0.19047619047619047,395,0.07088607594936709,0.11139240506329114,0.15949367088607594,0.06835443037974684,0.1468354430379747,0.22278481012658227,0.06582278481012659,0.15443037974683543,93,0.10752688172043011,0.03225806451612903,0.3763440860215054,0.16129032258064516,0.3225806451612903,0.0,0.10752688172043011
U0380,0,0.6803741285305099,30,17484403,0,1,0,0,0,0,1,0,0,0,0,1,0,2160,0.5893518518518519,0.19490740740740742,0.031018518518518518,237,0.046413502109704644,0.29957805907172996,0.11814345991561181,0.4177215189873418,0.10970464135021098,0.05485232067510549,18,17,17,511,462.0,1.0,28.38888888888889,17,10987345,646314.4117647059,0.5294117647058824,0.11764705882352941,0.058823529411764705,0.11764705882352941,0.11764705882352941,0.17647058823529413,0.23529411764705882,0.11764705882352941,0.17647058823529413,246,0.06910569105691057,0.08536585365853659,0.15447154471544716,0.036585365853658534,0.17073170731707318,0.21138211382113822,0.08130081300813008,0.1910569105691057,84,0.011904761904761904,0.047619047619047616,0.4880952380952381,0.13095238095238096,0.25,0.011904761904761904,0.07142857142857142
U0381,1,0.8975548199746386,20,9388819,0,0,1,0,0,0,0,0,0,0,1,0,1,3690,0.6005420054200542,0.32222222222222224,0.08780487804878048,261,0.0842911877394636,0.26436781609195403,0.13026819923371646,0.4521072796934866,0.09195402298850575,0.06130268199233716,15,15,14,262,541.0,3.0,17.466666666666665,3,1503866,501288.6666666667,0.6666666666666666,0.0,0.0,0.0,0.0,0.0,0.3333333333333333,0.6666666666666666,0.0,188,0.06914893617021277,0.0851063829787234,0.15425531914893617,0.09574468085106383,0.10106382978723404,0.2127659574468085,0.10106382978723404,0.18085106382978725,85,0.08235294117647059,0.10588235294117647,0.32941176470588235,0.2,0.27058823529411763,0.023529411764705882,0.07058823529411765
U0382,1,0.7751578698447718,52,27940760,0,1,0,0,0,0,0,0,0,1,0,1,0,1620,0.6129629629629629,0.1765432098765432,0.02654320987654321,223,0.04035874439461883,0.3094170403587444,0.13452914798206278,0.42152466367713004,0.07174887892376682,0.06278026905829596,21,19,18,521,433.0,0.0,27.42105263157895,19,16254804,855516.0,0.42105263157894735,0.15789473684210525,0.15789473684210525,0.10526315789473684,0.15789473684210525,0.21052631578947367,0.15789473684210525,0.05263157894736842,0.15789473684210525,265,0.07169811320754717,0.10566037735849057,0.1660377358490566,0.03773584905660377,0.1811320754716981,0.19622641509433963,0.06792452830188679,0.17358490566037735,62,0.06451612903225806,0.06451612903225806,0.27419354838709675,0.24193548387096775,0.27419354838709675,0.06451612903225806,0.08064516129032258
U0383,1,0.8229732850085159,33,8284762,0,0,1,0,0,0,0,0,0,1,0,0,1,4230,0.6156028368794326,0.29101654846335695,0.07423167848699763,178,0.06741573033707865,0.2640449438202247,0.12921348314606743,0.47752808988764045,0.06741573033707865,0.06179775280898876,12,12,6,234,403.0,1.0,33.42857142857143,10,5424020,542402.0,0.8,0.1,0.1,0.1,0.3,0.1,0.2,0.1,0.1,324,0.10493827160493827,0.10493827160493827,0.16666666666666666,0.06790123456790123,0.11419753086419752,0.21296296296296297,0.09259259259259259,0.13580246913580246,95,0.10526315789473684,0.08421052631578947,0.3894736842105263,0.14736842105263157,0.16842105263157894,0.021052631578947368,0.18947368421052632
U0384,1,0.8287780936598911,25,12876158,0,0,1,0,0,1,0,0,0,0,0,0,1,2070,0.5995169082125604,0.2579710144927536,0.06570048309178744,227,0.08370044052863436,0.31718061674008813,0.10572687224669604,0.44052863436123346,0.1013215859030837,0.03524229074889868,18,18,10,364,282.0,0.0,33.09090909090909,5,5151732,1030346.4,0.4,0.2,0.4,0.2,0.0,0.0,0.0,0.0,0.4,234,0.08547008547008547,0.07264957264957266,0.1452991452991453,0.05982905982905983,0.16666666666666666,0.2264957264957265,0.0641025641025641,0.1794871794871795,92,0.07608695652173914,0.09782608695652174,0.2826086956521739,0.25,0.25,0.010869565217391304,0.10869565217391304
U0385,1,0.7583300765802145,33,22050550,0,1,0,0,0,0,0,0,1,0,0,0,1,2070,0.6019323671497585,0.17439613526570047,0.021739130434782608,158,0.04430379746835443,0.3291139240506329,0.10126582278481013,0.43037974683544306,0.0759493670886076,0.06329113924050633,22,21,13,579,307.0,0.0,41.357142857142854,14,8114974,579641.0,0.5714285714285714,0.21428571428571427,0.07142857142857142,0.07142857142857142,0.07142857142857142,0.14285714285714285,0.21428571428571427,0.21428571428571427,0.21428571428571427,227,0.06607929515418502,0.07488986784140969,0.17180616740088106,0.05286343612334802,0.1894273127753304,0.2555066079295154,0.04405286343612335,0.14537444933920704,98,0.08163265306122448,0.10204081632653061,0.32653061224489793,0.20408163265306123,0.2755102040816326,0.01020408163265306,0.08163265306122448
U0386,1,0.7169312059396348,49,16330950,1,0,0,0,0,0,0,0,0,1,0,0,1,1800,0.6216666666666667,0.16,0.02388888888888889,170,0.047058823529411764,0.25882352941176473,0.11176470588235295,0.4647058823529412,0.13529411764705881,0.029411764705882353,21,19,22,576,337.0,0.0,25.043478260869566,15,14820251,988016.7333333333,0.4666666666666667,0.13333333333333333,0.0,0.2,0.06666666666666667,0.26666666666666666,0.13333333333333333,0.26666666666666666,0.06666666666666667,206,0.043689320388349516,0.0970873786407767,0.22330097087378642,0.05339805825242718,0.1650485436893204,0.19902912621359223,0.043689320388349516,0.17475728155339806,108,0.06481481481481481,0.05555555555555555,0.3611111111111111,0.2222222222222222,0.25925925925925924,0.009259259259259259,0.09259259259259259
U0387,1,0.783612685283178,40,21434474,0,1,0,0,0,0,0,0,0,0,1,0,1,2790,0.6014336917562724,0.18566308243727597,0.026164874551971327,202,0.0594059405940594,0.2376237623762376,0.13861386138613863,0.4207920792079208,0.12376237623762376,0.07920792079207921,19,17,15,501,580.0,2.0,31.3125,9,5233346,581482.8888888889,0.6666666666666666,0.0,0.3333333333333333,0.0,0.1111111111111111,0.1111111111111111,0.1111111111111111,0.2222222222222222,0.1111111111111111,281,0.060498220640569395,0.07473309608540925,0.17793594306049823,0.042704626334519574,0.15302491103202848,0.2313167259786477,0.05693950177935943,0.20284697508896798,98,0.05102040816326531,0.07142857142857142,0.30612244897959184,0.17346938775510204,0.2653061224489796,0.05102040816326531,0.1326530612244898
U0388,1,0.9224877963171096,55,6736323,0,0,0,0,1,0,0,0,0,0,1,1,0,3060,0.6088235294117647,0.315359477124183,0.09379084967320261,214,0.11214953271028037,0.2897196261682243,0.13551401869158877,0.4392523364485981,0.07476635514018691,0.06074766355140187,15,13,10,288,230.0,2.0,26.181818181818183,16,11338757,708672.3125,0.5625,0.125,0.1875,0.1875,0.125,0.0,0.125,0.1875,0.1875,121,0.0743801652892562,0.0743801652892562,0.14049586776859505,0.05785123966942149,0.1487603305785124,0.23140495867768596,0.10743801652892562,0.1652892561983471,37,0.08108108108108109,0.1891891891891892,0.32432432432432434,0.10810810810810811,0.35135135135135137,0.0,0.02702702702702703
U0389,1,0.6903722828786233,23,23715431,0,1,0,0,0,0,1,0,0,0,0,1,0,2880,0.6059027777777778,0.15486111111111112,0.017708333333333333,142,0.056338028169014086,0.2605633802816901,0.16901408450704225,0.4507042253521127,0.08450704225352113,0.035211267605633804,23,19,20,633,311.0,1.0,30.142857142857142,26,21940382,843860.8461538461,0.38461538461538464,0.19230769230769232,0.038461538461538464,0.19230769230769232,0.038461538461538464,0.23076923076923078,0.07692307692307693,0.19230769230769232,0.23076923076923078,255,0.09411764705882353,0.11372549019607843,0.1450980392156863,0.047058823529411764,0.1411764705882353,0.2235294117647059,0.050980392156862744,0.1843137254901961,64,0.046875,0.078125,0.34375,0.1875,0.296875,0.015625,0.078125
U0390,1,0.7970819369126975,56,9715280,0,0,1,0,0,0,0,0,1,0,0,0,1,2880,0.575,0.2826388888888889,0.07152777777777777,189,0.06878306878306878,0.3333333333333333,0.10052910052910052,0.42328042328042326,0.07936507936507936,0.06349206349206349,18,16,17,333,399.0,0.0,18.5,21,11246475,535546.4285714285,0.7142857142857143,0.047619047619047616,0.14285714285714285,0.047619047619047616,0.2857142857142857,0.23809523809523808,0.047619047619047616,0.14285714285714285,0.09523809523809523,234,0.07264957264957266,0.10256410256410256,0.15384615384615385,0.042735042735042736,0.13247863247863248,0.23076923076923078,0.08547008547008547,0.1794871794871795,92,0.17391304347826086,0.043478260869565216,0.32608695652173914,0.14130434782608695,0.33695652173913043,0.043478260869565216,0.10869565217391304
U0391,1,0.8803440675724027,37,7497603,1,0,0,0,0,0,0,0,0,0,1,1,0,2250,0.6235555555555555,0.2942222222222222,0.07111111111111111,276,0.06521739130434782,0.2427536231884058,0.11231884057971014,0.4963768115942029,0.10507246376811594,0.043478260869565216,15,12,12,321,394.0,2.0,24.692307692307693,17,13756911,809230.0588235294,0.7058823529411765,0.23529411764705882,0.11764705882352941,0.4117647058823529,0.17647058823529413,0.058823529411764705,0.0,0.0,0.23529411764705882,304,0.10526315789473684,0.09868421052631579,0.19736842105263158,0.0756578947368421,0.10855263157894737,0.19407894736842105,0.10197368421052631,0.11842105263157894,79,0.11392405063291139,0.02531645569620253,0.35443037974683544,0.3037974683544304,0.25316455696202533,0.012658227848101266,0.05063291139240506
U0392,1,0.7229031426003133,43,12643353,0,1,0,0,0,0,0,1,0,0,0,0,1,4500,0.5953333333333334,0.21933333333333332,0.035777777777777776,276,0.057971014492753624,0.2971014492753623,0.11594202898550725,0.4166666666666667,0.08695652173913043,0.08333333333333333,20,19,12,482,314.0,3.0,37.07692307692308,14,6142060,438718.5714285714,0.42857142857142855,0.2857142857142857,0.5,0.0,0.14285714285714285,0.0,0.07142857142857142,0.0,0.2857142857142857,408,0.07107843137254902,0.09803921568627451,0.15196078431372548,0.061274509803921566,0.14460784313725492,0.23284313725490197,0.07352941176470588,0.16666666666666666,101,0.04950495049504951,0.0891089108910891,0.26732673267326734,0.26732673267326734,0.26732673267326734,0.019801980198019802,0.0891089108910891
U0393,1,0.6661622219347952,48,16175577,0,1,0,0,0,0,0,0,1,0,0,0,1,3060,0.5970588235294118,0.2473856209150327,0.05,178,0.06741573033707865,0.33146067415730335,0.1404494382022472,0.3707865168539326,0.12359550561797752,0.033707865168539325,16,14,16,360,491.0,3.0,21.176470588235293,11,4701612,427419.2727272727,0.36363636363636365,0.2727272727272727,0.36363636363636365,0.0,0.2727272727272727,0.18181818181818182,0.18181818181818182,0.0,0.0,367,0.0653950953678474,0.10626702997275204,0.14986376021798364,0.05449591280653951,0.1307901907356948,0.23160762942779292,0.10354223433242507,0.15803814713896458,56,0.08928571428571429,0.08928571428571429,0.4107142857142857,0.26785714285714285,0.10714285714285714,0.03571428571428571,0.08928571428571429
U0394,1,0.761615838755886,54,17630635,0,1,0,0,0,1,0,0,0,0,0,1,0,2430,0.591358024691358,0.1325102880658436,0.011522633744855968,152,0.05263157894736842,0.2894736842105263,0.09210526315789473,0.45394736842105265,0.09868421052631579,0.06578947368421052,20,18,18,657,390.0,0.0,34.578947368421055,14,9096549,649753.5,0.42857142857142855,0.07142857142857142,0.07142857142857142,0.14285714285714285,0.07142857142857142,0.14285714285714285,0.14285714285714285,0.07142857142857142,0.35714285714285715,327,0.06422018348623854,0.08868501529051988,0.1712538226299694,0.04281345565749235,0.1559633027522936,0.25382262996941896,0.045871559633027525,0.17737003058103976,74,0.06756756756756757,0.0945945945945946,0.3108108108108108,0.2702702702702703,0.1891891891891892,0.013513513513513514,0.12162162162162163
U0395,1,0.8765259606109849,55,10436442,1,0,0,0,0,0,0,1,0,0,0,1,0,3060,0.5872549019607843,0.2107843137254902,0.03300653594771242,269,0.06319702602230483,0.2788104089219331,0.10780669144981413,0.4646840148698885,0.08550185873605948,0.06319702602230483,21,20,15,509,373.0,2.0,31.8125,18,13791958,766219.8888888889,0.4444444444444444,0.16666666666666666,0.05555555555555555,0.16666666666666666,0.1111111111111111,0.2777777777777778,0.05555555555555555,0.2222222222222222,0.1111111111111111,241,0.04979253112033195,0.1037344398340249,0.16182572614107885,0.06639004149377593,0.16182572614107885,0.22406639004149378,0.07468879668049792,0.15767634854771784,107,0.028037383177570093,0.056074766355140186,0.3364485981308411,0.21495327102803738,0.2336448598130841,0.037383177570093455,0.12149532710280374
U0396,1,0.7088297678832992,21,23783459,0,1,0,0,0,0,0,1,0,0,0,1,0,2790,0.5939068100358423,0.13727598566308244,0.014695340501792114,202,0.039603960396039604,0.27722772277227725,0.13366336633663367,0.4504950495049505,0.09900990099009901,0.039603960396039604,22,20,24,543,475.0,1.0,21.72,15,9526688,635112.5333333333,0.5333333333333333,0.0,0.2,0.13333333333333333,0.13333333333333333,0.13333333333333333,0.13333333333333333,0.06666666666666667,0.2,323,0.07430340557275542,0.11145510835913312,0.19504643962848298,0.021671826625386997,0.08668730650154799,0.28792569659442724,0.04643962848297214,0.17647058823529413,80,0.0875,0.0625,0.3875,0.2375,0.2,0.025,0.0875
U0397,1,0.6806759198105418,37,15282781,0,1,0,0,0,0,0,0,1,0,0,1,0,2340,0.5927350427350427,0.20170940170940171,0.03632478632478633,284,0.056338028169014086,0.2640845070422535,0.1267605633802817,0.4507042253521127,0.12323943661971831,0.035211267605633804,18,18,12,446,410.0,2.0,34.30769230769231,18,23809588,1322754.888888889,0.6666666666666666,0.05555555555555555,0.0,0.2777777777777778,0.16666666666666666,0.1111111111111111,0.0,0.3333333333333333,0.1111111111111111,270,0.1,0.06666666666666667,0.14444444444444443,0.06666666666666667,0.13703703703703704,0.2740740740740741,0.06296296296296296,0.14814814814814814,76,0.07894736842105263,0.05263157894736842,0.40789473684210525,0.19736842105263158,0.2236842105263158,0.013157894736842105,0.10526315789473684
U0398,1,0.5872567083482612,52,23765205,0,0,0,1,0,0,0,0,0,0,1,1,0,2070,0.5908212560386473,0.11690821256038647,0.010628019323671498,274,0.04744525547445255,0.25547445255474455,0.10948905109489052,0.44525547445255476,0.145985401459854,0.043795620437956206,18,16,11,503,435.0,0.0,41.916666666666664,14,11825733,844695.2142857143,0.5714285714285714,0.14285714285714285,0.0,0.14285714285714285,0.14285714285714285,0.35714285714285715,0.14285714285714285,0.14285714285714285,0.07142857142857142,267,0.0449438202247191,0.11610486891385768,0.21348314606741572,0.033707865168539325,0.13108614232209737,0.250936329588015,0.06367041198501873,0.14606741573033707,110,0.09090909090909091,0.08181818181818182,0.2545454545454545,0.22727272727272727,0.34545454545454546,0.0,0.09090909090909091
U0399,1,0.8788356933521158,51,8640368,0,0,0,0,1,0,0,1,0,0,0,0,1,3510,0.6017094017094017,0.26866096866096867,0.05925925925925926,228,0.08333333333333333,0.30701754385964913,0.13157894736842105,0.39035087719298245,0.10087719298245613,0.07017543859649122,15,14,11,344,297.0,2.0,28.666666666666668,10,2700904,270090.4,0.5,0.3,0.3,0.2,0.2,0.1,0.1,0.1,0.0,295,0.07457627118644068,0.09830508474576272,0.15593220338983052,0.09491525423728814,0.11186440677966102,0.26101694915254237,0.07796610169491526,0.12542372881355932,64,0.09375,0.125,0.265625,0.125,0.296875,0.03125,0.15625
U0400,1,0.7717872786360768,36,20886116,0,1,0,0,0,0,0,0,1,0,0,0,1,3510,0.6125356125356125,0.21225071225071226,0.040740740740740744,185,0.05405405405405406,0.2972972972972973,0.11351351351351352,0.4486486486486487,0.0972972972972973,0.043243243243243246,20,16,14,433,416.0,1.0,28.866666666666667,13,9325631,717356.2307692308,0.5384615384615384,0.07692307692307693,0.15384615384615385,0.07692307692307693,0.15384615384615385,0.07692307692307693,0.3076923076923077,0.15384615384615385,0.07692307692307693,371,0.08355795148247978,0.1078167115902965,0.1320754716981132,0.08086253369272237,0.1078167115902965,0.25336927223719674,0.07277628032345014,0.16172506738544473,101,0.0594059405940594,0.12871287128712872,0.3564356435643564,0.2079207920792079,0.21782178217821782,0.019801980198019802,0.06930693069306931
U0401,0,0.654381456727618,21,23184252,0,1,0,0,0,0,0,0,0,1,0,0,1,2970,0.5868686868686869,0.19730639730639732,0.029966329966329967,212,0.06132075471698113,0.2971698113207547,0.11320754716981132,0.4481132075471698,0.09905660377358491,0.04245283018867924,19,18,16,430,426.0,2.0,25.294117647058822,18,10623262,590181.2222222222,0.5,0.16666666666666666,0.16666666666666666,0.05555555555555555,0.16666666666666666,0.1111111111111111,0.2222222222222222,0.1111111111111111,0.16666666666666666,244,0.0860655737704918,0.0942622950819672,0.1680327868852459,0.03278688524590164,0.15163934426229508,0.2459016393442623,0.07377049180327869,0.14754098360655737,66,0.06060606060606061,0.10606060606060606,0.3484848484848485,0.09090909090909091,0.3181818181818182,0.0,0.13636363636363635
U0402,1,0.7399977311627162,43,17971820,0,1,0,0,0,0,0,1,0,0,0,1,0,1890,0.5925925925925926,0.24867724867724866,0.04814814814814815,265,0.07169811320754717,0.23773584905660378,0.10943396226415095,0.4867924528301887,0.10943396226415095,0.05660377358490566,17,15,15,381,334.0,1.0,23.8125,17,9859014,579942.0,0.47058823529411764,0.17647058823529413,0.17647058823529413,0.058823529411764705,0.23529411764705882,0.11764705882352941,0.11764705882352941,0.23529411764705882,0.058823529411764705,422,0.06398104265402843,0.1018957345971564,0.15165876777251186,0.08056872037914692,0.11137440758293839,0.1966824644549763,0.1066350710900474,0.1872037914691943,53,0.07547169811320754,0.1320754716981132,0.2830188679245283,0.20754716981132076,0.22641509433962265,0.03773584905660377,0.11320754716981132
U0403,1,0.7932814425349803,36,13977910,0,0,1,0,0,1,0,0,0,0,0,1,0,4860,0.6018518518518519,0.25637860082304526,0.05596707818930041,218,0.045871559633027525,0.23394495412844038,0.12844036697247707,0.4724770642201835,0.10550458715596331,0.05963302752293578,17,17,10,391,435.0,0.0,35.54545454545455,18,10280772,571154.0,0.4444444444444444,0.2777777777777778,0.0,0.16666666666666666,0.05555555555555555,0.1111111111111111,0.16666666666666666,0.16666666666666666,0.3333333333333333,198,0.10606060606060606,0.16666666666666666,0.1717171717171717,0.05555555555555555,0.09090909090909091,0.20707070707070707,0.08080808080808081,0.12121212121212122,79,0.0759493670886076,0.08860759493670886,0.31645569620253167,0.22784810126582278,0.24050632911392406,0.012658227848101266,0.11392405063291139
U0404,0,0.7042406851140701,28,20975607,0,1,0,0,0,1,0,0,0,0,0,0,1,1980,0.5969696969696969,0.1691919191919192,0.024747474747474747,271,0.04059040590405904,0.28413284132841327,0.14760147601476015,0.45018450184501846,0.08856088560885608,0.02952029520295203,21,18,11,487,376.0,3.0,40.583333333333336,12,4765636,397136.3333333333,0.75,0.0,0.25,0.0,0.08333333333333333,0.3333333333333333,0.16666666666666666,0.16666666666666666,0.0,298,0.07046979865771812,0.09060402684563758,0.20469798657718122,0.06375838926174497,0.1476510067114094,0.2080536912751678,0.06711409395973154,0.1476510067114094,60,0.05,0.13333333333333333,0.3333333333333333,0.21666666666666667,0.21666666666666667,0.016666666666666666,0.08333333333333333
U0405,1,0.8550764864212691,52,16330285,1,0,0,0,0,1,0,0,0,0,0,1,0,3150,0.5961904761904762,0.2536507936507936,0.06285714285714286,334,0.0718562874251497,0.2904191616766467,0.11377245508982035,0.4311377245508982,0.11676646706586827,0.04790419161676647,13,12,13,311,464.0,1.0,22.214285714285715,7,4734164,676309.1428571428,0.5714285714285714,0.0,0.2857142857142857,0.2857142857142857,0.14285714285714285,0.14285714285714285,0.14285714285714285,0.0,0.0,228,0.05263157894736842,0.08771929824561403,0.20175438596491227,0.07456140350877193,0.12280701754385964,0.18859649122807018,0.06140350877192982,0.21052631578947367,81,0.1111111111111111,0.04938271604938271,0.30864197530864196,0.2345679012345679,0.345679012345679,0.024691358024691357,0.037037037037037035
U0406,1,0.7486234527742236,26,14030471,0,0,1,0,0,0,0,0,0,1,0,1,0,3510,0.598005698005698,0.23504273504273504,0.05185185185185185,163,0.06134969325153374,0.22085889570552147,0.1656441717791411,0.4233128834355828,0.1411042944785276,0.049079754601226995,16,15,17,334,352.0,0.0,18.555555555555557,23,15742137,684440.7391304348,0.6521739130434783,0.2608695652173913,0.08695652173913043,0.17391304347826086,0.13043478260869565,0.043478260869565216,0.17391304347826086,0.17391304347826086,0.21739130434782608,321,0.08411214953271028,0.09968847352024922,0.14641744548286603,0.06542056074766354,0.13707165109034267,0.23052959501557632,0.09345794392523364,0.14330218068535824,55,0.05454545454545454,0.05454545454545454,0.3090909090909091,0.32727272727272727,0.2545454545454545,0.01818181818181818,0.03636363636363636
U0407,0,0.655821267687452,33,22037887,0,1,0,0,0,0,0,0,0,0,1,0,1,1800,0.6044444444444445,0.19277777777777777,0.021666666666666667,252,0.05555555555555555,0.2896825396825397,0.14682539682539683,0.4246031746031746,0.10317460317460317,0.03571428571428571,20,17,17,532,278.0,1.0,29.555555555555557,18,11796713,655372.9444444445,0.3888888888888889,0.05555555555555555,0.2222222222222222,0.2222222222222222,0.16666666666666666,0.1111111111111111,0.1111111111111111,0.05555555555555555,0.1111111111111111,229,0.06986899563318777,0.07860262008733625,0.14847161572052403,0.05240174672489083,0.17467248908296942,0.22707423580786026,0.0611353711790393,0.18777292576419213,95,0.042105263157894736,0.07368421052631578,0.3894736842105263,0.22105263157894736,0.25263157894736843,0.010526315789473684,0.05263157894736842
U0408,1,0.8136963728006515,45,7553731,1,0,0,0,0,0,0,0,0,0,1,1,0,1890,0.608994708994709,0.317989417989418,0.08518518518518518,189,0.09523809523809523,0.24867724867724866,0.12169312169312169,0.42857142857142855,0.14814814814814814,0.05291005291005291,14,12,11,285,607.0,0.0,23.75,18,12537057,696503.1666666666,0.6111111111111112,0.2222222222222222,0.16666666666666666,0.1111111111111111,0.05555555555555555,0.2222222222222222,0.05555555555555555,0.16666666666666666,0.2222222222222222,281,0.05693950177935943,0.07829181494661921,0.12811387900355872,0.06761565836298933,0.15658362989323843,0.2526690391459075,0.08896797153024912,0.1708185053380783,44,0.13636363636363635,0.045454545454545456,0.3181818181818182,0.1590909090909091,0.29545454545454547,0.045454545454545456,0.13636363636363635
U0409,0,0.8128494912556076,39,16131639,0,0,0,1,0,1,0,0,0,0,0,0,1,2970,0.6121212121212121,0.26531986531986534,0.058922558922558925,277,0.07581227436823104,0.23826714801444043,0.1407942238267148,0.45126353790613716,0.10108303249097472,0.06859205776173286,20,19,22,495,495.0,2.0,21.52173913043478,12,5086812,423901.0,0.5833333333333334,0.0,0.25,0.0,0.3333333333333333,0.0,0.16666666666666666,0.08333333333333333,0.16666666666666666,345,0.06956521739130435,0.0782608695652174,0.15942028985507245,0.057971014492753624,0.12753623188405797,0.25507246376811593,0.09565217391304348,0.1565217391304348,113,0.1415929203539823,0.04424778761061947,0.336283185840708,0.1415929203539823,0.34513274336283184,0.017699115044247787,0.11504424778761062
U0410,1,0.8636362331588358,41,11737502,0,1,0,0,0,0,1,0,0,0,0,1,0,3600,0.6061111111111112,0.25972222222222224,0.05361111111111111,113,0.07964601769911504,0.26548672566371684,0.168141592920354,0.4424778761061947,0.09734513274336283,0.02654867256637168,14,13,10,335,555.0,1.0,30.454545454545453,5,3378775,675755.0,0.6,0.0,0.2,0.2,0.0,0.2,0.0,0.0,0.4,247,0.07692307692307693,0.08906882591093117,0.11740890688259109,0.08097165991902834,0.13360323886639677,0.2591093117408907,0.08502024291497975,0.15789473684210525,73,0.1232876712328767,0.0821917808219178,0.2602739726027397,0.2602739726027397,0.273972602739726,0.0136986301369863,0.1095890410958904
U0411,1,0.769296441997116,26,16552290,0,0,1,0,0,0,1,0,0,0,0,0,1,3240,0.5774691358024692,0.22098765432098766,0.035493827160493825,172,0.05232558139534884,0.27906976744186046,0.11627906976744186,0.5058139534883721,0.06395348837209303,0.03488372093023256,20,18,20,397,358.0,1.0,18.904761904761905,16,11122599,695162.4375,0.5,0.0625,0.125,0.125,0.1875,0.125,0.0625,0.25,0.125,202,0.0891089108910891,0.10891089108910891,0.16831683168316833,0.09405940594059406,0.10891089108910891,0.19306930693069307,0.06435643564356436,0.17326732673267325,59,0.06779661016949153,0.11864406779661017,0.3050847457627119,0.1864406779661017,0.3220338983050847,0.0,0.06779661016949153
U0412,1,0.919382054536147,30,7552713,0,0,0,1,0,0,0,0,0,1,0,1,0,3600,0.6097222222222223,0.31444444444444447,0.08,99,0.06060606060606061,0.29292929292929293,0.09090909090909091,0.43434343434343436,0.16161616161616163,0.020202020202020204,16,15,10,345,442.0,0.0,31.363636363636363,5,5211355,1042271.0,1.0,0.4,0.0,0.2,0.2,0.4,0.0,0.0,0.2,274,0.072992700729927,0.058394160583941604,0.14233576642335766,0.072992700729927,0.14963503649635038,0.26277372262773724,0.12043795620437957,0.12043795620437957,89,0.10112359550561797,0.056179775280898875,0.34831460674157305,0.23595505617977527,0.2696629213483146,0.011235955056179775,0.07865168539325842
U0413,1,0.8601487138412298,36,4283289,0,0,0,0,1,0,1,0,0,0,0,0,1,3510,0.6168091168091168,0.32193732193732194,0.0945868945868946,239,0.08368200836820083,0.29707112970711297,0.12133891213389121,0.4476987447698745,0.08368200836820083,0.0502092050209205,16,15,20,350,497.0,2.0,16.666666666666668,15,11947125,796475.0,0.5333333333333333,0.26666666666666666,0.06666666666666667,0.13333333333333333,0.2,0.06666666666666667,0.06666666666666667,0.2,0.26666666666666666,187,0.053475935828877004,0.06951871657754011,0.1657754010695187,0.11229946524064172,0.11229946524064172,0.21390374331550802,0.13368983957219252,0.13903743315508021,91,0.06593406593406594,0.14285714285714285,0.2857142857142857,0.15384615384615385,0.2967032967032967,0.01098901098901099,0.10989010989010989
U0414,1,0.8642646751174932,21,5975836,0,0,0,0,1,0,0,0,1,0,0,1,0,3240,0.5938271604938271,0.27098765432098765,0.06296296296296296,227,0.06167400881057269,0.28634361233480177,0.14537444933920704,0.44493392070484583,0.09691629955947137,0.02643171806167401,19,15,19,403,464.0,0.0,20.15,14,7605636,543259.7142857143,0.5714285714285714,0.21428571428571427,0.14285714285714285,0.07142857142857142,0.21428571428571427,0.07142857142857142,0.21428571428571427,0.21428571428571427,0.07142857142857142,316,0.056962025316455694,0.11708860759493671,0.1550632911392405,0.07911392405063292,0.14556962025316456,0.2088607594936709,0.0759493670886076,0.16139240506329114,76,0.15789473684210525,0.05263157894736842,0.34210526315789475,0.14473684210526316,0.3026315789473684,0.0,0.15789473684210525
U0415,1,0.8151973883045943,55,9864919,0,0,0,0,1,1,0,0,0,0,0,1,0,2880,0.5975694444444445,0.24513888888888888,0.042708333333333334,174,0.040229885057471264,0.3045977011494253,0.09195402298850575,0.41954022988505746,0.14367816091954022,0.040229885057471264,14,13,9,308,505.0,0.0,30.8,20,8740157,437007.85,0.65,0.35,0.1,0.0,0.25,0.15,0.25,0.1,0.15,259,0.06563706563706563,0.05791505791505792,0.15057915057915058,0.10810810810810811,0.1583011583011583,0.2471042471042471,0.08108108108108109,0.13127413127413126,104,0.04807692307692308,0.09615384615384616,0.28846153846153844,0.22115384615384615,0.2692307692307692,0.04807692307692308,0.07692307692307693
U0416,1,0.8545605726699446,43,16045013,1,0,0,0,0,0,0,1,0,0,0,0,1,3060,0.6287581699346405,0.22058823529411764,0.03986928104575163,223,0.07174887892376682,0.27802690582959644,0.12556053811659193,0.4484304932735426,0.11210762331838565,0.03587443946188341,17,16,10,331,420.0,0.0,30.09090909090909,13,12834054,987234.9230769231,0.6923076923076923,0.23076923076923078,0.0,0.15384615384615385,0.07692307692307693,0.15384615384615385,0.15384615384615385,0.23076923076923078,0.23076923076923078,113,0.07079646017699115,0.07079646017699115,0.12389380530973451,0.04424778761061947,0.21238938053097345,0.22123893805309736,0.09734513274336283,0.1592920353982301,80,0.05,0.075,0.35,0.3,0.2,0.0125,0.0625
U0417,1,0.843645595241625,29,13558631,0,0,0,1,0,0,0,0,0,0,1,1,0,3510,0.6017094017094017,0.256980056980057,0.05868945868945869,228,0.08771929824561403,0.2894736842105263,0.12280701754385964,0.38596491228070173,0.15350877192982457,0.04824561403508772,19,15,18,397,247.0,0.0,20.894736842105264,10,10816290,1081629.0,0.6,0.2,0.2,0.4,0.0,0.1,0.1,0.0,0.2,293,0.07849829351535836,0.09215017064846416,0.16040955631399317,0.08873720136518772,0.14675767918088736,0.2150170648464164,0.08532423208191127,0.13310580204778158,87,0.11494252873563218,0.04597701149425287,0.3563218390804598,0.22988505747126436,0.2988505747126437,0.011494252873563218,0.05747126436781609
U0418,1,0.9198479120335044,51,4285783,0,0,1,0,0,0,1,0,0,0,0,1,0,2340,0.6153846153846154,0.3388888888888889,0.11666666666666667,193,0.10880829015544041,0.23316062176165803,0.09326424870466321,0.44559585492227977,0.12435233160621761,0.10362694300518134,15,15,11,262,338.0,1.0,21.833333333333332,17,8552688,503099.29411764705,0.6470588235294118,0.17647058823529413,0.23529411764705882,0.11764705882352941,0.058823529411764705,0.11764705882352941,0.35294117647058826,0.11764705882352941,0.0,314,0.07006369426751592,0.08280254777070063,0.14331210191082802,0.06687898089171974,0.13694267515923567,0.23248407643312102,0.09872611464968153,0.16878980891719744,95,0.09473684210526316,0.1368421052631579,0.35789473684210527,0.16842105263157894,0.18947368421052632,0.021052631578947368,0.12631578947368421
U0419,0,0.80769486981834,21,17755592,0,1,0,0,0,0,0,0,0,1,0,1,0,3870,0.5981912144702842,0.18191214470284237,0.026614987080103358,158,0.04430379746835443,0.2468354430379747,0.10126582278481013,0.47468354430379744,0.12658227848101267,0.05063291139240506,22,19,18,527,380.0,1.0,27.736842105263158,19,28308509,1489921.5263157894,0.42105263157894735,0.21052631578947367,0.05263157894736842,0.42105263157894735,0.10526315789473684,0.15789473684210525,0.10526315789473684,0.0,0.15789473684210525,429,0.06060606060606061,0.08857808857808858,0.15384615384615385,0.05128205128205128,0.1655011655011655,0.23076923076923078,0.07925407925407925,0.17016317016317017,104,0.038461538461538464,0.10576923076923077,0.375,0.21153846153846154,0.20192307692307693,0.009615384615384616,0.09615384615384616
U0420,0,0.8493970096256425,29,6282015,0,0,0,0,1,0,1,0,0,0,0,0,1,3780,0.5994708994708995,0.30608465608465607,0.07671957671957672,245,0.09387755102040816,0.2571428571428571,0.1346938775510204,0.4857142857142857,0.05714285714285714,0.0653061224489796,13,10,10,252,412.0,0.0,22.90909090909091,17,9550852,561814.8235294118,0.7058823529411765,0.23529411764705882,0.23529411764705882,0.058823529411764705,0.17647058823529413,0.058823529411764705,0.11764705882352941,0.058823529411764705,0.29411764705882354,341,0.05278592375366569,0.06451612903225806,0.19648093841642228,0.10263929618768329,0.093841642228739,0.22580645161290322,0.11143695014662756,0.15249266862170088,118,0.09322033898305085,0.1694915254237288,0.4067796610169492,0.16101694915254236,0.1440677966101695,0.01694915254237288,0.1016949152542373
U0421,0,0.788180027162994,42,17311348,0,1,0,0,0,0,0,1,0,0,0,0,1,2070,0.5942028985507246,0.20628019323671498,0.03140096618357488,236,0.0635593220338983,0.2627118644067797,0.1652542372881356,0.4110169491525424,0.1059322033898305,0.05508474576271186,21,20,25,490,433.0,0.0,18.846153846153847,20,14747046,737352.3,0.6,0.1,0.15,0.25,0.15,0.15,0.1,0.1,0.1,243,0.08641975308641975,0.09465020576131687,0.15637860082304528,0.05761316872427984,0.1440329218106996,0.18930041152263374,0.053497942386831275,0.21810699588477367,71,0.056338028169014086,0.14084507042253522,0.323943661971831,0.18309859154929578,0.29577464788732394,0.014084507042253521,0.04225352112676056
U0422,0,0.5993541698269511,31,22524605,0,1,0,0,0,1,0,0,0,0,0,1,0,2970,0.604040404040404,0.17777777777777778,0.025925925925925925,185,0.05405405405405406,0.34054054054054056,0.12432432432432433,0.3891891891891892,0.0918918918918919,0.05405405405405406,21,20,13,629,500.0,1.0,44.92857142857143,23,17867540,776849.5652173914,0.34782608695652173,0.08695652173913043,0.08695652173913043,0.13043478260869565,0.043478260869565216,0.21739130434782608,0.08695652173913043,0.13043478260869565,0.30434782608695654,307,0.05537459283387622,0.10749185667752444,0.16286644951140064,0.05211726384364821,0.16938110749185667,0.2247557003257329,0.03257328990228013,0.19543973941368079,61,0.03278688524590164,0.09836065573770492,0.39344262295081966,0.18032786885245902,0.2786885245901639,0.0,0.04918032786885246
U0423,1,0.8626851826460732,56,12627629,0,0,1,0,0,0,0,0,1,0,0,0,1,2520,0.6027777777777777,0.25952380952380955,0.05714285714285714,275,0.06545454545454546,0.2727272727272727,0.10909090909090909,0.4727272727272727,0.10545454545454545,0.04,21,15,11,482,497.0,1.0,40.166666666666664,5,5980657,1196131.4,0.6,0.4,0.0,0.4,0.2,0.2,0.0,0.0,0.2,344,0.09302325581395349,0.09302325581395349,0.1511627906976744,0.0755813953488372,0.13662790697674418,0.19186046511627908,0.10465116279069768,0.15406976744186046,65,0.09230769230769231,0.07692307692307693,0.3230769230769231,0.16923076923076924,0.26153846153846155,0.06153846153846154,0.1076923076923077
U0424,1,0.7836269646111422,55,20252542,0,1,0,0,0,1,0,0,0,0,0,0,1,2160,0.5930555555555556,0.1935185185185185,0.028703703703703703,232,0.0603448275862069,0.25,0.12931034482758622,0.4698275862068966,0.08620689655172414,0.06465517241379311,21,19,16,453,606.0,1.0,26.647058823529413,17,14950594,879446.7058823529,0.29411764705882354,0.058823529411764705,0.17647058823529413,0.23529411764705882,0.058823529411764705,0.11764705882352941,0.11764705882352941,0.17647058823529413,0.11764705882352941,192,0.10416666666666667,0.078125,0.15104166666666666,0.06770833333333333,0.125,0.265625,0.06770833333333333,0.140625,118,0.1016949152542373,0.0423728813559322,0.3644067796610169,0.17796610169491525,0.288135593220339,0.00847457627118644,0.11864406779661017
U0425,1,0.7353312196898497,32,15706176,0,0,0,1,0,0,0,0,0,0,1,0,1,2430,0.6168724279835391,0.21851851851851853,0.040329218106995884,257,0.0622568093385214,0.29961089494163423,0.10505836575875487,0.4357976653696498,0.0933852140077821,0.06614785992217899,20,19,18,365,145.0,2.0,19.210526315789473,17,11062741,650749.4705882353,0.4117647058823529,0.17647058823529413,0.17647058823529413,0.17647058823529413,0.11764705882352941,0.17647058823529413,0.17647058823529413,0.058823529411764705,0.11764705882352941,284,0.0528169014084507,0.0880281690140845,0.18309859154929578,0.06338028169014084,0.10915492957746478,0.21830985915492956,0.0880281690140845,0.19718309859154928,28,0.10714285714285714,0.10714285714285714,0.32142857142857145,0.32142857142857145,0.17857142857142858,0.0,0.07142857142857142
U0426,1,0.8645269966074692,52,17041288,1,0,0,0,0,0,0,0,0,1,0,1,0,1800,0.5877777777777777,0.21944444444444444,0.04666666666666667,225,0.057777777777777775,0.25333333333333335,0.11555555555555555,0.49333333333333335,0.06666666666666667,0.07111111111111111,16,13,10,362,450.0,0.0,32.90909090909091,13,10139930,779994.6153846154,0.5384615384615384,0.23076923076923078,0.23076923076923078,0.15384615384615385,0.15384615384615385,0.23076923076923078,0.07692307692307693,0.0,0.15384615384615385,276,0.06884057971014493,0.08333333333333333,0.18478260869565216,0.06521739130434782,0.12681159420289856,0.213768115942029,0.07608695652173914,0.18115942028985507,82,0.08536585365853659,0.036585365853658534,0.2926829268292683,0.2682926829268293,0.3170731707317073,0.012195121951219513,0.07317073170731707
U0427,1,0.7722167003954501,57,9603492,0,0,1,0,0,0,0,1,0,0,0,1,0,3060,0.5836601307189543,0.2568627450980392,0.05555555555555555,210,0.07142857142857142,0.3,0.17142857142857143,0.38571428571428573,0.09523809523809523,0.047619047619047616,16,14,10,333,266.0,6.0,30.272727272727273,17,15878616,934036.2352941176,0.29411764705882354,0.23529411764705882,0.29411764705882354,0.23529411764705882,0.23529411764705882,0.0,0.058823529411764705,0.058823529411764705,0.11764705882352941,469,0.06609808102345416,0.07889125799573561,0.18550106609808104,0.07462686567164178,0.14072494669509594,0.2025586353944563,0.08315565031982942,0.16844349680170576,80,0.0625,0.15,0.4,0.1125,0.1875,0.025,0.125
U0428,1,0.7746562410270147,23,9117272,0,0,1,0,0,1,0,0,0,0,0,0,1,1170,0.6059829059829059,0.3145299145299145,0.07863247863247863,167,0.0718562874251497,0.3592814371257485,0.07784431137724551,0.40119760479041916,0.10179640718562874,0.059880239520958084,17,14,16,352,506.0,2.0,20.705882352941178,13,6008453,462188.6923076923,0.38461538461538464,0.3076923076923077,0.15384615384615385,0.07692307692307693,0.23076923076923078,0.23076923076923078,0.07692307692307693,0.07692307692307693,0.15384615384615385,204,0.09313725490196079,0.08823529411764706,0.08823529411764706,0.049019607843137254,0.14215686274509803,0.2647058823529412,0.11274509803921569,0.16176470588235295,79,0.12658227848101267,0.10126582278481013,0.3291139240506329,0.22784810126582278,0.22784810126582278,0.012658227848101266,0.10126582278481013
U0429,1,0.945988617300478,53,7478178,0,0,1,0,0,0,0,0,0,1,0,0,1,3150,0.6028571428571429,0.2780952380952381,0.07015873015873016,207,0.09178743961352658,0.30434782608695654,0.10628019323671498,0.4251207729468599,0.11594202898550725,0.04830917874396135,15,15,12,274,261.0,2.0,21.076923076923077,18,7935122,440840.1111111111,0.7777777777777778,0.1111111111111111,0.2222222222222222,0.05555555555555555,0.1111111111111111,0.2222222222222222,0.16666666666666666,0.16666666666666666,0.05555555555555555,249,0.0642570281124498,0.10040160642570281,0.14056224899598393,0.08433734939759036,0.1285140562248996,0.20481927710843373,0.11244979919678715,0.1646586345381526,93,0.10752688172043011,0.07526881720430108,0.34408602150537637,0.23655913978494625,0.21505376344086022,0.010752688172043012,0.11827956989247312
U0430,1,0.7383850921952632,58,18478395,0,1,0,0,0,0,1,0,0,0,0,1,0,3330,0.6096096096096096,0.1825825825825826,0.025525525525525526,403,0.052109181141439205,0.27543424317617865,0.14392059553349876,0.4392059553349876,0.08436724565756824,0.05707196029776675,21,19,24,527,385.0,1.0,21.08,12,6306400,525533.3333333334,0.5,0.25,0.08333333333333333,0.16666666666666666,0.25,0.08333333333333333,0.08333333333333333,0.16666666666666666,0.16666666666666666,412,0.07281553398058252,0.10436893203883495,0.16262135922330098,0.03398058252427184,0.16990291262135923,0.220873786407767,0.0703883495145631,0.1650485436893204,100,0.09,0.08,0.39,0.22,0.18,0.01,0.12
U0431,0,0.8507239113005353,26,17556750,0,1,0,0,0,0,0,0,0,0,1,0,1,2070,0.5932367149758454,0.20821256038647343,0.03719806763285024,265,0.06792452830188679,0.30943396226415093,0.14339622641509434,0.3849056603773585,0.11320754716981132,0.04905660377358491,16,14,9,413,369.0,2.0,41.3,16,14025982,876623.875,0.4375,0.0625,0.125,0.0625,0.1875,0.25,0.125,0.1875,0.0625,237,0.08860759493670886,0.10970464135021098,0.1729957805907173,0.06329113924050633,0.12658227848101267,0.16033755274261605,0.06751054852320675,0.2109704641350211,73,0.0547945205479452,0.0958904109589041,0.3013698630136986,0.2054794520547945,0.2602739726027397,0.0273972602739726,0.1095890410958904
U0432,1,0.7676061484388621,32,13620703,1,0,0,0,0,0,0,0,0,0,1,0,1,1800,0.6111111111111112,0.27944444444444444,0.06777777777777778,289,0.0726643598615917,0.29411764705882354,0.1245674740484429,0.4083044982698962,0.10380622837370242,0.06920415224913495,18,16,18,433,562.0,1.0,22.789473684210527,16,24921045,1557565.3125,0.375,0.3125,0.0625,0.5,0.1875,0.0,0.0625,0.0625,0.125,183,0.07650273224043716,0.08196721311475409,0.18032786885245902,0.10382513661202186,0.10382513661202186,0.1912568306010929,0.10382513661202186,0.15846994535519127,88,0.13636363636363635,0.056818181818181816,0.36363636363636365,0.18181818181818182,0.23863636363636365,0.011363636363636364,0.14772727272727273
U0433,1,0.8713823089678433,40,8050519,0,0,1,0,0,1,0,0,0,0,0,1,0,1800,0.6044444444444445,0.31166666666666665,0.08444444444444445,175,0.08571428571428572,0.26857142857142857,0.10857142857142857,0.49142857142857144,0.09714285714285714,0.03428571428571429,15,13,15,348,425.0,1.0,21.75,10,10035809,1003580.9,0.6,0.2,0.0,0.3,0.1,0.1,0.1,0.3,0.1,351,0.05128205128205128,0.07977207977207977,0.16524216524216523,0.07977207977207977,0.15954415954415954,0.21937321937321938,0.11965811965811966,0.12535612535612536,114,0.11403508771929824,0.07017543859649122,0.40350877192982454,0.14912280701754385,0.20175438596491227,0.03508771929824561,0.14035087719298245
U0434,1,0.8487561563375182,56,12959130,0,0,1,0,0,0,0,0,0,1,0,0,1,2250,0.584,0.25955555555555554,0.05733333333333333,214,0.06542056074766354,0.2803738317757009,0.09813084112149532,0.45794392523364486,0.09813084112149532,0.06542056074766354,20,17,23,471,383.0,1.0,19.625,21,13692999,652047.5714285715,0.6666666666666666,0.047619047619047616,0.0,0.14285714285714285,0.0,0.42857142857142855,0.14285714285714285,0.19047619047619047,0.09523809523809523,215,0.05581395348837209,0.10697674418604651,0.18604651162790697,0.06511627906976744,0.13953488372093023,0.19534883720930232,0.07906976744186046,0.17209302325581396,115,0.08695652173913043,0.10434782608695652,0.3652173913043478,0.19130434782608696,0.1826086956521739,0.02608695652173913,0.13043478260869565
U0435,1,0.817214867546807,23,7846591,0,0,0,1,0,0,0,0,0,1,0,0,1,2700,0.6114814814814815,0.2903703703703704,0.06666666666666667,193,0.08808290155440414,0.2694300518134715,0.09326424870466321,0.43523316062176165,0.12953367875647667,0.07253886010362694,16,12,8,311,628.0,1.0,34.55555555555556,17,9708298,571076.3529411765,0.7647058823529411,0.29411764705882354,0.11764705882352941,0.11764705882352941,0.17647058823529413,0.058823529411764705,0.17647058823529413,0.058823529411764705,0.29411764705882354,347,0.06051873198847262,0.08357348703170028,0.1873198847262248,0.08357348703170028,0.11815561959654179,0.1988472622478386,0.11815561959654179,0.14985590778097982,82,0.06097560975609756,0.08536585365853659,0.36585365853658536,0.1951219512195122,0.2804878048780488,0.012195121951219513,0.06097560975609756
U0436,1,0.8316002103536311,47,17545046,0,1,0,0,0,0,0,0,0,1,0,0,1,1890,0.6026455026455027,0.22962962962962963,0.04973544973544974,67,0.04477611940298507,0.26865671641791045,0.1044776119402985,0.47761194029850745,0.11940298507462686,0.029850746268656716,19,19,20,463,264.0,1.0,22.047619047619047,9,4853741,539304.5555555555,0.7777777777777778,0.0,0.1111111111111111,0.0,0.2222222222222222,0.1111111111111111,0.3333333333333333,0.2222222222222222,0.0,242,0.06198347107438017,0.10330578512396695,0.16115702479338842,0.08264462809917356,0.128099173553719,0.23140495867768596,0.06611570247933884,0.1652892561983471,89,0.056179775280898875,0.06741573033707865,0.39325842696629215,0.15730337078651685,0.25842696629213485,0.02247191011235955,0.10112359550561797
U0437,1,0.9016471056264804,52,6042336,0,0,0,0,1,0,0,1,0,0,0,0,1,2790,0.5806451612903226,0.3318996415770609,0.09713261648745519,143,0.0979020979020979,0.1958041958041958,0.15384615384615385,0.5314685314685315,0.06293706293706294,0.055944055944055944,16,15,11,366,405.0,0.0,30.5,9,3681063,409007.0,0.5555555555555556,0.4444444444444444,0.1111111111111111,0.1111111111111111,0.3333333333333333,0.0,0.2222222222222222,0.2222222222222222,0.0,363,0.06060606060606061,0.09641873278236915,0.15702479338842976,0.1046831955922865,0.1184573002754821,0.209366391184573,0.09917355371900827,0.15426997245179064,36,0.05555555555555555,0.027777777777777776,0.4166666666666667,0.1388888888888889,0.2777777777777778,0.05555555555555555,0.08333333333333333
U0438,1,0.908290612180714,42,16052930,1,0,0,0,0,0,0,0,0,0,1,1,0,2880,0.6027777777777777,0.28229166666666666,0.07604166666666666,234,0.07692307692307693,0.3076923076923077,0.1111111111111111,0.43162393162393164,0.08547008547008547,0.0641025641025641,17,15,19,312,501.0,0.0,15.6,13,4774448,367265.23076923075,0.46153846153846156,0.23076923076923078,0.15384615384615385,0.0,0.23076923076923078,0.23076923076923078,0.23076923076923078,0.0,0.15384615384615385,363,0.06336088154269973,0.10192837465564739,0.1652892561983471,0.0881542699724518,0.12396694214876033,0.19559228650137742,0.09090909090909091,0.17079889807162535,78,0.1282051282051282,0.05128205128205128,0.32051282051282054,0.2692307692307692,0.2564102564102564,0.01282051282051282,0.08974358974358974
U0439,1,0.8880558303823564,54,4000000,1,0,0,0,0,0,0,1,0,0,0,0,1,2430,0.5823045267489712,0.28888888888888886,0.08024691358024691,180,0.07777777777777778,0.2833333333333333,0.12777777777777777,0.42777777777777776,0.11666666666666667,0.044444444444444446,16,14,13,338,277.0,1.0,24.142857142857142,14,9009419,643529.9285714285,0.7142857142857143,0.14285714285714285,0.14285714285714285,0.07142857142857142,0.07142857142857142,0.35714285714285715,0.07142857142857142,0.14285714285714285,0.14285714285714285,127,0.07874015748031496,0.09448818897637795,0.09448818897637795,0.031496062992125984,0.09448818897637795,0.3700787401574803,0.10236220472440945,0.13385826771653545,137,0.10948905109489052,0.0364963503649635,0.40145985401459855,0.20437956204379562,0.21897810218978103,0.021897810218978103,0.11678832116788321
U0440,0,0.6171776126687842,25,18181966,0,1,0,0,0,0,0,1,0,0,0,0,1,2610,0.6111111111111112,0.15555555555555556,0.016475095785440614,217,0.059907834101382486,0.22580645161290322,0.11981566820276497,0.4838709677419355,0.1152073732718894,0.055299539170506916,20,17,12,564,610.0,0.0,43.38461538461539,13,8697794,669061.0769230769,0.3076923076923077,0.0,0.15384615384615385,0.0,0.15384615384615385,0.15384615384615385,0.0,0.23076923076923078,0.3076923076923077,264,0.08333333333333333,0.08333333333333333,0.21212121212121213,0.04924242424242424,0.13257575757575757,0.20833333333333334,0.06818181818181818,0.16287878787878787,92,0.05434782608695652,0.10869565217391304,0.33695652173913043,0.25,0.1956521739130435,0.010869565217391304,0.09782608695652174
U0441,1,0.7870671588606263,55,15929656,0,1,0,0,0,0,0,0,0,0,1,1,0,2970,0.5905723905723905,0.2377104377104377,0.04276094276094276,178,0.056179775280898875,0.2640449438202247,0.10674157303370786,0.48314606741573035,0.08426966292134831,0.06179775280898876,19,18,18,512,323.0,2.0,26.94736842105263,5,2225636,445127.2,0.6,0.2,0.2,0.0,0.4,0.0,0.0,0.2,0.2,263,0.09125475285171103,0.07984790874524715,0.1482889733840304,0.06463878326996197,0.12167300380228137,0.26996197718631176,0.07604562737642585,0.1482889733840304,95,0.09473684210526316,0.10526315789473684,0.3157894736842105,0.22105263157894736,0.23157894736842105,0.010526315789473684,0.11578947368421053
U0442,1,0.8118600836717925,42,11497854,0,0,0,1,0,1,0,0,0,0,0,0,1,1890,0.6052910052910053,0.2931216931216931,0.06296296296296296,343,0.06705539358600583,0.27405247813411077,0.12244897959183673,0.44314868804664725,0.09037900874635568,0.06997084548104957,14,12,12,308,452.0,1.0,23.692307692307693,21,14045362,668826.7619047619,0.6190476190476191,0.047619047619047616,0.09523809523809523,0.19047619047619047,0.2857142857142857,0.09523809523809523,0.09523809523809523,0.14285714285714285,0.09523809523809523,331,0.0634441087613293,0.1148036253776435,0.16012084592145015,0.1027190332326284,0.1027190332326284,0.18429003021148035,0.11178247734138973,0.16012084592145015,61,0.09836065573770492,0.04918032786885246,0.36065573770491804,0.18032786885245902,0.26229508196721313,0.01639344262295082,0.13114754098360656
U0443,1,0.801049283484848,29,18217406,0,1,0,0,0,0,0,0,0,0,1,0,1,1800,0.5877777777777777,0.2238888888888889,0.03888888888888889,257,0.054474708171206226,0.29961089494163423,0.14396887159533073,0.42412451361867703,0.0933852140077821,0.038910505836575876,18,17,12,438,269.0,0.0,33.69230769230769,21,17164304,817347.8095238095,0.47619047619047616,0.09523809523809523,0.09523809523809523,0.09523809523809523,0.09523809523809523,0.23809523809523808,0.0,0.14285714285714285,0.3333333333333333,295,0.0847457627118644,0.05423728813559322,0.17627118644067796,0.0711864406779661,0.1288135593220339,0.2135593220338983,0.11864406779661017,0.15254237288135594,80,0.0375,0.0125,0.375,0.25,0.225,0.025,0.1125
U0444,0,0.8324706492075343,50,12992896,0,0,1,0,0,1,0,0,0,0,0,1,0,2520,0.6063492063492063,0.2388888888888889,0.058333333333333334,249,0.08032128514056225,0.24899598393574296,0.14457831325301204,0.4497991967871486,0.10843373493975904,0.04819277108433735,12,11,11,289,365.0,3.0,24.083333333333332,15,9456252,630416.8,0.4,0.13333333333333333,0.2,0.06666666666666667,0.06666666666666667,0.13333333333333333,0.2,0.26666666666666666,0.06666666666666667,358,0.06424581005586592,0.08100558659217877,0.13128491620111732,0.08659217877094973,0.14804469273743018,0.21787709497206703,0.11173184357541899,0.15921787709497207,79,0.0759493670886076,0.0379746835443038,0.31645569620253167,0.189873417721519,0.3291139240506329,0.0,0.12658227848101267
U0445,1,0.8118947203941991,33,16571571,0,1,0,0,0,1,0,0,0,0,0,1,0,1620,0.6135802469135803,0.2222222222222222,0.040740740740740744,228,0.06578947368421052,0.3026315789473684,0.12280701754385964,0.45614035087719296,0.09210526315789473,0.02631578947368421,21,19,17,528,358.0,2.0,29.333333333333332,22,14816272,673466.9090909091,0.5,0.045454545454545456,0.22727272727272727,0.18181818181818182,0.09090909090909091,0.09090909090909091,0.18181818181818182,0.045454545454545456,0.18181818181818182,242,0.07851239669421488,0.07851239669421488,0.1446280991735537,0.0743801652892562,0.128099173553719,0.24793388429752067,0.06198347107438017,0.1859504132231405,92,0.07608695652173914,0.08695652173913043,0.31521739130434784,0.2391304347826087,0.2717391304347826,0.0,0.08695652173913043
U0446,1,0.4558998530138483,31,26843564,0,1,0,0,0,0,0,0,1,0,0,0,1,2700,0.5892592592592593,0.10148148148148148,0.006666666666666667,250,0.032,0.256,0.14,0.432,0.112,0.06,19,17,11,456,665.0,0.0,38.0,24,18719116,779963.1666666666,0.2916666666666667,0.0,0.08333333333333333,0.16666666666666666,0.16666666666666666,0.20833333333333334,0.125,0.125,0.125,258,0.03488372093023256,0.10852713178294573,0.14728682170542637,0.015503875968992248,0.15891472868217055,0.29457364341085274,0.03488372093023256,0.2054263565891473,97,0.05154639175257732,0.1134020618556701,0.30927835051546393,0.20618556701030927,0.24742268041237114,0.020618556701030927,0.10309278350515463
U0447,0,0.9325697853636146,57,9002036,0,0,1,0,0,0,0,0,0,0,1,0,1,1620,0.5858024691358025,0.3030864197530864,0.06790123456790123,223,0.08071748878923767,0.273542600896861,0.09417040358744394,0.45739910313901344,0.10762331838565023,0.06726457399103139,20,18,15,391,415.0,2.0,24.4375,14,7584038,541717.0,0.7857142857142857,0.07142857142857142,0.14285714285714285,0.21428571428571427,0.07142857142857142,0.14285714285714285,0.14285714285714285,0.07142857142857142,0.21428571428571427,276,0.07971014492753623,0.11231884057971014,0.16666666666666666,0.06159420289855073,0.13405797101449277,0.213768115942029,0.07246376811594203,0.15942028985507245,100,0.12,0.09,0.32,0.26,0.24,0.01,0.08
U0448,1,0.7807229729573614,22,21257700,0,1,0,0,0,0,0,1,0,0,0,0,1,3420,0.5894736842105263,0.16257309941520467,0.01929824561403509,189,0.0582010582010582,0.2804232804232804,0.09523809523809523,0.4973544973544973,0.10052910052910052,0.026455026455026454,20,18,13,551,356.0,0.0,39.357142857142854,14,10975272,783948.0,0.5,0.07142857142857142,0.07142857142857142,0.14285714285714285,0.2857142857142857,0.21428571428571427,0.14285714285714285,0.07142857142857142,0.07142857142857142,396,0.07575757575757576,0.10101010101010101,0.1893939393939394,0.06565656565656566,0.1111111111111111,0.22727272727272727,0.07575757575757576,0.15404040404040403,100,0.02,0.08,0.36,0.15,0.3,0.03,0.08
U0449,1,0.8458683808535735,28,13731082,1,0,0,0,0,0,0,0,0,1,0,0,1,2160,0.5925925925925926,0.25,0.05324074074074074,124,0.056451612903225805,0.3064516129032258,0.1532258064516129,0.3629032258064516,0.0967741935483871,0.08064516129032258,17,15,17,345,316.0,2.0,19.166666666666668,10,6349574,634957.4,0.7,0.1,0.3,0.1,0.1,0.0,0.3,0.1,0.1,229,0.07860262008733625,0.08733624454148471,0.13537117903930132,0.06550218340611354,0.13537117903930132,0.2096069868995633,0.11353711790393013,0.17467248908296942,94,0.19148936170212766,0.05319148936170213,0.3404255319148936,0.22340425531914893,0.26595744680851063,0.010638297872340425,0.10638297872340426
U0450,1,0.7296591309107372,33,15772285,0,1,0,0,0,0,0,1,0,0,0,0,1,1890,0.6047619047619047,0.19470899470899472,0.0291005291005291,214,0.056074766355140186,0.308411214953271,0.09345794392523364,0.4485981308411215,0.09813084112149532,0.0514018691588785,15,15,10,379,316.0,0.0,34.45454545454545,15,8989130,599275.3333333334,0.5333333333333333,0.06666666666666667,0.2,0.06666666666666667,0.06666666666666667,0.3333333333333333,0.06666666666666667,0.0,0.26666666666666666,193,0.07772020725388601,0.07772020725388601,0.13471502590673576,0.05699481865284974,0.16580310880829016,0.24352331606217617,0.07253886010362694,0.17098445595854922,97,0.061855670103092786,0.12371134020618557,0.3711340206185567,0.23711340206185566,0.1958762886597938,0.010309278350515464,0.061855670103092786
U0451,0,0.9318654950581848,22,9208183,0,0,0,0,1,1,0,0,0,0,0,0,1,3780,0.6026455026455027,0.3253968253968254,0.09417989417989418,218,0.08256880733944955,0.27522935779816515,0.11926605504587157,0.44036697247706424,0.10550458715596331,0.05963302752293578,14,12,13,309,502.0,3.0,22.071428571428573,19,14973294,788068.1052631579,0.7894736842105263,0.15789473684210525,0.21052631578947367,0.10526315789473684,0.05263157894736842,0.21052631578947367,0.15789473684210525,0.15789473684210525,0.10526315789473684,332,0.06626506024096386,0.08433734939759036,0.1716867469879518,0.11144578313253012,0.09036144578313253,0.2319277108433735,0.0963855421686747,0.14759036144578314,50,0.16,0.2,0.3,0.24,0.2,0.0,0.06
U0452,1,0.8563347372403788,22,14780805,0,1,0,0,0,0,1,0,0,0,0,1,0,3240,0.6058641975308642,0.23641975308641974,0.045987654320987656,230,0.06521739130434782,0.24782608695652175,0.14782608695652175,0.40869565217391307,0.11304347826086956,0.08260869565217391,19,19,26,498,343.0,0.0,18.444444444444443,14,13747663,981975.9285714285,0.6428571428571429,0.07142857142857142,0.2857142857142857,0.14285714285714285,0.0,0.21428571428571427,0.14285714285714285,0.14285714285714285,0.07142857142857142,311,0.10610932475884244,0.06430868167202572,0.15434083601286175,0.05787781350482315,0.12218649517684887,0.22186495176848875,0.07395498392282958,0.19935691318327975,97,0.041237113402061855,0.15463917525773196,0.4020618556701031,0.13402061855670103,0.20618556701030927,0.030927835051546393,0.07216494845360824
U0453,1,0.6735800648997098,21,13385069,0,1,0,0,0,1,0,0,0,0,0,1,0,1980,0.602020202020202,0.2515151515151515,0.05656565656565657,201,0.06467661691542288,0.263681592039801,0.15422885572139303,0.42786069651741293,0.08955223880597014,0.06467661691542288,19,18,16,475,311.0,1.0,27.941176470588236,11,6508031,591639.1818181818,0.2727272727272727,0.18181818181818182,0.0,0.18181818181818182,0.2727272727272727,0.0,0.36363636363636365,0.0,0.18181818181818182,280,0.060714285714285714,0.05714285714285714,0.12142857142857143,0.07857142857142857,0.1357142857142857,0.29642857142857143,0.10714285714285714,0.14285714285714285,60,0.03333333333333333,0.11666666666666667,0.3,0.23333333333333334,0.26666666666666666,0.0,0.08333333333333333
U0454,1,0.8604558791081601,21,5994560,0,0,0,0,1,0,0,1,0,0,0,1,0,2700,0.5966666666666667,0.2937037037037037,0.0737037037037037,236,0.0847457627118644,0.2542372881355932,0.15254237288135594,0.4788135593220339,0.0635593220338983,0.05084745762711865,14,14,12,327,330.0,0.0,25.153846153846153,7,2684977,383568.14285714284,0.2857142857142857,0.2857142857142857,0.0,0.14285714285714285,0.42857142857142855,0.0,0.14285714285714285,0.0,0.2857142857142857,202,0.07920792079207921,0.06435643564356436,0.15841584158415842,0.06930693069306931,0.12871287128712872,0.20297029702970298,0.13366336633663367,0.16336633663366337,79,0.10126582278481013,0.08860759493670886,0.3037974683544304,0.20253164556962025,0.24050632911392406,0.0379746835443038,0.12658227848101267
U0455,1,0.8764706326566757,37,11031113,0,1,0,0,0,0,0,0,0,1,0,1,0,2970,0.6060606060606061,0.2686868686868687,0.061952861952861954,245,0.061224489795918366,0.27346938775510204,0.14285714285714285,0.4204081632653061,0.10612244897959183,0.05714285714285714,19,16,16,396,582.0,0.0,23.294117647058822,14,8920533,637180.9285714285,0.7857142857142857,0.2857142857142857,0.14285714285714285,0.14285714285714285,0.07142857142857142,0.14285714285714285,0.14285714285714285,0.0,0.35714285714285715,271,0.08118081180811808,0.0959409594095941,0.15867158671586715,0.04428044280442804,0.16236162361623616,0.22140221402214022,0.08118081180811808,0.15498154981549817,76,0.07894736842105263,0.05263157894736842,0.3157894736842105,0.18421052631578946,0.2894736842105263,0.039473684210526314,0.11842105263157894
U0456,1,0.6204630578759601,57,22168279,1,0,0,0,0,0,0,0,1,0,0,0,1,2970,0.602020202020202,0.20336700336700336,0.032996632996632996,275,0.05818181818181818,0.24363636363636362,0.11636363636363636,0.48363636363636364,0.10909090909090909,0.04727272727272727,19,17,18,408,335.0,0.0,21.473684210526315,28,21440233,765722.6071428572,0.5357142857142857,0.03571428571428571,0.07142857142857142,0.14285714285714285,0.10714285714285714,0.10714285714285714,0.07142857142857142,0.17857142857142858,0.32142857142857145,518,0.06756756756756757,0.08494208494208494,0.19305019305019305,0.0637065637065637,0.11583011583011583,0.23552123552123552,0.06756756756756757,0.1718146718146718,41,0.0975609756097561,0.0975609756097561,0.2926829268292683,0.1951219512195122,0.3170731707317073,0.04878048780487805,0.04878048780487805
U0457,1,0.7910163810281604,57,14808645,0,0,0,1,0,0,0,0,1,0,0,0,1,1350,0.6259259259259259,0.2088888888888889,0.035555555555555556,160,0.05,0.33125,0.09375,0.45,0.0625,0.0625,19,15,10,480,596.0,0.0,43.63636363636363,10,5100968,510096.8,0.4,0.1,0.2,0.0,0.3,0.1,0.2,0.1,0.1,176,0.07954545454545454,0.10227272727272728,0.20454545454545456,0.0625,0.125,0.16477272727272727,0.11931818181818182,0.14204545454545456,40,0.1,0.025,0.4,0.275,0.15,0.0,0.15
U0458,0,0.8136555347317724,48,11461916,0,0,1,0,0,0,0,0,0,0,1,1,0,1710,0.6169590643274854,0.28596491228070176,0.07953216374269007,201,0.0845771144278607,0.29850746268656714,0.12437810945273632,0.43781094527363185,0.0945273631840796,0.04477611940298507,16,15,13,342,485.0,1.0,24.428571428571427,15,12865918,857727.8666666667,0.5333333333333333,0.06666666666666667,0.06666666666666667,0.26666666666666666,0.13333333333333333,0.2,0.0,0.0,0.3333333333333333,263,0.06844106463878327,0.07604562737642585,0.17490494296577946,0.09125475285171103,0.13688212927756654,0.20532319391634982,0.09505703422053231,0.1520912547528517,70,0.07142857142857142,0.05714285714285714,0.4142857142857143,0.21428571428571427,0.17142857142857143,0.04285714285714286,0.1
U0459,1,0.8888969000143918,44,13531142,1,0,0,0,0,0,1,0,0,0,0,0,1,2520,0.6095238095238096,0.2623015873015873,0.0503968253968254,220,0.05454545454545454,0.2681818181818182,0.1318181818181818,0.4727272727272727,0.06818181818181818,0.05909090909090909,22,21,17,445,124.0,1.0,24.72222222222222,7,5042347,720335.2857142857,0.42857142857142855,0.2857142857142857,0.0,0.14285714285714285,0.14285714285714285,0.0,0.14285714285714285,0.42857142857142855,0.14285714285714285,293,0.051194539249146756,0.11262798634812286,0.16040955631399317,0.09215017064846416,0.11945392491467577,0.20136518771331058,0.08873720136518772,0.17406143344709898,104,0.125,0.038461538461538464,0.4519230769230769,0.16346153846153846,0.25961538461538464,0.0,0.08653846153846154
U0460,1,0.7721485220820785,50,15011843,0,1,0,0,0,1,0,0,0,0,0,1,0,2430,0.6032921810699589,0.2374485596707819,0.044444444444444446,180,0.06111111111111111,0.3111111111111111,0.13333333333333333,0.4166666666666667,0.08888888888888889,0.05,23,21,17,619,334.0,1.0,34.388888888888886,19,19261910,1013784.7368421053,0.5789473684210527,0.05263157894736842,0.05263157894736842,0.15789473684210525,0.15789473684210525,0.21052631578947367,0.05263157894736842,0.10526315789473684,0.2631578947368421,305,0.06229508196721312,0.10163934426229508,0.13442622950819672,0.05245901639344262,0.15737704918032788,0.21967213114754097,0.07540983606557378,0.19672131147540983,91,0.06593406593406594,0.07692307692307693,0.37362637362637363,0.13186813186813187,0.3076923076923077,0.02197802197802198,0.08791208791208792
U0461,1,0.8739517154661655,45,19716531,0,1,0,0,0,0,1,0,0,0,0,1,0,2340,0.6038461538461538,0.2482905982905983,0.051709401709401706,209,0.06698564593301436,0.2631578947368421,0.14832535885167464,0.46411483253588515,0.09569377990430622,0.028708133971291867,17,17,12,395,418.0,0.0,30.384615384615383,18,17794974,988609.6666666666,0.7777777777777778,0.05555555555555555,0.05555555555555555,0.16666666666666666,0.1111111111111111,0.2222222222222222,0.16666666666666666,0.16666666666666666,0.1111111111111111,292,0.08561643835616438,0.07876712328767123,0.1780821917808219,0.0958904109589041,0.13356164383561644,0.2054794520547945,0.04452054794520548,0.1780821917808219,69,0.10144927536231885,0.07246376811594203,0.34782608695652173,0.2318840579710145,0.2028985507246377,0.014492753623188406,0.13043478260869565
U0462,0,0.8341444019505235,44,12572258,0,1,0,0,0,0,0,1,0,0,0,0,1,3330,0.6057057057057057,0.23423423423423423,0.043243243243243246,287,0.05574912891986063,0.31010452961672474,0.10104529616724739,0.42160278745644597,0.09407665505226481,0.07317073170731707,20,20,20,528,386.0,1.0,25.142857142857142,19,15341852,807465.8947368421,0.5263157894736842,0.15789473684210525,0.21052631578947367,0.21052631578947367,0.15789473684210525,0.15789473684210525,0.05263157894736842,0.10526315789473684,0.10526315789473684,185,0.08108108108108109,0.0918918918918919,0.15135135135135136,0.0972972972972973,0.13513513513513514,0.22162162162162163,0.10270270270270271,0.11891891891891893,60,0.08333333333333333,0.016666666666666666,0.36666666666666664,0.23333333333333334,0.18333333333333332,0.016666666666666666,0.18333333333333332
U0463,1,0.898638821058245,34,4000000,0,0,0,0,1,0,0,0,0,1,0,1,0,2250,0.6022222222222222,0.32355555555555554,0.08844444444444445,179,0.08379888268156424,0.26256983240223464,0.15083798882681565,0.4301675977653631,0.11173184357541899,0.0446927374301676,15,13,13,323,500.0,3.0,23.071428571428573,3,1812525,604175.0,0.6666666666666666,0.6666666666666666,0.0,0.0,0.0,0.3333333333333333,0.0,0.6666666666666666,0.0,185,0.06486486486486487,0.0918918918918919,0.1783783783783784,0.07027027027027027,0.10270270270270271,0.21621621621621623,0.12972972972972974,0.14594594594594595,102,0.12745098039215685,0.058823529411764705,0.46078431372549017,0.17647058823529413,0.19607843137254902,0.029411764705882353,0.0784313725490196
U0464,1,0.853590296682989,47,12118774,0,0,1,0,0,0,0,0,0,0,1,1,0,4590,0.6178649237472766,0.29869281045751633,0.07276688453159041,293,0.07167235494880546,0.2354948805460751,0.13310580204778158,0.4334470989761092,0.13993174061433447,0.05802047781569966,17,16,15,380,224.0,1.0,23.75,11,14527250,1320659.0909090908,0.9090909090909091,0.36363636363636365,0.0,0.2727272727272727,0.09090909090909091,0.18181818181818182,0.09090909090909091,0.09090909090909091,0.2727272727272727,182,0.07142857142857142,0.11538461538461539,0.14285714285714285,0.08791208791208792,0.13736263736263737,0.21428571428571427,0.08241758241758242,0.14835164835164835,88,0.14772727272727273,0.056818181818181816,0.3522727272727273,0.2727272727272727,0.2159090909090909,0.011363636363636364,0.09090909090909091
U0465,1,0.6445307366480849,55,22218925,0,1,0,0,0,0,0,0,0,0,1,0,1,2700,0.6066666666666667,0.18037037037037038,0.024814814814814814,124,0.04838709677419355,0.22580645161290322,0.10483870967741936,0.5080645161290323,0.08870967741935484,0.07258064516129033,18,16,17,457,308.0,1.0,25.38888888888889,24,21409932,892080.5,0.4166666666666667,0.08333333333333333,0.20833333333333334,0.125,0.125,0.16666666666666666,0.20833333333333334,0.08333333333333333,0.08333333333333333,398,0.06281407035175879,0.08793969849246232,0.18592964824120603,0.04522613065326633,0.15326633165829145,0.23115577889447236,0.07537688442211055,0.15829145728643215,72,0.05555555555555555,0.09722222222222222,0.4305555555555556,0.1111111111111111,0.2638888888888889,0.013888888888888888,0.08333333333333333
U0466,1,0.895896996528877,25,10121919,0,0,0,0,1,0,0,0,1,0,0,0,1,3150,0.593015873015873,0.293015873015873,0.07777777777777778,338,0.08284023668639054,0.29289940828402367,0.09763313609467456,0.45857988165680474,0.11242603550295859,0.038461538461538464,19,17,12,448,560.0,0.0,34.46153846153846,17,9786852,575697.1764705882,0.5294117647058824,0.47058823529411764,0.058823529411764705,0.11764705882352941,0.23529411764705882,0.11764705882352941,0.23529411764705882,0.17647058823529413,0.058823529411764705,268,0.048507462686567165,0.08955223880597014,0.14925373134328357,0.07835820895522388,0.11567164179104478,0.2537313432835821,0.1417910447761194,0.12313432835820895,89,0.0898876404494382,0.056179775280898875,0.3258426966292135,0.2247191011235955,0.3258426966292135,0.011235955056179775,0.056179775280898875
U0467,1,0.6129473951406574,20,20523898,0,1,0,0,0,0,0,0,0,0,1,0,1,3690,0.5929539295392954,0.1943089430894309,0.03170731707317073,186,0.053763440860215055,0.2956989247311828,0.0913978494623656,0.42473118279569894,0.13440860215053763,0.053763440860215055,19,17,10,516,455.0,1.0,46.90909090909091,13,4468586,343737.3846153846,0.5384615384615384,0.07692307692307693,0.23076923076923078,0.0,0.23076923076923078,0.0,0.23076923076923078,0.07692307692307693,0.23076923076923078,164,0.0975609756097561,0.0975609756097561,0.18902439024390244,0.04878048780487805,0.0975609756097561,0.21341463414634146,0.06097560975609756,0.1951219512195122,68,0.04411764705882353,0.058823529411764705,0.38235294117647056,0.16176470588235295,0.29411764705882354,0.014705882352941176,0.08823529411764706
U0468,1,0.8261737192598564,43,16859424,0,0,0,1,0,1,0,0,0,0,0,0,1,1890,0.5978835978835979,0.2608465608465608,0.05502645502645503,163,0.07975460122699386,0.22699386503067484,0.1165644171779141,0.49693251533742333,0.12269938650306748,0.03680981595092025,19,18,17,459,409.0,2.0,25.5,18,11745892,652549.5555555555,0.6111111111111112,0.1111111111111111,0.1111111111111111,0.05555555555555555,0.2222222222222222,0.16666666666666666,0.2777777777777778,0.1111111111111111,0.05555555555555555,305,0.08524590163934426,0.10491803278688525,0.13442622950819672,0.08196721311475409,0.13442622950819672,0.21639344262295082,0.08852459016393442,0.1540983606557377,103,0.11650485436893204,0.11650485436893204,0.2815533980582524,0.21359223300970873,0.2815533980582524,0.02912621359223301,0.07766990291262135
U0469,1,0.8654277145808684,20,9223242,1,0,0,0,0,1,0,0,0,0,0,0,1,2790,0.5910394265232974,0.28422939068100356,0.07132616487455197,251,0.08366533864541832,0.27091633466135456,0.11155378486055777,0.4541832669322709,0.10358565737051793,0.05976095617529881,17,17,21,298,501.0,1.0,13.545454545454545,5,3852043,770408.6,0.4,0.2,0.0,0.2,0.4,0.2,0.0,0.0,0.2,216,0.08333333333333333,0.09259259259259259,0.14351851851851852,0.0787037037037037,0.1111111111111111,0.2037037037037037,0.1111111111111111,0.17592592592592593,69,0.08695652173913043,0.08695652173913043,0.3188405797101449,0.21739130434782608,0.2463768115942029,0.028985507246376812,0.10144927536231885
U0470,1,0.8711864538365105,26,16464362,0,0,0,1,0,0,0,0,0,1,0,0,1,3240,0.6033950617283951,0.19074074074074074,0.033950617283950615,149,0.04697986577181208,0.3087248322147651,0.12751677852348994,0.4161073825503356,0.09395973154362416,0.053691275167785234,22,21,19,507,535.0,0.0,25.35,25,19742450,789698.0,0.6,0.2,0.04,0.24,0.08,0.12,0.28,0.08,0.16,252,0.06349206349206349,0.10317460317460317,0.2261904761904762,0.08333333333333333,0.1111111111111111,0.23412698412698413,0.04365079365079365,0.1349206349206349,120,0.058333333333333334,0.041666666666666664,0.425,0.15833333333333333,0.25833333333333336,0.008333333333333333,0.10833333333333334
U0471,1,0.5253761821943991,49,27593994,0,1,0,0,0,0,0,1,0,0,0,1,0,2700,0.5996296296296296,0.15296296296296297,0.01,250,0.04,0.316,0.084,0.448,0.096,0.056,22,20,17,570,602.0,0.0,31.666666666666668,15,11014623,734308.2,0.26666666666666666,0.13333333333333333,0.0,0.06666666666666667,0.26666666666666666,0.13333333333333333,0.06666666666666667,0.26666666666666666,0.2,194,0.08247422680412371,0.11855670103092783,0.15979381443298968,0.020618556701030927,0.14432989690721648,0.26288659793814434,0.07731958762886598,0.13402061855670103,114,0.06140350877192982,0.07017543859649122,0.3684210526315789,0.21052631578947367,0.2719298245614035,0.008771929824561403,0.07017543859649122
U0472,1,0.8312208842540849,55,16049179,0,1,0,0,0,1,0,0,0,0,0,1,0,3600,0.6063888888888889,0.25555555555555554,0.05138888888888889,162,0.07407407407407407,0.2777777777777778,0.09259259259259259,0.4382716049382716,0.14814814814814814,0.043209876543209874,19,18,8,430,315.0,0.0,47.77777777777778,15,6263013,417534.2,0.5333333333333333,0.2,0.26666666666666666,0.0,0.13333333333333333,0.0,0.26666666666666666,0.26666666666666666,0.06666666666666667,316,0.060126582278481014,0.12974683544303797,0.1518987341772152,0.07278481012658228,0.11708860759493671,0.24367088607594936,0.09177215189873418,0.13291139240506328,92,0.06521739130434782,0.09782608695652174,0.34782608695652173,0.2608695652173913,0.18478260869565216,0.03260869565217391,0.07608695652173914
U0473,1,0.8015074810201728,58,19691515,0,1,0,0,0,0,0,0,0,1,0,0,1,3060,0.611764705882353,0.2,0.027777777777777776,190,0.05789473684210526,0.2894736842105263,0.16842105263157894,0.4105263157894737,0.07894736842105263,0.05263157894736842,19,18,15,434,318.0,0.0,27.125,16,9580876,598804.75,0.5,0.125,0.0625,0.125,0.0,0.0625,0.25,0.25,0.25,411,0.10218978102189781,0.1192214111922141,0.17761557177615572,0.046228710462287104,0.12165450121654502,0.22871046228710462,0.046228710462287104,0.15815085158150852,72,0.027777777777777776,0.08333333333333333,0.3194444444444444,0.2222222222222222,0.2361111111111111,0.027777777777777776,0.1111111111111111
U0474,1,0.908178039523769,33,9454324,0,0,1,0,0,0,0,0,1,0,0,0,1,3690,0.5856368563685637,0.289159891598916,0.07588075880758807,50,0.06,0.3,0.12,0.38,0.14,0.06,14,13,16,296,332.0,0.0,17.41176470588235,19,16489902,867889.5789473684,0.5263157894736842,0.05263157894736842,0.2631578947368421,0.21052631578947367,0.10526315789473684,0.05263157894736842,0.15789473684210525,0.05263157894736842,0.15789473684210525,311,0.05466237942122187,0.10610932475884244,0.16720257234726688,0.0707395498392283,0.1414790996784566,0.19292604501607716,0.09646302250803858,0.17041800643086816,108,0.1111111111111111,0.06481481481481481,0.32407407407407407,0.25,0.25,0.018518518518518517,0.09259259259259259
U0475,0,0.7624372134877053,31,10906250,1,0,0,0,0,1,0,0,0,0,0,0,1,1890,0.5968253968253968,0.29523809523809524,0.07883597883597884,84,0.10714285714285714,0.3333333333333333,0.11904761904761904,0.38095238095238093,0.10714285714285714,0.05952380952380952,17,15,15,325,458.0,3.0,20.3125,15,10758194,717212.9333333333,0.26666666666666666,0.4,0.2,0.2,0.13333333333333333,0.26666666666666666,0.13333333333333333,0.0,0.06666666666666667,144,0.1111111111111111,0.08333333333333333,0.10416666666666667,0.08333333333333333,0.18055555555555555,0.1875,0.09027777777777778,0.1597222222222222,106,0.05660377358490566,0.05660377358490566,0.36792452830188677,0.18867924528301888,0.2830188679245283,0.02830188679245283,0.07547169811320754
U0476,1,0.884645165799086,28,10163757,0,0,0,1,0,0,0,0,0,1,0,1,0,1440,0.6180555555555556,0.3020833333333333,0.07708333333333334,181,0.0718232044198895,0.30386740331491713,0.143646408839779,0.4143646408839779,0.09392265193370165,0.04419889502762431,15,13,14,367,330.0,1.0,24.466666666666665,15,10422349,694823.2666666667,0.5333333333333333,0.4666666666666667,0.13333333333333333,0.26666666666666666,0.06666666666666667,0.2,0.13333333333333333,0.06666666666666667,0.13333333333333333,217,0.11981566820276497,0.07373271889400922,0.17050691244239632,0.09216589861751152,0.07373271889400922,0.22119815668202766,0.1152073732718894,0.1336405529953917,72,0.1111111111111111,0.09722222222222222,0.4166666666666667,0.20833333333333334,0.16666666666666666,0.041666666666666664,0.06944444444444445
U0477,0,0.7105345240809754,58,12568316,0,0,0,1,0,0,1,0,0,0,0,1,0,3060,0.6104575163398693,0.2238562091503268,0.04934640522875817,195,0.05641025641025641,0.26666666666666666,0.14358974358974358,0.4153846153846154,0.11794871794871795,0.05641025641025641,17,15,10,278,372.0,1.0,25.272727272727273,9,7932876,881430.6666666666,0.6666666666666666,0.2222222222222222,0.4444444444444444,0.2222222222222222,0.1111111111111111,0.1111111111111111,0.0,0.1111111111111111,0.0,187,0.058823529411764705,0.10695187165775401,0.1657754010695187,0.0481283422459893,0.1443850267379679,0.18181818181818182,0.0855614973262032,0.20855614973262032,86,0.05813953488372093,0.1511627906976744,0.26744186046511625,0.1744186046511628,0.23255813953488372,0.08139534883720931,0.09302325581395349
U0478,1,0.9096023682451668,47,8585041,0,0,0,1,0,1,0,0,0,0,0,1,0,3420,0.5961988304093567,0.28888888888888886,0.07222222222222222,150,0.09333333333333334,0.32,0.14666666666666667,0.4066666666666667,0.08,0.04666666666666667,18,16,17,392,390.0,1.0,21.77777777777778,17,14753015,867824.4117647059,0.6470588235294118,0.17647058823529413,0.11764705882352941,0.17647058823529413,0.11764705882352941,0.11764705882352941,0.058823529411764705,0.17647058823529413,0.23529411764705882,306,0.05228758169934641,0.058823529411764705,0.1568627450980392,0.0784313725490196,0.14705882352941177,0.23529411764705882,0.11764705882352941,0.15359477124183007,141,0.1347517730496454,0.10638297872340426,0.3120567375886525,0.19858156028368795,0.24822695035460993,0.028368794326241134,0.10638297872340426
U0479,1,0.7395830455201061,49,19899295,0,1,0,0,0,0,0,0,0,0,1,0,1,3060,0.6045751633986928,0.21666666666666667,0.040522875816993466,292,0.05821917808219178,0.2910958904109589,0.1404109589041096,0.4657534246575342,0.07534246575342465,0.0273972602739726,20,18,20,466,445.0,1.0,22.19047619047619,18,13689651,760536.1666666666,0.3888888888888889,0.1111111111111111,0.1111111111111111,0.05555555555555555,0.16666666666666666,0.16666666666666666,0.1111111111111111,0.16666666666666666,0.2222222222222222,235,0.08085106382978724,0.07234042553191489,0.16595744680851063,0.029787234042553193,0.1574468085106383,0.25957446808510637,0.05531914893617021,0.17872340425531916,93,0.07526881720430108,0.06451612903225806,0.3548387096774194,0.24731182795698925,0.20430107526881722,0.021505376344086023,0.10752688172043011
U0480,0,0.5994624501245642,51,25104349,0,1,0,0,0,0,0,0,0,1,0,1,0,3150,0.5901587301587301,0.13047619047619047,0.011746031746031746,195,0.03076923076923077,0.26153846153846155,0.14871794871794872,0.4461538461538462,0.11282051282051282,0.03076923076923077,22,19,15,649,464.0,2.0,40.5625,9,7815188,868354.2222222222,0.3333333333333333,0.1111111111111111,0.1111111111111111,0.1111111111111111,0.1111111111111111,0.0,0.2222222222222222,0.2222222222222222,0.2222222222222222,331,0.0513595166163142,0.09667673716012085,0.2084592145015106,0.030211480362537766,0.1419939577039275,0.2598187311178248,0.045317220543806644,0.1661631419939577,102,0.029411764705882353,0.11764705882352941,0.24509803921568626,0.20588235294117646,0.2647058823529412,0.0392156862745098,0.12745098039215685
U0481,1,0.7510999536611307,22,16889823,0,1,0,0,0,0,0,1,0,0,0,0,1,2070,0.6086956521739131,0.24202898550724639,0.04541062801932367,317,0.07886435331230283,0.24921135646687698,0.11987381703470032,0.4384858044164038,0.12618296529968454,0.06624605678233439,17,15,22,367,444.0,1.0,15.956521739130435,14,7986817,570486.9285714285,0.5,0.14285714285714285,0.21428571428571427,0.07142857142857142,0.07142857142857142,0.14285714285714285,0.07142857142857142,0.21428571428571427,0.21428571428571427,223,0.08071748878923767,0.11210762331838565,0.20179372197309417,0.05829596412556054,0.1031390134529148,0.25112107623318386,0.05829596412556054,0.13452914798206278,80,0.1,0.075,0.325,0.2125,0.2875,0.0375,0.0625
U0482,1,0.7994368151955725,58,16793591,0,1,0,0,0,0,0,0,0,1,0,1,0,3060,0.5983660130718954,0.19444444444444445,0.036601307189542485,204,0.05392156862745098,0.3333333333333333,0.13725490196078433,0.4166666666666667,0.08823529411764706,0.024509803921568627,17,16,16,389,573.0,2.0,22.88235294117647,15,13814757,920983.8,0.4666666666666667,0.13333333333333333,0.06666666666666667,0.26666666666666666,0.13333333333333333,0.0,0.06666666666666667,0.13333333333333333,0.3333333333333333,174,0.04597701149425287,0.09770114942528736,0.1896551724137931,0.04597701149425287,0.13218390804597702,0.2471264367816092,0.06321839080459771,0.1781609195402299,105,0.08571428571428572,0.05714285714285714,0.3523809523809524,0.24761904761904763,0.23809523809523808,0.02857142857142857,0.0761904761904762
U0483,1,0.6364522751346547,28,21091048,0,0,0,1,0,0,0,1,0,0,0,0,1,2340,0.5867521367521368,0.12991452991452992,0.010256410256410256,268,0.03731343283582089,0.29850746268656714,0.11940298507462686,0.4291044776119403,0.10074626865671642,0.05223880597014925,22,20,22,566,361.0,0.0,24.608695652173914,10,9378019,937801.9,0.3,0.1,0.1,0.2,0.0,0.2,0.2,0.0,0.3,176,0.07386363636363637,0.10227272727272728,0.11931818181818182,0.03977272727272727,0.14204545454545456,0.22727272727272727,0.06818181818181818,0.22727272727272727,83,0.04819277108433735,0.03614457831325301,0.30120481927710846,0.21686746987951808,0.30120481927710846,0.03614457831325301,0.10843373493975904
U0484,1,0.7915370229241968,52,19199517,0,0,0,1,0,0,0,1,0,0,0,0,1,1890,0.6137566137566137,0.16296296296296298,0.02433862433862434,332,0.0572289156626506,0.29819277108433734,0.11144578313253012,0.45481927710843373,0.08132530120481928,0.05421686746987952,20,18,19,447,366.0,0.0,22.35,17,13238144,778714.3529411765,0.5294117647058824,0.058823529411764705,0.11764705882352941,0.23529411764705882,0.23529411764705882,0.11764705882352941,0.058823529411764705,0.11764705882352941,0.11764705882352941,361,0.08587257617728532,0.09141274238227147,0.1523545706371191,0.04155124653739612,0.14958448753462603,0.24376731301939059,0.07202216066481995,0.1634349030470914,47,0.06382978723404255,0.02127659574468085,0.40425531914893614,0.19148936170212766,0.2765957446808511,0.0,0.10638297872340426
U0485,1,0.7902060422524844,45,18165608,0,1,0,0,0,0,0,0,0,1,0,0,1,3060,0.6137254901960785,0.26601307189542484,0.059803921568627454,220,0.08181818181818182,0.2909090909090909,0.1318181818181818,0.45454545454545453,0.08181818181818182,0.04090909090909091,16,14,13,360,525.0,1.0,25.714285714285715,19,14736293,775594.3684210526,0.3684210526315789,0.15789473684210525,0.15789473684210525,0.15789473684210525,0.0,0.05263157894736842,0.15789473684210525,0.2631578947368421,0.21052631578947367,279,0.06451612903225806,0.0931899641577061,0.13261648745519714,0.07168458781362007,0.12903225806451613,0.2078853046594982,0.08243727598566308,0.21863799283154123,82,0.07317073170731707,0.10975609756097561,0.4024390243902439,0.23170731707317074,0.17073170731707318,0.024390243902439025,0.06097560975609756
U0486,1,0.8841700116068912,57,12476956,0,0,0,1,0,0,0,0,0,0,1,1,0,3510,0.603988603988604,0.24786324786324787,0.043874643874643876,215,0.06511627906976744,0.2744186046511628,0.15348837209302327,0.4232558139534884,0.08372093023255814,0.06511627906976744,19,17,18,465,438.0,0.0,24.473684210526315,6,4681522,780253.6666666666,0.6666666666666666,0.16666666666666666,0.0,0.0,0.3333333333333333,0.0,0.16666666666666666,0.3333333333333333,0.16666666666666666,187,0.0748663101604278,0.10160427807486631,0.18181818181818182,0.0855614973262032,0.13903743315508021,0.21390374331550802,0.06417112299465241,0.13903743315508021,98,0.061224489795918366,0.12244897959183673,0.37755102040816324,0.19387755102040816,0.19387755102040816,0.030612244897959183,0.08163265306122448
U0487,1,0.7716471434758312,25,15074475,1,0,0,0,0,0,1,0,0,0,0,1,0,3240,0.5929012345679012,0.25709876543209875,0.05462962962962963,371,0.07277628032345014,0.3045822102425876,0.1078167115902965,0.4420485175202156,0.10512129380053908,0.04043126684636118,20,20,24,508,400.0,0.0,20.32,11,8174006,743091.4545454546,0.45454545454545453,0.18181818181818182,0.0,0.0,0.18181818181818182,0.2727272727272727,0.09090909090909091,0.2727272727272727,0.18181818181818182,383,0.057441253263707574,0.10443864229765012,0.15926892950391644,0.0783289817232376,0.10182767624020887,0.20887728459530025,0.10966057441253264,0.1801566579634465,66,0.12121212121212122,0.12121212121212122,0.25757575757575757,0.24242424242424243,0.25757575757575757,0.015151515151515152,0.10606060606060606
U0488,1,0.827091183684756,28,15602767,1,0,0,0,0,0,0,1,0,0,0,0,1,1170,0.6358974358974359,0.2504273504273504,0.06068376068376068,170,0.07058823529411765,0.21764705882352942,0.11764705882352941,0.48823529411764705,0.11764705882352941,0.058823529411764705,18,18,13,431,383.0,0.0,30.785714285714285,13,4530748,348519.07692307694,0.6923076923076923,0.15384615384615385,0.15384615384615385,0.07692307692307693,0.3076923076923077,0.07692307692307693,0.07692307692307693,0.07692307692307693,0.23076923076923078,196,0.07653061224489796,0.10204081632653061,0.15816326530612246,0.061224489795918366,0.1326530612244898,0.2193877551020408,0.07653061224489796,0.17346938775510204,90,0.16666666666666666,0.03333333333333333,0.26666666666666666,0.23333333333333334,0.23333333333333334,0.03333333333333333,0.2
U0489,1,0.7839863535948185,22,13755130,0,0,0,1,0,1,0,0,0,0,0,1,0,1620,0.5932098765432099,0.26481481481481484,0.05432098765432099,139,0.05755395683453238,0.30935251798561153,0.1079136690647482,0.39568345323741005,0.14388489208633093,0.04316546762589928,19,18,21,400,229.0,1.0,18.181818181818183,16,8002938,500183.625,0.5,0.0625,0.3125,0.0625,0.125,0.0625,0.0625,0.1875,0.1875,306,0.03594771241830065,0.1111111111111111,0.1830065359477124,0.058823529411764705,0.17647058823529413,0.23529411764705882,0.058823529411764705,0.14052287581699346,75,0.04,0.05333333333333334,0.38666666666666666,0.16,0.29333333333333333,0.02666666666666667,0.08
U0490,0,0.7419307900504878,43,16661476,1,0,0,0,0,0,1,0,0,0,0,0,1,2070,0.5908212560386473,0.2135265700483092,0.03816425120772947,178,0.06179775280898876,0.29213483146067415,0.10112359550561797,0.4606741573033708,0.11797752808988764,0.028089887640449437,16,15,12,306,371.0,1.0,23.53846153846154,15,15654708,1043647.2,0.3333333333333333,0.13333333333333333,0.13333333333333333,0.3333333333333333,0.13333333333333333,0.06666666666666667,0.13333333333333333,0.13333333333333333,0.06666666666666667,211,0.061611374407582936,0.061611374407582936,0.1990521327014218,0.052132701421800945,0.15165876777251186,0.1895734597156398,0.10900473933649289,0.17535545023696683,92,0.06521739130434782,0.05434782608695652,0.32608695652173914,0.1956521739130435,0.2608695652173913,0.03260869565217391,0.13043478260869565
U0491,1,0.8587816944555267,29,18550787,0,0,0,1,0,0,1,0,0,0,0,0,1,2700,0.6125925925925926,0.25296296296296295,0.056666666666666664,207,0.07729468599033816,0.2753623188405797,0.09178743961352658,0.46859903381642515,0.12077294685990338,0.043478260869565216,18,18,19,491,399.0,3.0,24.55,27,16229333,601086.4074074074,0.5185185185185185,0.07407407407407407,0.14814814814814814,0.1111111111111111,0.14814814814814814,0.037037037037037035,0.14814814814814814,0.25925925925925924,0.14814814814814814,498,0.06626506024096386,0.0823293172690763,0.15461847389558234,0.06827309236947791,0.142570281124498,0.22690763052208834,0.07028112449799197,0.18875502008032127,74,0.08108108108108109,0.12162162162162163,0.4189189189189189,0.1891891891891892,0.12162162162162163,0.013513513513513514,0.13513513513513514
U0492,1,0.8338709308065437,22,14151204,0,1,0,0,0,0,0,1,0,0,0,1,0,1350,0.5918518518518519,0.2659259259259259,0.05703703703703704,121,0.049586776859504134,0.2396694214876033,0.1487603305785124,0.4380165289256198,0.1652892561983471,0.008264462809917356,19,13,17,376,309.0,1.0,20.88888888888889,12,8195277,682939.75,0.5,0.3333333333333333,0.16666666666666666,0.16666666666666666,0.08333333333333333,0.16666666666666666,0.16666666666666666,0.16666666666666666,0.08333333333333333,350,0.09142857142857143,0.09142857142857143,0.15714285714285714,0.06857142857142857,0.14857142857142858,0.2057142857142857,0.09142857142857143,0.1457142857142857,99,0.12121212121212122,0.0707070707070707,0.30303030303030304,0.16161616161616163,0.30303030303030304,0.0,0.16161616161616163
U0493,1,0.7949597693978833,58,19638544,0,1,0,0,0,0,0,0,0,0,1,1,0,1170,0.6111111111111112,0.2299145299145299,0.04358974358974359,226,0.07964601769911504,0.23893805309734514,0.13274336283185842,0.4557522123893805,0.11061946902654868,0.061946902654867256,20,17,13,414,442.0,1.0,29.571428571428573,22,16540882,751858.2727272727,0.6363636363636364,0.13636363636363635,0.22727272727272727,0.09090909090909091,0.09090909090909091,0.13636363636363635,0.09090909090909091,0.18181818181818182,0.18181818181818182,345,0.07246376811594203,0.10144927536231885,0.16231884057971013,0.08405797101449275,0.1391304347826087,0.19420289855072465,0.0927536231884058,0.1536231884057971,48,0.08333333333333333,0.0625,0.375,0.22916666666666666,0.1875,0.020833333333333332,0.125
U0494,1,0.7698975609221991,47,18150505,0,1,0,0,0,0,0,1,0,0,0,1,0,1800,0.5933333333333334,0.27166666666666667,0.06111111111111111,164,0.07926829268292683,0.2926829268292683,0.0975609756097561,0.47560975609756095,0.09146341463414634,0.042682926829268296,14,14,12,318,600.0,1.0,24.46153846153846,11,6354870,577715.4545454546,0.36363636363636365,0.2727272727272727,0.18181818181818182,0.09090909090909091,0.09090909090909091,0.18181818181818182,0.18181818181818182,0.09090909090909091,0.18181818181818182,225,0.09333333333333334,0.10222222222222223,0.15555555555555556,0.04888888888888889,0.18222222222222223,0.19555555555555557,0.09333333333333334,0.1288888888888889,62,0.08064516129032258,0.03225806451612903,0.2903225806451613,0.20967741935483872,0.3548387096774194,0.016129032258064516,0.0967741935483871
U0495,1,0.9370313214468338,44,6946815,0,0,0,0,1,0,0,0,1,0,0,1,0,3060,0.607516339869281,0.3323529411764706,0.09379084967320261,178,0.07865168539325842,0.2808988764044944,0.12921348314606743,0.4157303370786517,0.11797752808988764,0.056179775280898875,15,14,8,359,561.0,0.0,39.888888888888886,20,12620894,631044.7,0.55,0.15,0.1,0.0,0.2,0.2,0.15,0.15,0.2,149,0.06040268456375839,0.06711409395973154,0.14093959731543623,0.08053691275167785,0.10067114093959731,0.2953020134228188,0.1342281879194631,0.12080536912751678,65,0.06153846153846154,0.03076923076923077,0.3230769230769231,0.23076923076923078,0.2923076923076923,0.046153846153846156,0.07692307692307693
U0496,1,0.9007596665835136,49,12002566,0,0,1,0,0,0,0,0,0,1,0,0,1,1800,0.6138888888888889,0.31,0.07777777777777778,148,0.08783783783783784,0.25675675675675674,0.13513513513513514,0.46621621621621623,0.10135135135135136,0.04054054054054054,14,12,7,312,297.0,1.0,39.0,14,13219347,944239.0714285715,0.6428571428571429,0.5,0.21428571428571427,0.21428571428571427,0.21428571428571427,0.0,0.07142857142857142,0.14285714285714285,0.14285714285714285,401,0.06733167082294264,0.08728179551122195,0.17955112219451372,0.08728179551122195,0.13466334164588528,0.22693266832917705,0.07231920199501247,0.14463840399002495,72,0.16666666666666666,0.06944444444444445,0.3055555555555556,0.18055555555555555,0.2916666666666667,0.013888888888888888,0.1388888888888889
U0497,1,0.7515971806266956,31,17253462,0,0,0,1,0,0,0,1,0,0,0,0,1,1530,0.6176470588235294,0.19477124183006536,0.02679738562091503,272,0.0661764705882353,0.27941176470588236,0.11029411764705882,0.47794117647058826,0.07352941176470588,0.058823529411764705,19,17,11,407,423.0,1.0,33.916666666666664,17,14591066,858298.0,0.47058823529411764,0.11764705882352941,0.29411764705882354,0.058823529411764705,0.17647058823529413,0.17647058823529413,0.0,0.23529411764705882,0.058823529411764705,88,0.056818181818181816,0.07954545454545454,0.10227272727272728,0.07954545454545454,0.18181818181818182,0.2159090909090909,0.125,0.1590909090909091,54,0.037037037037037035,0.05555555555555555,0.4074074074074074,0.25925925925925924,0.18518518518518517,0.0,0.09259259259259259
U0498,0,0.7255573580149708,24,19044707,0,1,0,0,0,0,0,0,1,0,0,1,0,2340,0.6141025641025641,0.17136752136752137,0.02094017094017094,179,0.055865921787709494,0.3240223463687151,0.10614525139664804,0.39106145251396646,0.11173184357541899,0.0670391061452514,20,19,16,485,257.0,1.0,28.529411764705884,21,16176507,770309.8571428572,0.3333333333333333,0.09523809523809523,0.047619047619047616,0.09523809523809523,0.09523809523809523,0.19047619047619047,0.14285714285714285,0.14285714285714285,0.2857142857142857,156,0.08974358974358974,0.08974358974358974,0.14743589743589744,0.057692307692307696,0.08333333333333333,0.2692307692307692,0.057692307692307696,0.20512820512820512,80,0.075,0.0875,0.3375,0.1625,0.3375,0.0125,0.0625
U0499,1,0.7624445047162202,52,12499748,0,1,0,0,0,0,0,1,0,0,0,0,1,3420,0.5997076023391813,0.2801169590643275,0.06900584795321638,284,0.07394366197183098,0.25704225352112675,0.13380281690140844,0.5,0.06338028169014084,0.045774647887323945,15,14,17,275,354.0,0.0,15.277777777777779,11,8725287,793207.9090909091,0.7272727272727273,0.36363636363636365,0.09090909090909091,0.09090909090909091,0.18181818181818182,0.18181818181818182,0.18181818181818182,0.09090909090909091,0.18181818181818182,427,0.0702576112412178,0.07728337236533958,0.14988290398126464,0.05620608899297424,0.1358313817330211,0.26697892271662765,0.0936768149882904,0.14988290398126464,98,0.09183673469387756,0.061224489795918366,0.3673469387755102,0.2653061224489796,0.20408163265306123,0.02040816326530612,0.08163265306122448
U0500,1,0.7858915185407132,58,18529391,0,1,0,0,0,0,0,1,0,0,0,1,0,2250,0.6022222222222222,0.22133333333333333,0.04,200,0.055,0.27,0.13,0.505,0.065,0.03,15,14,14,361,536.0,1.0,24.066666666666666,10,7082691,708269.1,0.7,0.2,0.0,0.1,0.3,0.0,0.3,0.2,0.1,313,0.0926517571884984,0.08626198083067092,0.19169329073482427,0.025559105431309903,0.134185303514377,0.2939297124600639,0.06070287539936102,0.11501597444089456,72,0.041666666666666664,0.08333333333333333,0.3472222222222222,0.16666666666666666,0.2222222222222222,0.041666666666666664,0.1388888888888889
